Policy_Type_ID,Policy_Type,Cover_Name,Cover_Type_Name,Cover_Sequence,Mandatory,Input_Type,Org.
20309,Accident,,,,,,
20303,Accident,,,,,,
18554,Accident Guard Plus – Protect,Personal Accident,Basic,1,Yes,TEXTAREA,IIRM India
18554,Accident Guard Plus – Protect,Others,Asset,2,No,TEXTAREA,IIRM India
20887,Accident Guard Plus – Protect,,,,,,
18544,Agricultural Pumpset Insurance Policy (Micro),Micro / Agriculture,Basic,1,Yes,TEXTAREA,IIRM India
18544,Agricultural Pumpset Insurance Policy (Micro),Others,Asset,2,No,TEXTAREA,IIRM India
20878,Agricultural Pumpset Insurance Policy (Micro),,,,,,
3203,All Risk Policy,Nature of property to be covered,Asset,1,Yes,TEXTAREA,IIRM India
3203,All Risk Policy,Total Sum Insured,Asset,2,Yes,TEXTAREA,IIRM India
3203,All Risk Policy,"Fire & Allied Perils, Inclusive of Earthquake",Basic,3,Yes,DROPDOWN,IIRM India
3203,All Risk Policy,Burglary with Theft extension,Basic,4,Yes,DROPDOWN,IIRM India
3203,All Risk Policy,Electrical & Mechanical Breakdown,Basic,5,Yes,TEXT,IIRM India
3203,All Risk Policy,Accidental Damage,Add On,6,Yes,DROPDOWN,IIRM India
3203,All Risk Policy,RSMD,Add On,7,Yes,DROPDOWN,IIRM India
3203,All Risk Policy,Terrorism,Basic,8,Yes,TEXT,IIRM India
3203,All Risk Policy,Coverage whilst in transit as accompanied baggage,Add On,9,Yes,DROPDOWN,IIRM India
3203,All Risk Policy,Basis of valuation,Asset,10,Yes,DROPDOWN,IIRM India
3203,All Risk Policy,Geographical Limit,Basic,11,Yes,DROPDOWN,IIRM India
3203,All Risk Policy,Excess/Deductible,Deductable / copay,12,Yes,TEXTAREA,IIRM India
3203,All Risk Policy,Claim Status incl Nature of claims,Asset,13,Yes,TEXTAREA,IIRM India
3203,All Risk Policy,Waiver of Under Insurance,Add On,14,Yes,TEXTAREA,IIRM India
3203,All Risk Policy,Terms & Conditions,Add On,15,Yes,TEXTAREA,IIRM India
20769,All_Risk_Insurance,,,,,,
20304,Aviation,,,,,,
20310,Aviation,,,,,,
18167,Aviation Hull All Risk Insurance,Sum Insured,Asset,1,Yes,TEXTAREA,IIRM India
18167,Aviation Hull All Risk Insurance,Aircraft Model,Asset,2,Yes,TEXTAREA,IIRM India
18167,Aviation Hull All Risk Insurance,Year of Mfg,Asset,3,Yes,TEXTAREA,IIRM India
18167,Aviation Hull All Risk Insurance,Reg. No. / MSN,Asset,4,Yes,TEXTAREA,IIRM India
18167,Aviation Hull All Risk Insurance,Declared Seating Capacity,Asset,5,Yes,TEXTAREA,IIRM India
18167,Aviation Hull All Risk Insurance,Aircraft & Engine Value Equipment Value,Asset,6,Yes,TEXTAREA,IIRM India
18167,Aviation Hull All Risk Insurance,Engine Sr. No,Asset,7,Yes,TEXTAREA,IIRM India
18167,Aviation Hull All Risk Insurance,Engine Type,Asset,8,Yes,TEXTAREA,IIRM India
18167,Aviation Hull All Risk Insurance,Passenger Liability,Add On,9,Yes,TEXTAREA,IIRM India
18167,Aviation Hull All Risk Insurance,Geographical Limits,Asset,10,Yes,TEXTAREA,IIRM India
18167,Aviation Hull All Risk Insurance,Third Party Legal Liability (Bodily Injury / Property Damage / Personal Injury),Add On,11,Yes,TEXTAREA,IIRM India
18167,Aviation Hull All Risk Insurance,Other Terms and Conditions,Add On,12,Yes,TEXTAREA,IIRM India
18167,Aviation Hull All Risk Insurance,Deductibles,Asset,13,Yes,TEXTAREA,IIRM India
18591,Aviation Hull War & Allied Risks Insurance,Aviation – Hull / War,Basic,1,Yes,TEXTAREA,IIRM India
18591,Aviation Hull War & Allied Risks Insurance,Others,Asset,2,No,TEXTAREA,IIRM India
20911,Aviation Hull War & Allied Risks Insurance,,,,,,
18551,Baggage Insurance,Travel – Baggage,Basic,1,Yes,TEXTAREA,IIRM India
18551,Baggage Insurance,Others,Asset,2,No,TEXTAREA,IIRM India
20885,Baggage Insurance,,,,,,
18514,Bank Locker Protector Policy,Liability – Bank / Customer Property,Basic,1,Yes,TEXTAREA,IIRM India
18514,Bank Locker Protector Policy,Others,Asset,2,No,TEXTAREA,IIRM India
20675,Bank Locker Protector Policy,,,,,,
18509,Bankers Indemnity Insurance,Liability – Financial Institutions,Basic,1,Yes,TEXTAREA,IIRM India
18509,Bankers Indemnity Insurance,Others,Asset,2,No,TEXTAREA,IIRM India
20672,Bankers Indemnity Insurance,,,,,,
15001,Bharat Laghu Udyam Suraksha (BLUS),STFI,Basic,1,Yes,TEXTAREA,IIRM India
15001,Bharat Laghu Udyam Suraksha (BLUS),Earthquake ,Basic,2,Yes,TEXTAREA,IIRM India
15001,Bharat Laghu Udyam Suraksha (BLUS),TERRORISM,Asset,3,Yes,TEXTAREA,IIRM India
15001,Bharat Laghu Udyam Suraksha (BLUS),Nominated Surveyor and loss assessor Clause,Basic,4,Yes,TEXTAREA,IIRM India
15001,Bharat Laghu Udyam Suraksha (BLUS),Designation of Property Clause,Basic,5,Yes,TEXTAREA,IIRM India
15001,Bharat Laghu Udyam Suraksha (BLUS),Goods Held in Trust & Commission Clause,Basic,6,Yes,TEXTAREA,IIRM India
15001,Bharat Laghu Udyam Suraksha (BLUS),Money,Basic,7,Yes,TEXTAREA,IIRM India
15001,Bharat Laghu Udyam Suraksha (BLUS),"Deeds, manuscripts and business books, plans, drawings, securiti es etc-",Basic,8,Yes,TEXTAREA,IIRM India
15001,Bharat Laghu Udyam Suraksha (BLUS),"Computer programmes, informati on limited to cost of material and clericallabour",Basic,9,Yes,TEXTAREA,IIRM India
15001,Bharat Laghu Udyam Suraksha (BLUS),"Personal eff ects of employees, Directors and visitors upto `15,000 (RupeesFift een Thousand) per person for a maximum of 20 persons during thepolicy period.",Basic,10,Yes,TEXTAREA,IIRM India
15001,Bharat Laghu Udyam Suraksha (BLUS),"Additi ons, Alterati ons, Extensions",Basic,11,Yes,TEXTAREA,IIRM India
15001,Bharat Laghu Udyam Suraksha (BLUS),Temporary Removal of Stocks,Basic,12,Yes,TEXTAREA,IIRM India
15001,Bharat Laghu Udyam Suraksha (BLUS),Start up Expenses,Basic,13,Yes,TEXTAREA,IIRM India
15001,Bharat Laghu Udyam Suraksha (BLUS),"Professional Fees - towards architect, surveyor, consulti ng engineer fees",Basic,14,Yes,TEXTAREA,IIRM India
15001,Bharat Laghu Udyam Suraksha (BLUS),Clearance and removal of Debris clause,Basic,15,Yes,TEXTAREA,IIRM India
15001,Bharat Laghu Udyam Suraksha (BLUS),Costs compelled by Municipal Regulati ons,Basic,16,Yes,TEXTAREA,IIRM India
15001,Bharat Laghu Udyam Suraksha (BLUS),Waiver of Underinsurance,Basic,17,Yes,TEXTAREA,IIRM India
15001,Bharat Laghu Udyam Suraksha (BLUS),Stocks on Floater basis,Basic,18,Yes,TEXTAREA,IIRM India
15001,Bharat Laghu Udyam Suraksha (BLUS),Other Terms,Basic,19,Yes,TEXTAREA,IIRM India
15002,Bharat Sookshma Udyam Suraksha (BSUS),STFI,Basic,1,Yes,TEXTAREA,IIRM India
15002,Bharat Sookshma Udyam Suraksha (BSUS),Earthquake ,Basic,2,Yes,TEXTAREA,IIRM India
15002,Bharat Sookshma Udyam Suraksha (BSUS),TERRORISM,Asset,3,Yes,TEXTAREA,IIRM India
15002,Bharat Sookshma Udyam Suraksha (BSUS),Nominated Surveyor and loss assessor Clause,Basic,4,Yes,TEXTAREA,IIRM India
15002,Bharat Sookshma Udyam Suraksha (BSUS),Designation of Property Clause,Basic,5,Yes,TEXTAREA,IIRM India
15002,Bharat Sookshma Udyam Suraksha (BSUS),Goods Held in Trust & Commission Clause,Basic,6,Yes,TEXTAREA,IIRM India
15002,Bharat Sookshma Udyam Suraksha (BSUS),Money,Basic,7,Yes,TEXTAREA,IIRM India
15002,Bharat Sookshma Udyam Suraksha (BSUS),"Deeds, manuscripts and business books, plans, drawings, securiti es etc-",Basic,8,Yes,TEXTAREA,IIRM India
15002,Bharat Sookshma Udyam Suraksha (BSUS),"Computer programmes, informati on limited to cost of material and clericallabour",Basic,9,Yes,TEXTAREA,IIRM India
15002,Bharat Sookshma Udyam Suraksha (BSUS),"Personal eff ects of employees, Directors and visitors upto `15,000 (RupeesFift een Thousand) per person for a maximum of 20 persons during thepolicy period.",Basic,10,Yes,TEXTAREA,IIRM India
15002,Bharat Sookshma Udyam Suraksha (BSUS),"Additi ons, Alterati ons, Extensions",Basic,11,Yes,TEXTAREA,IIRM India
15002,Bharat Sookshma Udyam Suraksha (BSUS),Temporary Removal of Stocks,Basic,12,Yes,TEXTAREA,IIRM India
15002,Bharat Sookshma Udyam Suraksha (BSUS),Start up Expenses,Basic,13,Yes,TEXTAREA,IIRM India
15002,Bharat Sookshma Udyam Suraksha (BSUS),"Professional Fees - towards architect, surveyor, consulti ng engineer fees",Basic,14,Yes,TEXTAREA,IIRM India
15002,Bharat Sookshma Udyam Suraksha (BSUS),Clearance and removal of Debris clause,Basic,15,Yes,TEXTAREA,IIRM India
15002,Bharat Sookshma Udyam Suraksha (BSUS),Costs compelled by Municipal Regulati ons,Basic,16,Yes,TEXTAREA,IIRM India
15002,Bharat Sookshma Udyam Suraksha (BSUS),Waiver of Underinsurance,Basic,17,Yes,TEXTAREA,IIRM India
15002,Bharat Sookshma Udyam Suraksha (BSUS),Stocks on Floater basis,Basic,18,Yes,TEXTAREA,IIRM India
15002,Bharat Sookshma Udyam Suraksha (BSUS),Other Terms,Basic,19,Yes,TEXTAREA,IIRM India
18563,Bharat Suraksha Bima – Kharif,Agriculture / Crop,Basic,1,Yes,TEXTAREA,IIRM India
18563,Bharat Suraksha Bima – Kharif,Others,Asset,2,No,TEXTAREA,IIRM India
20896,Bharat Suraksha Bima – Kharif,,,,,,
18570,Bharat Suraksha Bima – Rabi,Agriculture / Crop,Basic,1,Yes,TEXTAREA,IIRM India
18570,Bharat Suraksha Bima – Rabi,Others,Asset,2,No,TEXTAREA,IIRM India
20903,Bharat Suraksha Bima – Rabi,,,,,,
20764,Bharat_Laghu_Udyam_Suraksha,,,,,,
20767,Bharat_Sookshma_Udyam_Suraksha,,,,,,
20771,Bharat__Griha_Raksha,,,,,,
18580,Boiler & Pressure Plant Insurance,Engineering – Boiler & Pressure Plant,Basic,1,Yes,TEXTAREA,IIRM India
18580,Boiler & Pressure Plant Insurance,Others,Asset,2,No,TEXTAREA,IIRM India
20683,Boiler & Pressure Plant Insurance,,,,,,
30009,Boiler & pressure Vessels,Occupation,Asset,4,Yes,TEXT,IIRM Sri Lanka
30009,Boiler & pressure Vessels,Section I,Asset,6,Yes,TEXT,IIRM Sri Lanka
30009,Boiler & pressure Vessels,Description,Asset,7,Yes,TEXT,IIRM Sri Lanka
30009,Boiler & pressure Vessels,Boiler Value,Asset,8,Yes,TEXTAREA,IIRM Sri Lanka
30009,Boiler & pressure Vessels,Own surrounding property,Asset,9,Yes,TEXTAREA,IIRM Sri Lanka
30009,Boiler & pressure Vessels,Sub Total,Asset,10,Yes,TEXTAREA,IIRM Sri Lanka
30009,Boiler & pressure Vessels,Section II,Asset,11,Yes,TEXT,IIRM Sri Lanka
30009,Boiler & pressure Vessels,Description,Asset,12,Yes,TEXT,IIRM Sri Lanka
30009,Boiler & pressure Vessels,Limit of Liability - Per event/ in the aggregate,Asset,13,Yes,TEXTAREA,IIRM Sri Lanka
30009,Boiler & pressure Vessels,Grand Total,Asset,14,Yes,TEXTAREA,IIRM Sri Lanka
30009,Boiler & pressure Vessels,Scope of Cover,Asset,15,Yes,TEXT,IIRM Sri Lanka
30009,Boiler & pressure Vessels,Section I,Asset,16,Yes,TEXT,IIRM Sri Lanka
30009,Boiler & pressure Vessels,Loss or Damage (other than by fire) to the Boilers and or other Pressure Plant,Basic,17,Yes,TEXTAREA,IIRM Sri Lanka
30009,Boiler & pressure Vessels,Loss or Damage (other than by fire) caused by and solely due to explosion or collapse by any boiler or pressure vessel (described in the schedule) whilst in the course or ordinary working to surrounding property of the insured or to property held by the insured in trust or on commission or for which insured is responsible,Basic,18,Yes,TEXTAREA,IIRM Sri Lanka
30009,Boiler & pressure Vessels,Section II,Asset,19,Yes,TEXT,IIRM Sri Lanka
30009,Boiler & pressure Vessels,Death of or bodily injury to any person (other than a person under a contract of service or apprenticeship with the Insured sustaining death or bodily injury which arises out of and in the course of employment with the Insured) caused by and solely due to explosion or collapse of any boiler or pressure vessel described in the Schedule whilst in the course or ordinary working,Basic,20,Yes,TEXTAREA,IIRM Sri Lanka
30009,Boiler & pressure Vessels,Damage to property not belonging to the Insured nor held in trust or on commission nor for which insured is responsible caused by and solely due to explosion or collapse of any boiler or pressure vessel described in the Schedule whilst in the course or ordinary working,Basic,21,Yes,TEXTAREA,IIRM Sri Lanka
30009,Boiler & pressure Vessels,Deductibles/ Excess,Basic,22,Yes,TEXTAREA,IIRM Sri Lanka
30009,Boiler & pressure Vessels,All other claims,Basic,23,Yes,TEXTAREA,IIRM Sri Lanka
30009,Boiler & pressure Vessels,Premium LKR,Basic,24,Yes,TEXT,IIRM Sri Lanka
30009,Boiler & pressure Vessels,Premium Exc. Taxes,Asset,25,Yes,TEXTAREA,IIRM Sri Lanka
30009,Boiler & pressure Vessels,Premium including Taxes,Asset,26,Yes,TEXTAREA,IIRM Sri Lanka
30009,Boiler & pressure Vessels,Warranties,Basic,27,Yes,TEXTAREA,IIRM Sri Lanka
30009,Boiler & pressure Vessels,Conditions,Basic,28,Yes,TEXTAREA,IIRM Sri Lanka
30009,Boiler & pressure Vessels,Exclusions,Basic,29,Yes,TEXTAREA,IIRM Sri Lanka
30009,Boiler & pressure Vessels,Subjectivities,Basic,30,Yes,TEXTAREA,IIRM Sri Lanka
30009,Boiler & pressure Vessels,Past Claims,Basic,31,Yes,TEXTAREA,IIRM Sri Lanka
20311,Bond,,,,,,
20305,Bond,,,,,,
18521,Burglary & Housebreaking Insurance,Other terms & coverages,Basic,1,Yes,TEXTAREA,IIRM India
18521,Burglary & Housebreaking Insurance,Others,Asset,3,No,TEXTAREA,IIRM India
20860,Burglary & Housebreaking Insurance,,,,,,
4630,Burglary & Theft Insurance,Risk Locations,Asset,1,Yes,TEXTAREA,IIRM India
4630,Burglary & Theft Insurance,Occupancy of each and every location,Asset,2,Yes,TEXTAREA,IIRM India
4630,Burglary & Theft Insurance,Property To be covered,Asset,3,Yes,TEXTAREA,IIRM India
4630,Burglary & Theft Insurance,Sum Insured for each and every location,Asset,4,Yes,TEXTAREA,IIRM India
4630,Burglary & Theft Insurance,RSMD,Add On,5,Yes,TEXTAREA,IIRM India
4630,Burglary & Theft Insurance,Theft,Add On,6,Yes,TEXTAREA,IIRM India
4630,Burglary & Theft Insurance,First Loss Sum Insured or First Loss Percentage of Value of the Property,Add On,7,Yes,TEXTAREA,IIRM India
4630,Burglary & Theft Insurance,Agreed Bank Clause,Add On,8,Yes,TEXTAREA,IIRM India
4630,Burglary & Theft Insurance,Deductibles,Deductable / copay,9,Yes,TEXTAREA,IIRM India
4630,Burglary & Theft Insurance,Claim Status incl Nature of claims,Asset,10,Yes,TEXT,IIRM India
4630,Burglary & Theft Insurance,Goods held in Care/Trust/Custody,Add On,11,Yes,TEXT,IIRM India
4630,Burglary & Theft Insurance,First Loss basis Cover,Add On,12,Yes,TEXT,IIRM India
4630,Burglary & Theft Insurance,Terms & Conditions,Add On,13,Yes,TEXTAREA,IIRM India
30004,Business Interruption,Business Occupation  :,Asset,2,Yes,TEXT,IIRM Sri Lanka
30004,Business Interruption,Indemnity Period,Asset,5,Yes,TEXTAREA,IIRM Sri Lanka
30004,Business Interruption,Risk Location 1,Asset,6,Yes,TEXTAREA,IIRM Sri Lanka
30004,Business Interruption,Description,Asset,7,Yes,TEXT,IIRM Sri Lanka
30004,Business Interruption,Gross Profit,Asset,8,Yes,TEXTAREA,IIRM Sri Lanka
30004,Business Interruption,Risk Location 2,Asset,9,Yes,TEXTAREA,IIRM Sri Lanka
30004,Business Interruption,Description,Asset,10,Yes,TEXT,IIRM Sri Lanka
30004,Business Interruption,Gross Profit,Asset,11,Yes,TEXTAREA,IIRM Sri Lanka
30004,Business Interruption,Risk Location 3,Asset,12,Yes,TEXTAREA,IIRM Sri Lanka
30004,Business Interruption,Description,Asset,13,Yes,TEXT,IIRM Sri Lanka
30004,Business Interruption,Gross Profit,Asset,14,Yes,TEXTAREA,IIRM Sri Lanka
30004,Business Interruption,Risk Location 4,Asset,15,Yes,TEXTAREA,IIRM Sri Lanka
30004,Business Interruption,Description,Asset,16,Yes,TEXT,IIRM Sri Lanka
30004,Business Interruption,Gross Profit,Asset,17,Yes,TEXTAREA,IIRM Sri Lanka
30004,Business Interruption,Risk Location 5,Asset,18,Yes,TEXTAREA,IIRM Sri Lanka
30004,Business Interruption,Description,Asset,19,Yes,TEXT,IIRM Sri Lanka
30004,Business Interruption,Gross Profit,Asset,20,Yes,TEXTAREA,IIRM Sri Lanka
30004,Business Interruption,Total Sum Insured of Location,Asset,21,Yes,TEXT,IIRM Sri Lanka
30004,Business Interruption,Scope of Cover,Asset,22,Yes,TEXT,IIRM Sri Lanka
30004,Business Interruption,As per the Material Damage Policy (All Fire & allied perils),Basic,23,Yes,TEXTAREA,IIRM Sri Lanka
30004,Business Interruption,Additional Clause,Basic,24,Yes,TEXT,IIRM Sri Lanka
30004,Business Interruption,Contingent Business Interruption,Basic,25,Yes,TEXTAREA,IIRM Sri Lanka
30004,Business Interruption,Denial/ Prevention of Access,Basic,26,Yes,TEXTAREA,IIRM Sri Lanka
30004,Business Interruption,Public utilities,Basic,27,Yes,TEXTAREA,IIRM Sri Lanka
30004,Business Interruption,Specified suppliers,Basic,28,Yes,TEXTAREA,IIRM Sri Lanka
30004,Business Interruption,Errors & Omissions,Basic,29,Yes,TEXTAREA,IIRM Sri Lanka
30004,Business Interruption,Claims preparation costs,Basic,30,Yes,TEXTAREA,IIRM Sri Lanka
30004,Business Interruption,Civil or Military Authority Clause,Basic,31,Yes,TEXTAREA,IIRM Sri Lanka
30004,Business Interruption,Unnamed Customers Premises Extension,Basic,32,Yes,TEXTAREA,IIRM Sri Lanka
30004,Business Interruption,Additional Increased Cost of Working,Basic,33,Yes,TEXTAREA,IIRM Sri Lanka
30004,Business Interruption,Contagious and Infectious Diseases Extension,Basic,34,Yes,TEXTAREA,IIRM Sri Lanka
30004,Business Interruption,Suicide murder,Basic,35,Yes,TEXTAREA,IIRM Sri Lanka
30004,Business Interruption,Contaminated water,Basic,36,Yes,TEXTAREA,IIRM Sri Lanka
30004,Business Interruption,Loss Payee Clause,Basic,37,Yes,TEXTAREA,IIRM Sri Lanka
30004,Business Interruption,Specified Customers,Basic,38,Yes,TEXTAREA,IIRM Sri Lanka
30004,Business Interruption,Deductibles/ Excess,Basic,39,Yes,TEXTAREA,IIRM Sri Lanka
30004,Business Interruption,Riot & Strike & Civil Commotion,Basic,40,Yes,TEXTAREA,IIRM Sri Lanka
30004,Business Interruption,Terrorism,Basic,41,Yes,TEXTAREA,IIRM Sri Lanka
30004,Business Interruption,All other claims,Basic,42,Yes,TEXTAREA,IIRM Sri Lanka
30004,Business Interruption,Extensions,Asset,43,Yes,TEXT,IIRM Sri Lanka
30004,Business Interruption,Riot & Strike & Civil Commotion,Basic,44,Yes,TEXTAREA,IIRM Sri Lanka
30004,Business Interruption,Premium LKR,Basic,45,Yes,TEXT,IIRM Sri Lanka
30004,Business Interruption,Basic,Asset,46,Yes,TEXTAREA,IIRM Sri Lanka
30004,Business Interruption,Riot & Strike & Civil Commotion,Asset,47,Yes,TEXTAREA,IIRM Sri Lanka
30004,Business Interruption,Terrorism,Asset,48,Yes,TEXTAREA,IIRM Sri Lanka
30004,Business Interruption,Premium Exc. Taxes,Asset,49,Yes,TEXTAREA,IIRM Sri Lanka
30004,Business Interruption,Premium including Taxes,Asset,50,Yes,TEXTAREA,IIRM Sri Lanka
30004,Business Interruption,Warranties,Basic,51,Yes,TEXTAREA,IIRM Sri Lanka
30004,Business Interruption,Conditions,Basic,52,Yes,TEXTAREA,IIRM Sri Lanka
30004,Business Interruption,Exclusions,Basic,53,Yes,TEXTAREA,IIRM Sri Lanka
30004,Business Interruption,Subjectivities,Basic,54,Yes,TEXTAREA,IIRM Sri Lanka
30004,Business Interruption,Past Claims,Basic,55,Yes,TEXTAREA,IIRM Sri Lanka
18576,Carriers Legal Liability Insurance,Liability – Transport Operators,Basic,1,Yes,TEXTAREA,IIRM India
18576,Carriers Legal Liability Insurance,Others,Asset,2,No,TEXTAREA,IIRM India
20679,Carriers Legal Liability Insurance,,,,,,
30045,Cattle Insurance,,,,,,
18537,Civil Engineering Completed Risks (CECR) / EAR,Engineering – Project Risks,Basic,1,Yes,TEXTAREA,IIRM India
18537,Civil Engineering Completed Risks (CECR) / EAR,Others,Asset,2,No,TEXTAREA,IIRM India
20677,Civil Engineering Completed Risks (CECR) / EAR,,,,,,
18604,Click 2 Protect Life Insurance,Life – Term,Basic,1,Yes,TEXTAREA,IIRM India
18604,Click 2 Protect Life Insurance,Others,Asset,2,No,TEXTAREA,IIRM India
20699,Click 2 Protect Life Insurance,,,,,,
15093,Clinical Trial Insurance,Clinical Trial,Basic,1,Yes,TEXTAREA,IIRM India
15093,Clinical Trial Insurance,Others,Asset,2,No,TEXTAREA,IIRM India
15180,Club Evexia Membership,Wellness / Membership,Basic,1,Yes,TEXTAREA,IIRM India
15180,Club Evexia Membership,Others,Asset,2,No,TEXTAREA,IIRM India
18585,Commercial EF Class Policy,Motor – Commercial / Liability (specific class),Basic,1,Yes,TEXTAREA,IIRM India
18585,Commercial EF Class Policy,Others,Asset,2,No,TEXTAREA,IIRM India
20688,Commercial EF Class Policy,,,,,,
30001,Commercial Fire,Occupation,Asset,5,Yes,TEXTAREA,IIRM Sri Lanka
30001,Commercial Fire,On Building including fixtures & fittings,Asset,6,Yes,TEXTAREA,IIRM Sri Lanka
30001,Commercial Fire,On Furniture Fixtures & fittings,Asset,7,Yes,TEXTAREA,IIRM Sri Lanka
30001,Commercial Fire,On office Equipment's,Asset,8,Yes,TEXTAREA,IIRM Sri Lanka
30001,Commercial Fire,On Electronic equipment,Asset,9,Yes,TEXTAREA,IIRM Sri Lanka
30001,Commercial Fire,On other Contents,Asset,10,Yes,TEXTAREA,IIRM Sri Lanka
30001,Commercial Fire,Total Sum Insured,Asset,11,Yes,TEXTAREA,IIRM Sri Lanka
30001,Commercial Fire,Fire and / or lightning,Basic,12,Yes,TEXTAREA,IIRM Sri Lanka
30001,Commercial Fire,Explosion,Basic,13,Yes,TEXTAREA,IIRM Sri Lanka
30001,Commercial Fire,Malicious Damage,Basic,14,Yes,TEXTAREA,IIRM Sri Lanka
30001,Commercial Fire,Impact Damage including own vehicles,Basic,15,Yes,TEXTAREA,IIRM Sri Lanka
30001,Commercial Fire,Aircraft damage,Basic,16,Yes,TEXTAREA,IIRM Sri Lanka
30001,Commercial Fire,"Cyclone, Storm & Tempest",Basic,17,Yes,TEXTAREA,IIRM Sri Lanka
30001,Commercial Fire,Flood,Basic,18,Yes,TEXTAREA,IIRM Sri Lanka
30001,Commercial Fire,"All other Natural Perils Including Earthquake, volcanic eruption, hurricane, typhoon, tornado, wind-storm, hailstorm, tsunami, tridal wave, thunderstorm, & rainstorm due to atmospheric disturbances",Basic,19,Yes,TEXTAREA,IIRM Sri Lanka
30001,Commercial Fire,"Landslide, Earth Slip & Rockside",Basic,20,Yes,TEXTAREA,IIRM Sri Lanka
30001,Commercial Fire,Bursting & overflowing of water tanks pipes & apparatus,Basic,21,Yes,TEXTAREA,IIRM Sri Lanka
30001,Commercial Fire,Spontaneous Combustion,Basic,22,Yes,TEXTAREA,IIRM Sri Lanka
30001,Commercial Fire,Electrical Inclusion with Fire Mark,Basic,23,Yes,TEXTAREA,IIRM Sri Lanka
30001,Commercial Fire,Electrical Inclusion without Fire/burn marks,Basic,24,Yes,TEXTAREA,IIRM Sri Lanka
30001,Commercial Fire,Burglary,Basic,25,Yes,TEXTAREA,IIRM Sri Lanka
30001,Commercial Fire,Accidental Damage,Basic,26,Yes,TEXTAREA,IIRM Sri Lanka
30001,Commercial Fire,Extensions,Asset,27,Yes,TEXT,IIRM Sri Lanka
30001,Commercial Fire,Riot & Strike & Civil Commotion,Basic,28,Yes,TEXTAREA,IIRM Sri Lanka
30001,Commercial Fire,Terrorism,Basic,29,Yes,TEXTAREA,IIRM Sri Lanka
30001,Commercial Fire,Theft,Basic,30,Yes,TEXTAREA,IIRM Sri Lanka
30001,Commercial Fire,"Loss or Damage due to Plate Glass due to Cyclone, Storm, Tempest, and other Natural Perils",Basic,31,Yes,TEXTAREA,IIRM Sri Lanka
30001,Commercial Fire,"Loss or Damage due to Goods in open due to Cyclone, Storm,Tempest,Flood, Earthquake and other Natural Perils (including Name Board, Canopy , Lamppost Etc.)",Basic,32,Yes,TEXTAREA,IIRM Sri Lanka
30001,Commercial Fire,Additional Clauses,Asset,33,Yes,TEXT,IIRM Sri Lanka
30001,Commercial Fire,All other contents,Basic,34,Yes,TEXTAREA,IIRM Sri Lanka
30001,Commercial Fire,Alterations & Repairs,Basic,35,Yes,TEXTAREA,IIRM Sri Lanka
30001,Commercial Fire,Appraisement,Basic,36,Yes,TEXTAREA,IIRM Sri Lanka
30001,Commercial Fire,Architects’ & Surveyors’ & Consultant Engineers Fees,Basic,37,Yes,TEXTAREA,IIRM Sri Lanka
30001,Commercial Fire,Automatic Reinstatement of the Sum Insured,Basic,38,Yes,TEXTAREA,IIRM Sri Lanka
30001,Commercial Fire,Average relief Clause,Basic,39,Yes,TEXTAREA,IIRM Sri Lanka
30001,Commercial Fire,Brand & Label,Basic,40,Yes,TEXTAREA,IIRM Sri Lanka
30001,Commercial Fire,Breach of Condition,Basic,41,Yes,TEXTAREA,IIRM Sri Lanka
30001,Commercial Fire,Breach of Warranty,Basic,42,Yes,TEXTAREA,IIRM Sri Lanka
30001,Commercial Fire,Capital Addition,Basic,43,Yes,TEXTAREA,IIRM Sri Lanka
30001,Commercial Fire,Civil Authorities,Basic,44,Yes,TEXTAREA,IIRM Sri Lanka
30001,Commercial Fire,Contract price,Basic,45,Yes,TEXTAREA,IIRM Sri Lanka
30001,Commercial Fire,Cost of re erection,Basic,46,Yes,TEXTAREA,IIRM Sri Lanka
30001,Commercial Fire,Cost of recompiling records and claims preparation,Basic,47,Yes,TEXTAREA,IIRM Sri Lanka
30001,Commercial Fire,Customer Goods,Basic,48,Yes,TEXTAREA,IIRM Sri Lanka
30001,Commercial Fire,Description of property insured,Basic,49,Yes,TEXTAREA,IIRM Sri Lanka
30001,Commercial Fire,Designation of the Property,Basic,50,Yes,TEXTAREA,IIRM Sri Lanka
30001,Commercial Fire,Errors & Omissions,Basic,51,Yes,TEXTAREA,IIRM Sri Lanka
30001,Commercial Fire,Escalation,Basic,52,Yes,TEXTAREA,IIRM Sri Lanka
30001,Commercial Fire,Expediting Expenses (Inc. Air Freight),Basic,53,Yes,TEXTAREA,IIRM Sri Lanka
30001,Commercial Fire,Fire Brigade Clause,Basic,54,Yes,TEXTAREA,IIRM Sri Lanka
30001,Commercial Fire,Fire Extinguishing Cost,Basic,55,Yes,TEXTAREA,IIRM Sri Lanka
30001,Commercial Fire,Hazardous Goods,Basic,56,Yes,TEXTAREA,IIRM Sri Lanka
30001,Commercial Fire,Heating & Power,Basic,57,Yes,TEXTAREA,IIRM Sri Lanka
30001,Commercial Fire,Internal Removal,Basic,58,Yes,TEXTAREA,IIRM Sri Lanka
30001,Commercial Fire,Involuntary betterment Clause,Basic,59,Yes,TEXTAREA,IIRM Sri Lanka
30001,Commercial Fire,Loss Notification,Basic,60,Yes,TEXTAREA,IIRM Sri Lanka
30001,Commercial Fire,Loss of rent and Alternative Accommodation,Basic,61,Yes,TEXTAREA,IIRM Sri Lanka
30001,Commercial Fire,Minor Alteration,Basic,62,Yes,TEXTAREA,IIRM Sri Lanka
30001,Commercial Fire,Misdescription,Basic,63,Yes,TEXTAREA,IIRM Sri Lanka
30001,Commercial Fire,Nominated Loss Adjuster,Basic,64,Yes,TEXTAREA,IIRM Sri Lanka
30001,Commercial Fire,Non-invalidation,Basic,65,Yes,TEXTAREA,IIRM Sri Lanka
30001,Commercial Fire,"Out Buildings including Fences, Compound walls, Roads & Electrical Installation",Basic,66,Yes,TEXTAREA,IIRM Sri Lanka
30001,Commercial Fire,Payment on account clause,Basic,67,Yes,TEXTAREA,IIRM Sri Lanka
30001,Commercial Fire,Premises,Basic,68,Yes,TEXTAREA,IIRM Sri Lanka
30001,Commercial Fire,Property temporary removed/  stored,Basic,69,Yes,TEXTAREA,IIRM Sri Lanka
30001,Commercial Fire,Public Authorities,Basic,70,Yes,TEXTAREA,IIRM Sri Lanka
30001,Commercial Fire,Reinstatement average relief clause,Basic,71,Yes,TEXTAREA,IIRM Sri Lanka
30001,Commercial Fire,Removal of Debris,Basic,72,Yes,TEXTAREA,IIRM Sri Lanka
30001,Commercial Fire,Services & utilities (Inc. Under Ground Property),Basic,73,Yes,TEXTAREA,IIRM Sri Lanka
30001,Commercial Fire,Smoke damage,Basic,74,Yes,TEXTAREA,IIRM Sri Lanka
30001,Commercial Fire,Sprinkler Leakage,Basic,75,Yes,TEXTAREA,IIRM Sri Lanka
30001,Commercial Fire,Vehicle Load,Basic,76,Yes,TEXTAREA,IIRM Sri Lanka
30001,Commercial Fire,Deductibles/ Excess,Basic,77,Yes,TEXTAREA,IIRM Sri Lanka
30001,Commercial Fire,Riot & Strike,Basic,78,Yes,TEXTAREA,IIRM Sri Lanka
30001,Commercial Fire,Terrorism,Basic,79,Yes,TEXTAREA,IIRM Sri Lanka
30001,Commercial Fire,Fire and / or lightning,Basic,80,Yes,TEXTAREA,IIRM Sri Lanka
30001,Commercial Fire,All Other,Basic,81,Yes,TEXTAREA,IIRM Sri Lanka
30001,Commercial Fire,Premium LKR,Asset,82,Yes,TEXT,IIRM Sri Lanka
30001,Commercial Fire,Basic,Asset,83,Yes,TEXTAREA,IIRM Sri Lanka
30001,Commercial Fire,Riot & Strike & Civil Commotion,Asset,84,Yes,TEXTAREA,IIRM Sri Lanka
30001,Commercial Fire,Terrorism,Asset,85,Yes,TEXTAREA,IIRM Sri Lanka
30001,Commercial Fire,Premium Exc. Taxes,Asset,86,Yes,TEXTAREA,IIRM Sri Lanka
30001,Commercial Fire,Premium including Taxes,Asset,87,Yes,TEXTAREA,IIRM Sri Lanka
30001,Commercial Fire,Warranties,Basic,88,Yes,TEXTAREA,IIRM Sri Lanka
30001,Commercial Fire,Conditions,Basic,89,Yes,TEXTAREA,IIRM Sri Lanka
30001,Commercial Fire,Exclusions,Basic,90,Yes,TEXTAREA,IIRM Sri Lanka
30001,Commercial Fire,Subjectivities,Basic,91,Yes,TEXTAREA,IIRM Sri Lanka
30001,Commercial Fire,Past Claims,Basic,92,Yes,TEXTAREA,IIRM Sri Lanka
18531,Commercial General Liability Insurance (CGL),Retro Active Date,Basic,1,Yes,TEXTAREA,IIRM India
18531,Commercial General Liability Insurance (CGL),Turnover,Asset,2,Yes,TEXTAREA,IIRM India
18531,Commercial General Liability Insurance (CGL),Territory & Jurisdiction,Basic,3,Yes,TEXTAREA,IIRM India
18531,Commercial General Liability Insurance (CGL),Combined Aggregate Limit,Basic,4,Yes,TEXTAREA,IIRM India
18531,Commercial General Liability Insurance (CGL),Medical Expenses( per person),Deductable / copay,5,Yes,TEXTAREA,IIRM India
18531,Commercial General Liability Insurance (CGL),Premises Operation,Deductable / copay,6,Yes,TEXTAREA,IIRM India
18531,Commercial General Liability Insurance (CGL),Product Completed Operation,Deductable / copay,7,Yes,TEXTAREA,IIRM India
18531,Commercial General Liability Insurance (CGL),Personal & Adverising Injury,Deductable / copay,8,Yes,TEXTAREA,IIRM India
18531,Commercial General Liability Insurance (CGL),Fire Damage to rented premises,Basic,9,Yes,TEXTAREA,IIRM India
18531,Commercial General Liability Insurance (CGL),Batch Clause,Basic,10,Yes,TEXTAREA,IIRM India
18531,Commercial General Liability Insurance (CGL),Claim series clause,Basic,11,Yes,TEXTAREA,IIRM India
18531,Commercial General Liability Insurance (CGL),Legal expenses included in the limit of liability,Basic,12,Yes,TEXTAREA,IIRM India
18531,Commercial General Liability Insurance (CGL),Designated Risk Premises Premises owned and/or occupied by the Insured in India;,Add On,13,Yes,TEXTAREA,IIRM India
18531,Commercial General Liability Insurance (CGL),Act of God perils extension,Add On,14,Yes,TEXTAREA,IIRM India
18531,Commercial General Liability Insurance (CGL),72 hrs sudden and accidental pollution extension ,Basic,15,Yes,TEXTAREA,IIRM India
18531,Commercial General Liability Insurance (CGL),Discharge of treated effluents by pipeline up to 10km outside premises (T&J: India),Basic,16,Yes,TEXTAREA,IIRM India
18531,Commercial General Liability Insurance (CGL),"Li s & escalators liability extension at the Insureds
 premises",Basic,17,Yes,TEXTAREA,IIRM India
18531,Commercial General Liability Insurance (CGL),"Property under Care, custody and control liability
 extension sub-limited to 25% of LOI in the aggregate including
 guest cars parking liability within designated premises by  insureds  licensed drivers (except personal valuables  therein)",Add On,18,Yes,TEXTAREA,IIRM India
18531,Commercial General Liability Insurance (CGL),"Food & Beverages liability extension, served to visitors at the Insureds premises Full Limit in the aggregate Host Liquor liability-",Add On,19,Yes,TEXTAREA,IIRM India
18531,Commercial General Liability Insurance (CGL),Non-owned/hired automobile liability extension,Add On,20,Yes,TEXTAREA,IIRM India
18531,Commercial General Liability Insurance (CGL),Transportation liability extension,Add On,21,Yes,TEXTAREA,IIRM India
18531,Commercial General Liability Insurance (CGL),Travelling execu ve on non-manual work worldwide basis,Basic,22,Yes,TEXTAREA,IIRM India
18531,Commercial General Liability Insurance (CGL),"Cover is extended for work done by sub-contracted employees on behalf of the Insured,provided it is under the direct supervision of the Insured personnel",Basic,23,Yes,TEXTAREA,IIRM India
18531,Commercial General Liability Insurance (CGL),"Coverage is extended to include Insureds  liability on  account of third party bodily injury/property damage claims  due to events/exhibi ons organized by the insured in
 connec on with their business or par cipated by invita on  only Full LOI in the aggregate but no of visitors to be restricted  to 500 (T&J: India). Onus of proof is on the insured",Basic,24,Yes,TEXTAREA,IIRM India
18531,Commercial General Liability Insurance (CGL),Automatic coverage for new subsidiaries acquired during the policy period ,Basic,25,Yes,TEXTAREA,IIRM India
18531,Commercial General Liability Insurance (CGL),Additional Insured extension as and when required by written contract of the Insured. ,Deductable / copay,26,Yes,TEXTAREA,IIRM India
18531,Commercial General Liability Insurance (CGL),Waiver of subrogation extension,Deductable / copay,27,Yes,TEXTAREA,IIRM India
18531,Commercial General Liability Insurance (CGL),Terrorism legal liability extension,Deductable / copay,28,Yes,TEXTAREA,IIRM India
18531,Commercial General Liability Insurance (CGL),Unnamed Vendor liability extension (s/t all are distribu on vendors only),Deductable / copay,29,Yes,TEXTAREA,IIRM India
18531,Commercial General Liability Insurance (CGL),"Technical collaborators extension Panasonic, Japan",Basic,30,Yes,TEXTAREA,IIRM India
18531,Commercial General Liability Insurance (CGL),Incidental medical malprac ces liability extension,Basic,31,Yes,TEXTAREA,IIRM India
18531,Commercial General Liability Insurance (CGL),Medical Expenses,Basic,32,Yes,TEXTAREA,IIRM India
18531,Commercial General Liability Insurance (CGL),Extended Reporting Period,Basic,33,Yes,TEXTAREA,IIRM India
18531,Commercial General Liability Insurance (CGL),Employers Liability (In excess of WC),Add On,34,Yes,TEXTAREA,IIRM India
18531,Commercial General Liability Insurance (CGL),AMENDED CANCELLATION CLAUSE,Add On,35,Yes,TEXTAREA,IIRM India
18531,Commercial General Liability Insurance (CGL),Supplementary Payments Limit,Basic,36,Yes,TEXTAREA,IIRM India
18531,Commercial General Liability Insurance (CGL),Right to defend clause,Basic,37,Yes,TEXTAREA,IIRM India
18531,Commercial General Liability Insurance (CGL),Informa on technology hazards Clarifica on Clause,Basic,38,Yes,TEXTAREA,IIRM India
18531,Commercial General Liability Insurance (CGL),Undesignated Premises Endorsement,Add On,39,Yes,TEXTAREA,IIRM India
18531,Commercial General Liability Insurance (CGL),Control Group endorsement,Add On,40,Yes,TEXTAREA,IIRM India
18531,Commercial General Liability Insurance (CGL),COVERAGE TERRITORY,Add On,41,Yes,TEXTAREA,IIRM India
18531,Commercial General Liability Insurance (CGL),COVERAGE JURISDICTION,Add On,42,Yes,TEXTAREA,IIRM India
18531,Commercial General Liability Insurance (CGL),LIMIT OF INSURANCE,Basic,43,Yes,TEXTAREA,IIRM India
18531,Commercial General Liability Insurance (CGL),GENERAL AGGREGATE LIMIT (other than PRODUCTS / COMPLETED OPERATIONS),Basic,44,Yes,TEXTAREA,IIRM India
18531,Commercial General Liability Insurance (CGL),Retro Active Date,Basic,45,Yes,TEXTAREA,IIRM India
18531,Commercial General Liability Insurance (CGL),DESIGNATED PREMISES,Basic,46,Yes,TEXTAREA,IIRM India
18531,Commercial General Liability Insurance (CGL),DOMESTIC,Deductable / copay,47,Yes,TEXTAREA,IIRM India
18531,Commercial General Liability Insurance (CGL),DESIGNATED PREMISES ENDORSEMENT,Deductable / copay,48,Yes,TEXTAREA,IIRM India
18531,Commercial General Liability Insurance (CGL),AUTO INCLUSION OF ORGANIZATION NEWLY ACQUIRE OR FORM ENDORSEMENT,Deductable / copay,49,Yes,TEXTAREA,IIRM India
18531,Commercial General Liability Insurance (CGL),Fire Damage ,Deductable / copay,50,Yes,TEXTAREA,IIRM India
18531,Commercial General Liability Insurance (CGL),Medical Expense ,Basic,51,Yes,TEXTAREA,IIRM India
18531,Commercial General Liability Insurance (CGL),Right and Duty Defend,Basic,52,Yes,TEXTAREA,IIRM India
18531,Commercial General Liability Insurance (CGL),Acts of God Perils,Basic,53,Yes,TEXTAREA,IIRM India
18531,Commercial General Liability Insurance (CGL),Food and Beverages,Basic,54,Yes,TEXTAREA,IIRM India
18531,Commercial General Liability Insurance (CGL),Lift Liability,Add On,55,Yes,TEXTAREA,IIRM India
18531,Commercial General Liability Insurance (CGL),Cross Liability,Add On,56,Yes,TEXTAREA,IIRM India
18531,Commercial General Liability Insurance (CGL),Automatic cover of newly acquired organization,Basic,57,Yes,TEXTAREA,IIRM India
18531,Commercial General Liability Insurance (CGL),"Legal liability for BI/PD arising out of Employee engagement, Marketing and promotional activities conducted by the insured during the policy period",Basic,58,Yes,TEXTAREA,IIRM India
18531,Commercial General Liability Insurance (CGL),Extended Reporting Period,Basic,59,Yes,TEXTAREA,IIRM India
18531,Commercial General Liability Insurance (CGL),Defense Costs,Add On,60,Yes,TEXTAREA,IIRM India
18531,Commercial General Liability Insurance (CGL),72 Hours Sudden and Accidental Pollution,Add On,61,Yes,TEXTAREA,IIRM India
18531,Commercial General Liability Insurance (CGL),Non-Owned and Hired Automobile Legal Liability Cover,Add On,62,Yes,TEXTAREA,IIRM India
18531,Commercial General Liability Insurance (CGL),Liability arising out of minor civil works,Add On,63,Yes,TEXTAREA,IIRM India
18531,Commercial General Liability Insurance (CGL),Liability arising out of Facilities within Designated Premises Cover,Basic,64,Yes,TEXTAREA,IIRM India
18531,Commercial General Liability Insurance (CGL),Other terms & conditions,Basic,65,Yes,TEXTAREA,IIRM India
20868,Commercial General Liability Insurance (CGL),,,,,,
18579,Commercial Vehicle Class G Insurance,Motor – Commercial,Basic,1,Yes,TEXTAREA,IIRM India
18579,Commercial Vehicle Class G Insurance,Others,Asset,2,No,TEXTAREA,IIRM India
20682,Commercial Vehicle Class G Insurance,,,,,,
18548,Consequential Loss (Fire) Insurance,Name of the Insured,Asset,1,Yes,TEXTAREA,IIRM India
18548,Consequential Loss (Fire) Insurance,Communication  Address,Asset,2,Yes,TEXTAREA,IIRM India
18548,Consequential Loss (Fire) Insurance,Occupancy Description,Asset,3,Yes,TEXTAREA,IIRM India
18548,Consequential Loss (Fire) Insurance,Location of Risk,Asset,4,Yes,TEXTAREA,IIRM India
18548,Consequential Loss (Fire) Insurance,Claims History,Asset,5,Yes,TEXTAREA,IIRM India
18548,Consequential Loss (Fire) Insurance,Expiring Insurer & Policy No.,Asset,6,Yes,TEXTAREA,IIRM India
18548,Consequential Loss (Fire) Insurance,Expiring Policy Period,Asset,7,Yes,TEXTAREA,IIRM India
18548,Consequential Loss (Fire) Insurance,Renewal Policy Period,Asset,8,Yes,TEXTAREA,IIRM India
18548,Consequential Loss (Fire) Insurance,Expiring Policy Premium,Asset,9,Yes,TEXTAREA,IIRM India
18548,Consequential Loss (Fire) Insurance,Annual Gross Profit / Sum Insured,Basic,10,Yes,TEXTAREA,IIRM India
18548,Consequential Loss (Fire) Insurance,Indemnity Period,Basic,11,Yes,TEXTAREA,IIRM India
18548,Consequential Loss (Fire) Insurance,Earthquake (Fire and Shock),Basic,12,Yes,TEXTAREA,IIRM India
18548,Consequential Loss (Fire) Insurance,STFI,Basic,13,Yes,TEXTAREA,IIRM India
18548,Consequential Loss (Fire) Insurance,Terrorism,Basic,14,Yes,TEXTAREA,IIRM India
18548,Consequential Loss (Fire) Insurance,Auditors fees,Basic,15,Yes,TEXTAREA,IIRM India
18548,Consequential Loss (Fire) Insurance,Basis of specification - Revenue basis,Basic,16,Yes,TEXTAREA,IIRM India
18548,Consequential Loss (Fire) Insurance,Alternate basis clause,Basic,17,Yes,TEXTAREA,IIRM India
18548,Consequential Loss (Fire) Insurance,Addition / difference basis to be specified,Basic,18,Yes,TEXTAREA,IIRM India
18548,Consequential Loss (Fire) Insurance,Departmental clause,Basic,19,Yes,TEXTAREA,IIRM India
18548,Consequential Loss (Fire) Insurance,Customers premises extension - Named basis for 20% of the Business Interruption Sum insured for FLEXA and AOG perils; 10% for unnamed basis,Basic,20,Yes,TEXTAREA,IIRM India
18548,Consequential Loss (Fire) Insurance,Interdependency clause,Basic,21,Yes,TEXTAREA,IIRM India
18548,Consequential Loss (Fire) Insurance,Prevention of access,Basic,22,Yes,TEXTAREA,IIRM India
18548,Consequential Loss (Fire) Insurance,Additional increased cost of working,Basic,23,Yes,TEXTAREA,IIRM India
18548,Consequential Loss (Fire) Insurance,Professional fees,Basic,24,Yes,TEXTAREA,IIRM India
18548,Consequential Loss (Fire) Insurance,Dual Wages basis,Basic,25,Yes,TEXTAREA,IIRM India
18548,Consequential Loss (Fire) Insurance,Layoff and retrenchment cover,Basic,26,Yes,TEXTAREA,IIRM India
18548,Consequential Loss (Fire) Insurance,Public Utilities cover (Air/Water/Electricity),Basic,27,Yes,TEXTAREA,IIRM India
18548,Consequential Loss (Fire) Insurance,Return of premium clause,Basic,28,Yes,TEXTAREA,IIRM India
18548,Consequential Loss (Fire) Insurance,Other terms & covers,Basic,29,Yes,TEXTAREA,IIRM India
18548,Consequential Loss (Fire) Insurance,Excess/Deductibles,Basic,30,Yes,TEXTAREA,IIRM India
20882,Consequential Loss (Fire) Insurance,,,,,,
30015,Contractors All Risk Insurance,Name of Insured,Asset,2,Yes,TEXT,IIRM Sri Lanka
30015,Contractors All Risk Insurance,Name of Contractor,Asset,3,Yes,TEXT,IIRM Sri Lanka
30015,Contractors All Risk Insurance,Name of Principal,Asset,4,Yes,TEXT,IIRM Sri Lanka
30015,Contractors All Risk Insurance,Title of the project,Asset,5,Yes,TEXT,IIRM Sri Lanka
30015,Contractors All Risk Insurance,Risk Loaction,Asset,6,Yes,TEXT,IIRM Sri Lanka
30015,Contractors All Risk Insurance,Construction Period,Asset,8,Yes,TEXTAREA,IIRM Sri Lanka
30015,Contractors All Risk Insurance,Testing and Commissioning,Asset,9,Yes,TEXTAREA,IIRM Sri Lanka
30015,Contractors All Risk Insurance,Maintenance Period,Asset,10,Yes,TEXTAREA,IIRM Sri Lanka
30015,Contractors All Risk Insurance,Sum insured - Section I,Asset,11,Yes,TEXT,IIRM Sri Lanka
30015,Contractors All Risk Insurance,Contract Value + 15% (Including VAT),Basic,12,Yes,TEXTAREA,IIRM Sri Lanka
30015,Contractors All Risk Insurance,Clearance of Debris,Basic,13,Yes,TEXTAREA,IIRM Sri Lanka
30015,Contractors All Risk Insurance,Principal's Exisitng Property,Basic,14,Yes,TEXTAREA,IIRM Sri Lanka
30015,Contractors All Risk Insurance,Contractor's Plant & Machinery,Basic,15,Yes,TEXTAREA,IIRM Sri Lanka
30015,Contractors All Risk Insurance,Total Sum Insured – Section I,Basic,16,Yes,TEXTAREA,IIRM Sri Lanka
30015,Contractors All Risk Insurance,Sum insured - Section II,Asset,17,Yes,TEXT,IIRM Sri Lanka
30015,Contractors All Risk Insurance,Bodily Injury (Any one event),Basic,18,Yes,TEXTAREA,IIRM Sri Lanka
30015,Contractors All Risk Insurance,Property damage (Any one event),Basic,19,Yes,TEXTAREA,IIRM Sri Lanka
30015,Contractors All Risk Insurance,In the Aggregate ( No of occurrences are unlimited),Basic,20,Yes,TEXTAREA,IIRM Sri Lanka
30015,Contractors All Risk Insurance,Scope of Cover,Asset,21,Yes,TEXT,IIRM Sri Lanka
30015,Contractors All Risk Insurance,Any unforeseen and sudden physical loss or damage from any cause other than those specifically excluded in a manner necessitating repair or replacement,Basic,22,Yes,TEXTAREA,IIRM Sri Lanka
30015,Contractors All Risk Insurance,Extensions,Asset,23,Yes,TEXT,IIRM Sri Lanka
30015,Contractors All Risk Insurance,"Riots, Strike & Civil Commotion",Basic,24,Yes,TEXTAREA,IIRM Sri Lanka
30015,Contractors All Risk Insurance,Terrorism,Basic,25,Yes,TEXTAREA,IIRM Sri Lanka
30015,Contractors All Risk Insurance,"MRE 002 - Cross Liability (Principal, Contractor, Sub contractors)",Basic,26,Yes,TEXTAREA,IIRM Sri Lanka
30015,Contractors All Risk Insurance,MRE 003 - Maintenance visit cover,Basic,27,Yes,TEXTAREA,IIRM Sri Lanka
30015,Contractors All Risk Insurance,MRE 004 - Extended Maintenance cover,Basic,28,Yes,TEXTAREA,IIRM Sri Lanka
30015,Contractors All Risk Insurance,MRE 005 - Special Conditions Concerning the Construction and/or Erection Time Schedule,Basic,29,Yes,TEXTAREA,IIRM Sri Lanka
30015,Contractors All Risk Insurance,"MRE 006 - Cover of extra charges for overtime, night work, work on public holidays, express freight",Basic,30,Yes,TEXTAREA,IIRM Sri Lanka
30015,Contractors All Risk Insurance,MRE 007 - Cover of extra charges for airfreight,Basic,31,Yes,TEXTAREA,IIRM Sri Lanka
30015,Contractors All Risk Insurance,MRE 008 - Warranty Concerning Structures in Earthquake Zones,Basic,32,Yes,TEXTAREA,IIRM Sri Lanka
30015,Contractors All Risk Insurance,"MRE 009 - Exclusion of loss, damage or liability due to earthquake",Basic,33,Yes,TEXTAREA,IIRM Sri Lanka
30015,Contractors All Risk Insurance,"MRE 010 - Exclusion of loss, damage or liability due to flood and inundation",Basic,34,Yes,TEXTAREA,IIRM Sri Lanka
30015,Contractors All Risk Insurance,"MRE 012 - Exclusion of loss, damage or liability due to windstorm or wind-related water damage",Basic,35,Yes,TEXTAREA,IIRM Sri Lanka
30015,Contractors All Risk Insurance,MRE 013 - Property in off-site storage,Basic,36,Yes,TEXTAREA,IIRM Sri Lanka
30015,Contractors All Risk Insurance,MRE 100 - Cover for Testing of Machinery and installations,Basic,37,Yes,TEXTAREA,IIRM Sri Lanka
30015,Contractors All Risk Insurance,"MRE 101 - Special conditions concerning the construction of tunnels, galleries, temporary or permanent subsurface structures or installations",Basic,38,Yes,TEXTAREA,IIRM Sri Lanka
30015,Contractors All Risk Insurance,"MRE 102 - Special Conditions Concerning Underground Cables, Pipes and Other Facilities",Basic,39,Yes,TEXTAREA,IIRM Sri Lanka
30015,Contractors All Risk Insurance,"MRE 103 - Exclusion of Loss or Damage to Crops, Forests and Cultures",Basic,40,Yes,TEXTAREA,IIRM Sri Lanka
30015,Contractors All Risk Insurance,MRE 104 - Special Conditions Concerning the Construction of Dams and Water Reservoirs,Basic,41,Yes,TEXTAREA,IIRM Sri Lanka
30015,Contractors All Risk Insurance,MRE 106 - Warranty Concerning Sections,Basic,42,Yes,TEXTAREA,IIRM Sri Lanka
30015,Contractors All Risk Insurance,MRE 107 - Warranty concerning Camps & Store,Basic,43,Yes,TEXTAREA,IIRM Sri Lanka
30015,Contractors All Risk Insurance,"MRE 108 - Warranty concerning construction plant, equipment and machinery",Basic,44,Yes,TEXTAREA,IIRM Sri Lanka
30015,Contractors All Risk Insurance,MRE 109 - Warranty concerning construction materials,Basic,45,Yes,TEXTAREA,IIRM Sri Lanka
30015,Contractors All Risk Insurance,"MRE 110 - Special conditions concerning safety measures with respect of Perception of flood, inundation",Basic,46,Yes,TEXTAREA,IIRM Sri Lanka
30015,Contractors All Risk Insurance,MRE 111 - Special Conditions Concerning Removal of Debris from Landslides,Basic,47,Yes,TEXTAREA,IIRM Sri Lanka
30015,Contractors All Risk Insurance,MRE 112 - Special condition concerning fire-fighting facilities and fire safety on construction sites,Basic,48,Yes,TEXTAREA,IIRM Sri Lanka
30015,Contractors All Risk Insurance,MRE 113 - Inland Transit,Basic,49,Yes,TEXTAREA,IIRM Sri Lanka
30015,Contractors All Risk Insurance,MRE 114 - Serial losses,Basic,50,Yes,TEXTAREA,IIRM Sri Lanka
30015,Contractors All Risk Insurance,MRE 115 - Cover for designer’s risk,Basic,51,Yes,TEXTAREA,IIRM Sri Lanka
30015,Contractors All Risk Insurance,MRE 116 - Cover for Insured Contract Works Taken Over or Put into Service,Basic,52,Yes,TEXTAREA,IIRM Sri Lanka
30015,Contractors All Risk Insurance,MRE 117 - Special Conditions for Laying Water Supply and Sewer Pipes,Basic,53,Yes,TEXTAREA,IIRM Sri Lanka
30015,Contractors All Risk Insurance,MRE 118 - Drilling Work for Water Wells,Basic,54,Yes,TEXTAREA,IIRM Sri Lanka
30015,Contractors All Risk Insurance,"MRE 119 - Existing Property or Property belonging to or Held in Care, Custody or Control by the Insured",Basic,55,Yes,TEXTAREA,IIRM Sri Lanka
30015,Contractors All Risk Insurance,"MRE 120 - Vibration, Removal or Weakening of Support (VRWS)",Basic,56,Yes,TEXTAREA,IIRM Sri Lanka
30015,Contractors All Risk Insurance,- Crack cover :,Basic,57,Yes,TEXTAREA,IIRM Sri Lanka
30015,Contractors All Risk Insurance,MRE 121 - Special conditions concerning piling foundation and retaining wall works,Basic,58,Yes,TEXTAREA,IIRM Sri Lanka
30015,Contractors All Risk Insurance,Dewatering Clause,Basic,59,Yes,TEXTAREA,IIRM Sri Lanka
30015,Contractors All Risk Insurance,Munich-Re Wet Risk Clause,Basic,60,Yes,TEXTAREA,IIRM Sri Lanka
30015,Contractors All Risk Insurance,Plans & Documents,Basic,61,Yes,TEXTAREA,IIRM Sri Lanka
30015,Contractors All Risk Insurance,Professional Fees,Basic,62,Yes,TEXTAREA,IIRM Sri Lanka
30015,Contractors All Risk Insurance,Expediting Expenses,Basic,63,Yes,TEXTAREA,IIRM Sri Lanka
30015,Contractors All Risk Insurance,Cessation of work whether total or partial,Basic,64,Yes,TEXTAREA,IIRM Sri Lanka
30015,Contractors All Risk Insurance,72 Hours Clause,Basic,65,Yes,TEXTAREA,IIRM Sri Lanka
30015,Contractors All Risk Insurance,Deductibles,Asset,66,Yes,TEXT,IIRM Sri Lanka
30015,Contractors All Risk Insurance,Section I – Material Damage,Asset,67,Yes,TEXT,IIRM Sri Lanka
30015,Contractors All Risk Insurance,"Strike, Riot & Civil Commotion",Basic,68,Yes,TEXTAREA,IIRM Sri Lanka
30015,Contractors All Risk Insurance,Terrorism,Basic,69,Yes,TEXTAREA,IIRM Sri Lanka
30015,Contractors All Risk Insurance,All other Claims,Basic,70,Yes,TEXTAREA,IIRM Sri Lanka
30015,Contractors All Risk Insurance,Section II – Third Party Property Damage,Asset,71,Yes,TEXT,IIRM Sri Lanka
30015,Contractors All Risk Insurance,Third party property damage,Basic,72,Yes,TEXTAREA,IIRM Sri Lanka
30015,Contractors All Risk Insurance,Premium LKR,Asset,73,Yes,TEXT,IIRM Sri Lanka
30015,Contractors All Risk Insurance,Basic,Asset,74,Yes,TEXTAREA,IIRM Sri Lanka
30015,Contractors All Risk Insurance,SRCC,Asset,75,Yes,TEXTAREA,IIRM Sri Lanka
30015,Contractors All Risk Insurance,Terrorism,Asset,76,Yes,TEXTAREA,IIRM Sri Lanka
30015,Contractors All Risk Insurance,Excluding Taxes,Asset,77,Yes,TEXTAREA,IIRM Sri Lanka
30015,Contractors All Risk Insurance,Including Taxes,Asset,78,Yes,TEXTAREA,IIRM Sri Lanka
30015,Contractors All Risk Insurance,Warranties,Basic,79,Yes,TEXTAREA,IIRM Sri Lanka
30015,Contractors All Risk Insurance,Conditions,Basic,80,Yes,TEXTAREA,IIRM Sri Lanka
30015,Contractors All Risk Insurance,Exclusions,Basic,81,Yes,TEXTAREA,IIRM Sri Lanka
30015,Contractors All Risk Insurance,Subjectivities,Basic,82,Yes,TEXTAREA,IIRM Sri Lanka
18550,Contractors All Risk Insurance (CAR),Engineering – CAR,Basic,1,Yes,TEXTAREA,IIRM India
18550,Contractors All Risk Insurance (CAR),Others,Asset,2,No,TEXTAREA,IIRM India
20884,Contractors All Risk Insurance (CAR),,,,,,
30008,Contractors Plant & Machinery,Risk Location 1,Asset,4,Yes,TEXTAREA,IIRM Sri Lanka
30008,Contractors Plant & Machinery,Description,Asset,5,Yes,TEXT,IIRM Sri Lanka
30008,Contractors Plant & Machinery,Risk Location 1 description,Asset,6,Yes,TEXTAREA,IIRM Sri Lanka
30008,Contractors Plant & Machinery,Description of Machinery,Asset,7,Yes,TEXT,IIRM Sri Lanka
30008,Contractors Plant & Machinery,Serial No,Asset,8,Yes,TEXTAREA,IIRM Sri Lanka
30008,Contractors Plant & Machinery,Chassis No,Asset,9,Yes,TEXTAREA,IIRM Sri Lanka
30008,Contractors Plant & Machinery,YOM,Asset,10,Yes,TEXTAREA,IIRM Sri Lanka
30008,Contractors Plant & Machinery,Scope of Cover,Asset,11,Yes,TEXT,IIRM Sri Lanka
30008,Contractors Plant & Machinery,"Any unforeseen and sudden physical loss or damage from any cause other than those specifically excluded in a manner necessitating repair or replacement,",Basic,12,Yes,TEXTAREA,IIRM Sri Lanka
30008,Contractors Plant & Machinery,Extensions,Asset,13,Yes,TEXT,IIRM Sri Lanka
30008,Contractors Plant & Machinery,"Strike, Riot and Civil Commotion (SRCC)",Basic,14,Yes,TEXTAREA,IIRM Sri Lanka
30008,Contractors Plant & Machinery,Terrorism,Basic,15,Yes,TEXTAREA,IIRM Sri Lanka
30008,Contractors Plant & Machinery,"Inland transit cover - Including Loading, Unloading Cover",Basic,16,Yes,TEXTAREA,IIRM Sri Lanka
30008,Contractors Plant & Machinery,Bodily injury/Property damage,Basic,17,Yes,TEXTAREA,IIRM Sri Lanka
30008,Contractors Plant & Machinery,Deductibles/ Excess,Basic,18,Yes,TEXTAREA,IIRM Sri Lanka
30008,Contractors Plant & Machinery,All  claims,Basic,19,Yes,TEXTAREA,IIRM Sri Lanka
30008,Contractors Plant & Machinery,Premium LKR,Basic,20,Yes,TEXT,IIRM Sri Lanka
30008,Contractors Plant & Machinery,Premium Exc. Taxes,Asset,21,Yes,TEXTAREA,IIRM Sri Lanka
30008,Contractors Plant & Machinery,Premium including Taxes,Asset,22,Yes,TEXTAREA,IIRM Sri Lanka
30008,Contractors Plant & Machinery,Warranties,Basic,23,Yes,TEXTAREA,IIRM Sri Lanka
30008,Contractors Plant & Machinery,Conditions,Basic,24,Yes,TEXTAREA,IIRM Sri Lanka
30008,Contractors Plant & Machinery,Exclusions,Basic,25,Yes,TEXTAREA,IIRM Sri Lanka
30008,Contractors Plant & Machinery,Subjectivities,Basic,26,Yes,TEXTAREA,IIRM Sri Lanka
18503,Contractors Plant & Machinery Insurance (CPM),Engineering – CPM,Basic,1,Yes,TEXTAREA,IIRM India
18503,Contractors Plant & Machinery Insurance (CPM),Others,Asset,2,No,TEXTAREA,IIRM India
20669,Contractors Plant & Machinery Insurance (CPM),,,,,,
15035,Credit Insurance,Credit / Trade Credit,Basic,1,Yes,TEXTAREA,IIRM India
15035,Credit Insurance,Others,Asset,2,No,TEXTAREA,IIRM India
15026,Crime Insurance / Fidelity & Crime Insurance,Name of the Insured,Asset,1,No,TEXTAREA,IIRM India
15026,Crime Insurance / Fidelity & Crime Insurance,Address of Insured,Asset,2,No,TEXTAREA,IIRM India
15026,Crime Insurance / Fidelity & Crime Insurance,Business Activities of Company,Asset,3,No,TEXTAREA,IIRM India
15026,Crime Insurance / Fidelity & Crime Insurance,Name of the Intermediary ( Existing & New if applicable ),Asset,4,No,TEXTAREA,IIRM India
15026,Crime Insurance / Fidelity & Crime Insurance,Contact Details including E Mail ID,Asset,5,No,TEXTAREA,IIRM India
15026,Crime Insurance / Fidelity & Crime Insurance,Expiring Policy Details,Asset,6,No,TEXTAREA,IIRM India
15026,Crime Insurance / Fidelity & Crime Insurance,Period of Insurance and Policy Number,Asset,7,No,TEXTAREA,IIRM India
15026,Crime Insurance / Fidelity & Crime Insurance,Insurer Details,Asset,8,No,TEXTAREA,IIRM India
15026,Crime Insurance / Fidelity & Crime Insurance,Expiring Policy Premium [w/o GST],Asset,9,No,TEXTAREA,IIRM India
15026,Crime Insurance / Fidelity & Crime Insurance,Claims History,Asset,10,No,TEXTAREA,IIRM India
15026,Crime Insurance / Fidelity & Crime Insurance,Renewal Policy Period,Asset,11,No,TEXTAREA,IIRM India
15026,Crime Insurance / Fidelity & Crime Insurance,Sum Insured/Limit of Liability,Asset,12,No,TEXTAREA,IIRM India
15026,Crime Insurance / Fidelity & Crime Insurance,AOA : AOY,Basic,13,Yes,TEXTAREA,IIRM India
15026,Crime Insurance / Fidelity & Crime Insurance,Policy Form,Basic,14,Yes,TEXTAREA,IIRM India
15026,Crime Insurance / Fidelity & Crime Insurance,Territory,Basic,15,Yes,TEXTAREA,IIRM India
15026,Crime Insurance / Fidelity & Crime Insurance,Jurisdiction,Basic,16,Yes,TEXTAREA,IIRM India
15026,Crime Insurance / Fidelity & Crime Insurance,Total Employees,Basic,17,Yes,TEXTAREA,IIRM India
15026,Crime Insurance / Fidelity & Crime Insurance,Retroactive Date,Basic,18,Yes,TEXTAREA,IIRM India
15026,Crime Insurance / Fidelity & Crime Insurance,Defense Cost,Basic,19,Yes,TEXTAREA,IIRM India
15026,Crime Insurance / Fidelity & Crime Insurance,Computer Fraud,Basic,20,Yes,TEXTAREA,IIRM India
15026,Crime Insurance / Fidelity & Crime Insurance,Employee Dishonesty,Basic,21,Yes,TEXTAREA,IIRM India
15026,Crime Insurance / Fidelity & Crime Insurance,Criminal damage,Basic,22,Yes,TEXTAREA,IIRM India
15026,Crime Insurance / Fidelity & Crime Insurance,Violent and Forcible Theft of Property,Basic,23,Yes,TEXTAREA,IIRM India
15026,Crime Insurance / Fidelity & Crime Insurance,Interest Receivable/ Payable,Basic,24,Yes,TEXTAREA,IIRM India
15026,Crime Insurance / Fidelity & Crime Insurance,Employee Theft,Basic,25,Yes,TEXTAREA,IIRM India
15026,Crime Insurance / Fidelity & Crime Insurance,Premises Cover,Basic,26,Yes,TEXTAREA,IIRM India
15026,Crime Insurance / Fidelity & Crime Insurance,Transit Cover,Basic,27,Yes,TEXTAREA,IIRM India
15026,Crime Insurance / Fidelity & Crime Insurance,Depository Forgery Cover & Alteration,Basic,28,Yes,TEXTAREA,IIRM India
15026,Crime Insurance / Fidelity & Crime Insurance,Reproducing Information Costs,Basic,29,Yes,TEXTAREA,IIRM India
15026,Crime Insurance / Fidelity & Crime Insurance,Cancellation Clause,Basic,30,Yes,TEXTAREA,IIRM India
15026,Crime Insurance / Fidelity & Crime Insurance,Investigation Costs,Basic,31,Yes,TEXTAREA,IIRM India
15026,Crime Insurance / Fidelity & Crime Insurance,Funds Transfer Fraud,Basic,32,Yes,TEXTAREA,IIRM India
15026,Crime Insurance / Fidelity & Crime Insurance,Counterfeit Money,Basic,33,Yes,TEXTAREA,IIRM India
15026,Crime Insurance / Fidelity & Crime Insurance,Loss Payee Clause,Basic,34,Yes,TEXTAREA,IIRM India
15026,Crime Insurance / Fidelity & Crime Insurance,"Care, custody and control",Basic,35,Yes,TEXTAREA,IIRM India
15026,Crime Insurance / Fidelity & Crime Insurance,Fake President Fraud,Basic,36,Yes,TEXTAREA,IIRM India
15026,Crime Insurance / Fidelity & Crime Insurance,Financial Loss as a result of an IT Criminal Act,Basic,37,Yes,TEXTAREA,IIRM India
15026,Crime Insurance / Fidelity & Crime Insurance,Reconstitution Costs as a result of an IT Criminal Act,Basic,38,Yes,TEXTAREA,IIRM India
15026,Crime Insurance / Fidelity & Crime Insurance,Third Party Crime,Basic,39,Yes,TEXTAREA,IIRM India
15026,Crime Insurance / Fidelity & Crime Insurance,"Money/Securities - Damage, Destruction or Disappearance Cover",Basic,40,Yes,TEXTAREA,IIRM India
15026,Crime Insurance / Fidelity & Crime Insurance,Credit Card Fraud,Basic,41,Yes,TEXTAREA,IIRM India
15026,Crime Insurance / Fidelity & Crime Insurance,Audit Fee,Basic,42,Yes,TEXTAREA,IIRM India
15026,Crime Insurance / Fidelity & Crime Insurance,Legal Expenses,Basic,43,Yes,TEXTAREA,IIRM India
15026,Crime Insurance / Fidelity & Crime Insurance,Control Group Clause,Basic,44,Yes,TEXTAREA,IIRM India
15026,Crime Insurance / Fidelity & Crime Insurance,Extended Reporting Period,Basic,45,Yes,TEXTAREA,IIRM India
15026,Crime Insurance / Fidelity & Crime Insurance,Certificate of Insurance,Basic,46,Yes,TEXTAREA,IIRM India
15026,Crime Insurance / Fidelity & Crime Insurance,Additional Insured Certificate,Basic,47,Yes,TEXTAREA,IIRM India
15026,Crime Insurance / Fidelity & Crime Insurance,Other Terms & Conditions,Basic,48,Yes,TEXTAREA,IIRM India
15026,Crime Insurance / Fidelity & Crime Insurance,Exclusions,Asset,49,No,TEXTAREA,IIRM India
15026,Crime Insurance / Fidelity & Crime Insurance,Deductibles/Retention,Asset,50,No,TEXTAREA,IIRM India
18581,Critical Illness Insurance,Health – Critical Illness,Basic,1,Yes,TEXTAREA,IIRM India
18581,Critical Illness Insurance,Others,Asset,2,No,TEXTAREA,IIRM India
20684,Critical Illness Insurance,,,,,,
19021,Crop,,,,,,
19031,Crop,,,,,,
30046,Customs Duty Package Policy,,,,,,
15029,Cyber Insurance,Liability – Cyber / Tech Risk,Basic,1,Yes,TEXTAREA,IIRM India
15029,Cyber Insurance,Others,Asset,2,No,TEXTAREA,IIRM India
15003,Cyber Liability Insurance,Business Activities,Asset,1,Yes,TEXTAREA,IIRM India
15003,Cyber Liability Insurance,Policy Period,Asset,2,Yes,TEXTAREA,IIRM India
15003,Cyber Liability Insurance,Address,Asset,3,Yes,TEXTAREA,IIRM India
15003,Cyber Liability Insurance,Limit of Liability,Asset,4,Yes,TEXTAREA,IIRM India
15003,Cyber Liability Insurance,Territory ,Add On,5,Yes,TEXTAREA,IIRM India
15003,Cyber Liability Insurance,Jurisdiction,Add On,6,Yes,TEXTAREA,IIRM India
15003,Cyber Liability Insurance,Retroactive date,Add On,7,Yes,TEXTAREA,IIRM India
15003,Cyber Liability Insurance,Personal Data Liability,Add On,8,Yes,TEXTAREA,IIRM India
15003,Cyber Liability Insurance,Corporate Data Liability,Add On,9,Yes,TEXTAREA,IIRM India
15003,Cyber Liability Insurance,Outsourcing Liability,Add On,10,Yes,TEXTAREA,IIRM India
15003,Cyber Liability Insurance,Data Security Liability,Add On,11,Yes,TEXTAREA,IIRM India
15003,Cyber Liability Insurance,E-theft,Add On,12,Yes,TEXTAREA,IIRM India
15003,Cyber Liability Insurance,E-communication endorsement,Add On,13,Yes,TEXTAREA,IIRM India
15003,Cyber Liability Insurance,E Threat Loss,Add On,14,Yes,TEXTAREA,IIRM India
15003,Cyber Liability Insurance,E Vandalism,Add On,15,Yes,TEXTAREA,IIRM India
15003,Cyber Liability Insurance,E Business Interruption and Additional Expenses,Add On,16,Yes,TEXTAREA,IIRM India
15003,Cyber Liability Insurance,Court Attendance Costs / Regulatory Action Defence Costs / Sub Limits required with Each Loss & Each Policy Period,Add On,17,Yes,TEXTAREA,IIRM India
15003,Cyber Liability Insurance,Data Administrative Fines,Add On,18,Yes,TEXTAREA,IIRM India
15003,Cyber Liability Insurance,Data Administrative Investigation,Add On,19,Yes,TEXTAREA,IIRM India
15003,Cyber Liability Insurance,Electronic Data / System Failure,Add On,20,Yes,TEXTAREA,IIRM India
15003,Cyber Liability Insurance,Disclosure Liability,Add On,21,Yes,TEXTAREA,IIRM India
15003,Cyber Liability Insurance,Repair of the Policyholder’s Reputation,Add On,22,Yes,TEXTAREA,IIRM India
15003,Cyber Liability Insurance,Repair of Individual Reputation,Add On,23,Yes,TEXTAREA,IIRM India
15003,Cyber Liability Insurance,Privacy Notification & Monitoring Cost,Add On,24,Yes,TEXTAREA,IIRM India
15003,Cyber Liability Insurance,Crisis Management Expense,Add On,25,Yes,TEXTAREA,IIRM India
15003,Cyber Liability Insurance,Forensic Services,Add On,26,Yes,TEXTAREA,IIRM India
15003,Cyber Liability Insurance,Proactive Forensic,Add On,27,Yes,TEXTAREA,IIRM India
15003,Cyber Liability Insurance,Reward Expenses,Add On,28,Yes,TEXTAREA,IIRM India
15003,Cyber Liability Insurance,PCI DSS assessment (EPayment),Add On,29,Yes,TEXTAREA,IIRM India
15003,Cyber Liability Insurance,Extended Reporting Period (ERP) ,Add On,30,Yes,TEXTAREA,IIRM India
15003,Cyber Liability Insurance,Media Content Liability,Add On,31,Yes,TEXTAREA,IIRM India
15003,Cyber Liability Insurance,Cyber Extortion Liability,Add On,32,Yes,TEXTAREA,IIRM India
15003,Cyber Liability Insurance,Network Interruption Insurance,Add On,33,Yes,TEXTAREA,IIRM India
15003,Cyber Liability Insurance,Reputation Liability,Add On,34,Yes,TEXTAREA,IIRM India
15003,Cyber Liability Insurance,Content Liability,Add On,35,Yes,TEXTAREA,IIRM India
15003,Cyber Liability Insurance,Conduit Liability,Add On,36,Yes,TEXTAREA,IIRM India
15003,Cyber Liability Insurance,Impaired Access Liability,Add On,37,Yes,TEXTAREA,IIRM India
15003,Cyber Liability Insurance,Sanction Endorsement / Embargo Clause,Add On,38,Yes,TEXTAREA,IIRM India
15003,Cyber Liability Insurance,Employee records to be covered,Add On,39,Yes,TEXTAREA,IIRM India
15003,Cyber Liability Insurance,Additional insured ,Add On,40,Yes,TEXTAREA,IIRM India
15003,Cyber Liability Insurance,Waiver of subrogation,Add On,41,Yes,TEXTAREA,IIRM India
15003,Cyber Liability Insurance,Control Group clause with respect to Risk Manager or General Counsel,Add On,42,Yes,TEXTAREA,IIRM India
15003,Cyber Liability Insurance,Court attendance fees,Add On,43,Yes,TEXTAREA,IIRM India
15003,Cyber Liability Insurance,Psychological support expenses,Add On,44,Yes,TEXTAREA,IIRM India
15003,Cyber Liability Insurance,Pending or Prior date,Add On,45,Yes,TEXTAREA,IIRM India
15003,Cyber Liability Insurance,Endorsement,Add On,46,Yes,TEXTAREA,IIRM India
15003,Cyber Liability Insurance,Iran risk clause,Add On,47,Yes,TEXTAREA,IIRM India
15003,Cyber Liability Insurance,Emergency Cost,Add On,48,Yes,TEXTAREA,IIRM India
15003,Cyber Liability Insurance,Credit Monitoring Costs,Add On,49,Yes,TEXTAREA,IIRM India
15003,Cyber Liability Insurance,Automatic cover for newly acquired subsidiaries,Add On,50,Yes,TEXTAREA,IIRM India
15003,Cyber Liability Insurance,Regulatory Fines and Penalties wherever insurable by law (Regulatory Action Defense costs),Add On,51,Yes,TEXTAREA,IIRM India
15003,Cyber Liability Insurance,Cyber Terrorism Endorsement,Add On,52,Yes,TEXTAREA,IIRM India
15003,Cyber Liability Insurance,Other Terms & Coniditions,Add On,53,Yes,TEXTAREA,IIRM India
15003,Cyber Liability Insurance,Deductibles/Retention,Add On,54,Yes,TEXTAREA,IIRM India
18571,Cyber Safe Insurance,Liability – Cyber,Basic,1,Yes,TEXTAREA,IIRM India
18571,Cyber Safe Insurance,Others,Asset,2,No,TEXTAREA,IIRM India
20904,Cyber Safe Insurance,,,,,,
30014,Deterioration of Stock,Description of item,Asset,4,Yes,TEXT,IIRM Sri Lanka
30014,Deterioration of Stock,Frozen Stock,Asset,5,Yes,TEXTAREA,IIRM Sri Lanka
30014,Deterioration of Stock,Total Sum Insured,Asset,6,Yes,TEXTAREA,IIRM Sri Lanka
30014,Deterioration of Stock,Scope of Cover,Asset,7,Yes,TEXT,IIRM Sri Lanka
30014,Deterioration of Stock,The goods suffer loss or damage caused by deterioration  due to any unforeseen and sudden physical loss of or damage to the machinery,Basic,8,Yes,TEXTAREA,IIRM Sri Lanka
30014,Deterioration of Stock,Deductibles/ Excess,Basic,9,Yes,TEXTAREA,IIRM Sri Lanka
30014,Deterioration of Stock,All other claims,Basic,10,Yes,TEXTAREA,IIRM Sri Lanka
30014,Deterioration of Stock,Premium LKR,Basic,11,Yes,TEXT,IIRM Sri Lanka
30014,Deterioration of Stock,Premium Exc. Taxes,Asset,12,Yes,TEXTAREA,IIRM Sri Lanka
30014,Deterioration of Stock,Premium including Taxes,Asset,13,Yes,TEXTAREA,IIRM Sri Lanka
30014,Deterioration of Stock,Warranties,Basic,14,Yes,TEXTAREA,IIRM Sri Lanka
30014,Deterioration of Stock,Conditions,Basic,15,Yes,TEXTAREA,IIRM Sri Lanka
30014,Deterioration of Stock,Exclusions,Basic,16,Yes,TEXTAREA,IIRM Sri Lanka
30014,Deterioration of Stock,Subjectivities,Basic,17,Yes,TEXTAREA,IIRM Sri Lanka
18587,Deterioration of Stocks Insurance,Engineering / Property – DOS,Basic,1,Yes,TEXTAREA,IIRM India
18587,Deterioration of Stocks Insurance,Others,Asset,2,No,TEXTAREA,IIRM India
20690,Deterioration of Stocks Insurance,,,,,,
30016,Directors & Officers Liability,Insured's Business,Asset,3,Yes,TEXT,IIRM Sri Lanka
30016,Directors & Officers Liability,Name of Insured,Asset,5,Yes,TEXT,IIRM Sri Lanka
30016,Directors & Officers Liability,Address,Asset,6,Yes,TEXT,IIRM Sri Lanka
30016,Directors & Officers Liability,Limit of Liability (aggregate),Asset,7,Yes,TEXT,IIRM Sri Lanka
30016,Directors & Officers Liability,Jurisdiction,Asset,8,Yes,TEXT,IIRM Sri Lanka
30016,Directors & Officers Liability,Territory,Asset,9,Yes,TEXT,IIRM Sri Lanka
30016,Directors & Officers Liability,Retroactive Date,Asset,10,Yes,TEXT,IIRM Sri Lanka
30016,Directors & Officers Liability,Scope of Cover,Asset,11,Yes,TEXT,IIRM Sri Lanka
30016,Directors & Officers Liability,Directors & Officers Liability,Basic,12,Yes,TEXTAREA,IIRM Sri Lanka
30016,Directors & Officers Liability,Company Reimbursement Coverage,Basic,13,Yes,TEXTAREA,IIRM Sri Lanka
30016,Directors & Officers Liability,Company Insurance for Securities Claims,Basic,14,Yes,TEXTAREA,IIRM Sri Lanka
30016,Directors & Officers Liability,Legal Representation Cost,Basic,15,Yes,TEXTAREA,IIRM Sri Lanka
30016,Directors & Officers Liability,Extensions,Asset,16,Yes,TEXT,IIRM Sri Lanka
30016,Directors & Officers Liability,Additional Excess Limit for Non-Indemnifiable Loss,Basic,17,Yes,TEXTAREA,IIRM Sri Lanka
30016,Directors & Officers Liability,Cover for new subsidiaries,Basic,18,Yes,TEXTAREA,IIRM Sri Lanka
30016,Directors & Officers Liability,Emergency Defence Costs,Basic,19,Yes,TEXTAREA,IIRM Sri Lanka
30016,Directors & Officers Liability,Advancement of Defence Costs,Basic,20,Yes,TEXTAREA,IIRM Sri Lanka
30016,Directors & Officers Liability,Occupational Health and Safety Defence Costs,Basic,21,Yes,TEXTAREA,IIRM Sri Lanka
30016,Directors & Officers Liability,Retired Director or Officer Cover,Basic,22,Yes,TEXTAREA,IIRM Sri Lanka
30016,Directors & Officers Liability,Takeovers and Mergers Run-off,Basic,23,Yes,TEXTAREA,IIRM Sri Lanka
30016,Directors & Officers Liability,Outside Directorship Extension,Basic,24,Yes,TEXTAREA,IIRM Sri Lanka
30016,Directors & Officers Liability,Management Buy-outs,Basic,25,Yes,TEXTAREA,IIRM Sri Lanka
30016,Directors & Officers Liability,Tax Extension,Basic,26,Yes,TEXTAREA,IIRM Sri Lanka
30016,Directors & Officers Liability,"Bail Bond Costs, Crisis Costs, Public Relations Expenses & Reputation Protection Expenses",Basic,27,Yes,TEXTAREA,IIRM Sri Lanka
30016,Directors & Officers Liability,Extradition Proceedings,Basic,28,Yes,TEXTAREA,IIRM Sri Lanka
30016,Directors & Officers Liability,Prosecution Costs,Basic,29,Yes,TEXTAREA,IIRM Sri Lanka
30016,Directors & Officers Liability,Fines and Penalties,Basic,30,Yes,TEXTAREA,IIRM Sri Lanka
30016,Directors & Officers Liability,Deprivation of Assets Extension,Basic,31,Yes,TEXTAREA,IIRM Sri Lanka
30016,Directors & Officers Liability,Crisis Costs,Basic,32,Yes,TEXTAREA,IIRM Sri Lanka
30016,Directors & Officers Liability,Pollution Defence Costs,Basic,33,Yes,TEXTAREA,IIRM Sri Lanka
30016,Directors & Officers Liability,Entity Employment Practice Liability,Basic,34,Yes,TEXTAREA,IIRM Sri Lanka
30016,Directors & Officers Liability,Entity Securities Coverage,Basic,35,Yes,TEXTAREA,IIRM Sri Lanka
30016,Directors & Officers Liability,Counselling Services Extension,Basic,36,Yes,TEXTAREA,IIRM Sri Lanka
30016,Directors & Officers Liability,Pension Trustee Liability,Basic,37,Yes,TEXTAREA,IIRM Sri Lanka
30016,Directors & Officers Liability,Official investigation cost,Basic,38,Yes,TEXTAREA,IIRM Sri Lanka
30016,Directors & Officers Liability,"Lawful Spouse, Domestic Partner or Family member liability",Basic,39,Yes,TEXTAREA,IIRM Sri Lanka
30016,Directors & Officers Liability,Self Report Investigation,Basic,40,Yes,TEXTAREA,IIRM Sri Lanka
30016,Directors & Officers Liability,Deductible/ Retension,Asset,41,Yes,TEXT,IIRM Sri Lanka
30016,Directors & Officers Liability,Deductibles,Basic,42,Yes,TEXTAREA,IIRM Sri Lanka
30016,Directors & Officers Liability,Exclusion,Asset,43,Yes,TEXT,IIRM Sri Lanka
30016,Directors & Officers Liability,Exclusion,Basic,44,Yes,TEXTAREA,IIRM Sri Lanka
3214,Directors and Officers Liability Insurance (D&O),Employment Practices Claim Panel Counsel,Deductable / copay,1,Yes,TEXT,IIRM India
3214,Directors and Officers Liability Insurance (D&O),Limit of Liability / Indemnity Limit,Deductable / copay,1,Yes,TEXT,IIRM India
3214,Directors and Officers Liability Insurance (D&O),Policy type: Claims made basis,Deductable / copay,2,Yes,TEXT,IIRM India
3214,Directors and Officers Liability Insurance (D&O),New Subsidiary Cover,Deductable / copay,2,Yes,TEXT,IIRM India
3214,Directors and Officers Liability Insurance (D&O),Inaccurate statement of financial conditions,Deductable / copay,3,Yes,TEXT,IIRM India
3214,Directors and Officers Liability Insurance (D&O),Territory ,Deductable / copay,3,Yes,TEXT,IIRM India
3214,Directors and Officers Liability Insurance (D&O),Error in annual accounts,Deductable / copay,4,Yes,TEXT,IIRM India
3214,Directors and Officers Liability Insurance (D&O),Jurisdiction,Deductable / copay,4,Yes,TEXT,IIRM India
3214,Directors and Officers Liability Insurance (D&O),Unfair allotment of shares,Deductable / copay,5,Yes,TEXT,IIRM India
3214,Directors and Officers Liability Insurance (D&O),Emergency Costs,Deductable / copay,5,Yes,TEXT,IIRM India
3214,Directors and Officers Liability Insurance (D&O),Bodily Injury & Property Damage Defence Costs,Basic,6,Yes,TEXT,IIRM India
3214,Directors and Officers Liability Insurance (D&O),Mismanagement of funds,Basic,6,Yes,TEXT,IIRM India
3214,Directors and Officers Liability Insurance (D&O),Non – Executive Directors Protection - Jurisdiction,Basic,7,Yes,TEXT,IIRM India
3214,Directors and Officers Liability Insurance (D&O),Conflict of interest,Basic,7,Yes,TEXT,IIRM India
3214,Directors and Officers Liability Insurance (D&O),Discovery Period,Basic,8,Yes,TEXT,IIRM India
3214,Directors and Officers Liability Insurance (D&O),"Lack of judgment, diligence, good faith",Basic,8,Yes,TEXT,IIRM India
3214,Directors and Officers Liability Insurance (D&O),Management Liability,Add On,9,Yes,TEXT,IIRM India
3214,Directors and Officers Liability Insurance (D&O),"Amended Definition of Insured Person to include Chairman, Secretary, Treasurer, Managing committee member",Add On,9,Yes,TEXT,IIRM India
3214,Directors and Officers Liability Insurance (D&O),Legal Representation,Add On,10,Yes,TEXTAREA,IIRM India
3214,Directors and Officers Liability Insurance (D&O),Company Securities,Add On,10,Yes,TEXTAREA,IIRM India
3214,Directors and Officers Liability Insurance (D&O),Civil Fines & Penalties,Add On,11,Yes,TEXT,IIRM India
3214,Directors and Officers Liability Insurance (D&O),Investigation,Add On,11,Yes,TEXT,IIRM India
3214,Directors and Officers Liability Insurance (D&O),Retired Directors,Add On,12,Yes,TEXT,IIRM India
3214,Directors and Officers Liability Insurance (D&O),Non – Executive Directors Protection - Entity EPLI ,Add On,12,Yes,TEXT,IIRM India
3214,Directors and Officers Liability Insurance (D&O),Counselling,Add On,13,Yes,TEXT,IIRM India
3214,Directors and Officers Liability Insurance (D&O),Extradition,Add On,13,Yes,TEXT,IIRM India
3214,Directors and Officers Liability Insurance (D&O),Outside Directorship,Add On,14,Yes,TEXTAREA,IIRM India
3214,Directors and Officers Liability Insurance (D&O),Court Attendance cost,Add On,14,Yes,TEXTAREA,IIRM India
3214,Directors and Officers Liability Insurance (D&O),Assets & Liberty,Add On,15,Yes,TEXT,IIRM India
3214,Directors and Officers Liability Insurance (D&O),Mitigation cost ,Add On,15,Yes,TEXT,IIRM India
3214,Directors and Officers Liability Insurance (D&O),"Spouse, Estates, Heirs & Legal Representatives Cover",Add On,16,Yes,TEXT,IIRM India
3214,Directors and Officers Liability Insurance (D&O),Public Relations Expenses,Add On,16,Yes,TEXT,IIRM India
3214,Directors and Officers Liability Insurance (D&O),Major Shareholder Exclusion,Add On,17,Yes,TEXT,IIRM India
3214,Directors and Officers Liability Insurance (D&O),Claims,Add On,17,Yes,TEXT,IIRM India
3214,Directors and Officers Liability Insurance (D&O),Company Employment Practice Liability,Add On,18,Yes,TEXT,IIRM India
3214,Directors and Officers Liability Insurance (D&O),Excess/Deductibles,Add On,18,Yes,TEXT,IIRM India
3214,Directors and Officers Liability Insurance (D&O),Prospectus exclusion with carve back for private placement,Add On,19,Yes,TEXT,IIRM India
3214,Directors and Officers Liability Insurance (D&O),Other Terms & Conditions,Add On,19,Yes,TEXT,IIRM India
3214,Directors and Officers Liability Insurance (D&O),Occupational Safety and Health Defence Costs,Add On,20,Yes,TEXT,IIRM India
3214,Directors and Officers Liability Insurance (D&O),Corporate Manslaughter Endorsement,Add On,21,Yes,TEXT,IIRM India
3214,Directors and Officers Liability Insurance (D&O),Interpretive Counsel Endorsement,Add On,22,Yes,TEXT,IIRM India
3214,Directors and Officers Liability Insurance (D&O),Crisis communication Cover,Basic,22,Yes,TEXT,IIRM India
3214,Directors and Officers Liability Insurance (D&O),Employed Lawyer’s Extension,Deductable / copay,22,Yes,TEXT,IIRM India
3214,Directors and Officers Liability Insurance (D&O),Others,Asset,44,No,TEXTAREA,IIRM India
20619,Directors and Officers Liability Insurance (D&O),,,,,,
30003,Dwelling house,Business Occupation  :,Asset,2,Yes,TEXT,IIRM Sri Lanka
30003,Dwelling house,Risk Location 1,Asset,5,Yes,TEXTAREA,IIRM Sri Lanka
30003,Dwelling house,Occupation,Asset,6,Yes,TEXTAREA,IIRM Sri Lanka
30003,Dwelling house,Description,Asset,7,Yes,TEXT,IIRM Sri Lanka
30003,Dwelling house,"Building including permanent fixtures and fittings,Boundary wall",Asset,8,Yes,TEXTAREA,IIRM Sri Lanka
30003,Dwelling house,Furniture and household,Asset,9,Yes,TEXTAREA,IIRM Sri Lanka
30003,Dwelling house,Electric Items,Asset,10,Yes,TEXTAREA,IIRM Sri Lanka
30003,Dwelling house,On other Contents,Asset,11,Yes,TEXTAREA,IIRM Sri Lanka
30003,Dwelling house,Total Sum Insured of Location,Asset,12,Yes,TEXT,IIRM Sri Lanka
30003,Dwelling house,Scope of Cover,Asset,13,Yes,TEXT,IIRM Sri Lanka
30003,Dwelling house,All risks of direct physical loss and / or damage as more specifically described in the Property All Risks ABI Wording.,Basic,14,Yes,TEXTAREA,IIRM Sri Lanka
30003,Dwelling house,Fire and / or lightning,Basic,15,Yes,TEXTAREA,IIRM Sri Lanka
30003,Dwelling house,Explosion,Basic,16,Yes,TEXTAREA,IIRM Sri Lanka
30003,Dwelling house,Malicious Damage,Basic,17,Yes,TEXTAREA,IIRM Sri Lanka
30003,Dwelling house,Impact Damage including own vehicles,Basic,18,Yes,TEXTAREA,IIRM Sri Lanka
30003,Dwelling house,Aircraft damage,Basic,19,Yes,TEXTAREA,IIRM Sri Lanka
30003,Dwelling house,"Cyclone, Storm & Tempest",Basic,20,Yes,TEXTAREA,IIRM Sri Lanka
30003,Dwelling house,Flood,Basic,21,Yes,TEXTAREA,IIRM Sri Lanka
30003,Dwelling house,"All other Natural Perils Including Earthquake, volcanic eruption, hurricane, typhoon, tornado, wind-storm, hailstorm, tsunami, tridal wave, thunderstorm, & rainstorm due to atmospheric disturbances",Basic,22,Yes,TEXTAREA,IIRM Sri Lanka
30003,Dwelling house,Bursting & overflowing of water tanks pipes & apparatus,Basic,23,Yes,TEXTAREA,IIRM Sri Lanka
30003,Dwelling house,Electrical Inclusion with Fire Mark,Basic,24,Yes,TEXTAREA,IIRM Sri Lanka
30003,Dwelling house,Electrical Inclusion without Fire/burn marks,Basic,25,Yes,TEXTAREA,IIRM Sri Lanka
30003,Dwelling house,Burglary,Basic,26,Yes,TEXTAREA,IIRM Sri Lanka
30003,Dwelling house,Accidental Damage,Basic,27,Yes,TEXTAREA,IIRM Sri Lanka
30003,Dwelling house,Extensions,Asset,28,Yes,TEXT,IIRM Sri Lanka
30003,Dwelling house,Riot & Strike,Basic,29,Yes,TEXTAREA,IIRM Sri Lanka
30003,Dwelling house,Terrorism,Basic,30,Yes,TEXTAREA,IIRM Sri Lanka
30003,Dwelling house,Additional Clause,Basic,31,Yes,TEXT,IIRM Sri Lanka
30003,Dwelling house,All other contents,Basic,32,Yes,TEXTAREA,IIRM Sri Lanka
30003,Dwelling house,Alterations & Repairs,Basic,33,Yes,TEXTAREA,IIRM Sri Lanka
30003,Dwelling house,Appraisement,Basic,34,Yes,TEXTAREA,IIRM Sri Lanka
30003,Dwelling house,Architects’ & Surveyors’ & Consultant Engineers Fees,Basic,35,Yes,TEXTAREA,IIRM Sri Lanka
30003,Dwelling house,Automatic Reinstatement of the Sum Insured,Basic,36,Yes,TEXTAREA,IIRM Sri Lanka
30003,Dwelling house,Average relief Clause,Basic,37,Yes,TEXTAREA,IIRM Sri Lanka
30003,Dwelling house,Capital Addition,Basic,38,Yes,TEXTAREA,IIRM Sri Lanka
30003,Dwelling house,Civil Authorities,Basic,39,Yes,TEXTAREA,IIRM Sri Lanka
30003,Dwelling house,Contract price,Basic,40,Yes,TEXTAREA,IIRM Sri Lanka
30003,Dwelling house,Cost of re erection,Basic,41,Yes,TEXTAREA,IIRM Sri Lanka
30003,Dwelling house,Cost of recompiling records and claims preparation,Basic,42,Yes,TEXTAREA,IIRM Sri Lanka
30003,Dwelling house,Description of property insured,Basic,43,Yes,TEXTAREA,IIRM Sri Lanka
30003,Dwelling house,Designation of the Property,Basic,44,Yes,TEXTAREA,IIRM Sri Lanka
30003,Dwelling house,Errors & Omissions,Basic,45,Yes,TEXTAREA,IIRM Sri Lanka
30003,Dwelling house,Escalation,Basic,46,Yes,TEXTAREA,IIRM Sri Lanka
30003,Dwelling house,Expediting Expenses (Inc. Air Freight),Basic,47,Yes,TEXTAREA,IIRM Sri Lanka
30003,Dwelling house,Fire Brigade Clause,Basic,48,Yes,TEXTAREA,IIRM Sri Lanka
30003,Dwelling house,Fire Extinguishing Cost,Basic,49,Yes,TEXTAREA,IIRM Sri Lanka
30003,Dwelling house,Hazardous Goods,Basic,50,Yes,TEXTAREA,IIRM Sri Lanka
30003,Dwelling house,Heating & Power,Basic,51,Yes,TEXTAREA,IIRM Sri Lanka
30003,Dwelling house,Internal Removal,Basic,52,Yes,TEXTAREA,IIRM Sri Lanka
30003,Dwelling house,Involuntary betterment Clause,Basic,53,Yes,TEXTAREA,IIRM Sri Lanka
30003,Dwelling house,Loss Notification,Basic,54,Yes,TEXTAREA,IIRM Sri Lanka
30003,Dwelling house,Loss of rent and Alternative Accommodation,Basic,55,Yes,TEXTAREA,IIRM Sri Lanka
30003,Dwelling house,Minor Alteration,Basic,56,Yes,TEXTAREA,IIRM Sri Lanka
30003,Dwelling house,Misdescription,Basic,57,Yes,TEXTAREA,IIRM Sri Lanka
30003,Dwelling house,Nominated Loss Adjuster,Basic,58,Yes,TEXTAREA,IIRM Sri Lanka
30003,Dwelling house,Non-invalidation,Basic,59,Yes,TEXTAREA,IIRM Sri Lanka
30003,Dwelling house,"Out Buildings including Fences, Compound walls, Roads & Electrical Installation",Basic,60,Yes,TEXTAREA,IIRM Sri Lanka
30003,Dwelling house,Payment on account clause,Basic,61,Yes,TEXTAREA,IIRM Sri Lanka
30003,Dwelling house,Premises,Basic,62,Yes,TEXTAREA,IIRM Sri Lanka
30003,Dwelling house,Property temporary removed/  stored,Basic,63,Yes,TEXTAREA,IIRM Sri Lanka
30003,Dwelling house,Public Authorities,Basic,64,Yes,TEXTAREA,IIRM Sri Lanka
30003,Dwelling house,Reinstatement average relief clause,Basic,65,Yes,TEXTAREA,IIRM Sri Lanka
30003,Dwelling house,Removal of Debris,Basic,66,Yes,TEXTAREA,IIRM Sri Lanka
30003,Dwelling house,Smoke damage,Basic,67,Yes,TEXTAREA,IIRM Sri Lanka
30003,Dwelling house,Vehicle Load,Basic,68,Yes,TEXTAREA,IIRM Sri Lanka
30003,Dwelling house,Deductibles/ Excess,Basic,69,Yes,TEXTAREA,IIRM Sri Lanka
30003,Dwelling house,Riot & Strike & Civil Commotion,Basic,70,Yes,TEXTAREA,IIRM Sri Lanka
30003,Dwelling house,Terrorism,Basic,71,Yes,TEXTAREA,IIRM Sri Lanka
30003,Dwelling house,All other claims,Basic,72,Yes,TEXTAREA,IIRM Sri Lanka
30003,Dwelling house,Premium LKR,Basic,73,Yes,TEXT,IIRM Sri Lanka
30003,Dwelling house,Basic,Asset,74,Yes,TEXTAREA,IIRM Sri Lanka
30003,Dwelling house,Riot & Strike & Civil Commotion,Asset,75,Yes,TEXTAREA,IIRM Sri Lanka
30003,Dwelling house,Terrorism,Asset,76,Yes,TEXTAREA,IIRM Sri Lanka
30003,Dwelling house,Premium Exc. Taxes,Asset,77,Yes,TEXTAREA,IIRM Sri Lanka
30003,Dwelling house,Premium including Taxes,Asset,78,Yes,TEXTAREA,IIRM Sri Lanka
30003,Dwelling house,Warranties,Basic,79,Yes,TEXTAREA,IIRM Sri Lanka
30003,Dwelling house,Conditions,Basic,80,Yes,TEXTAREA,IIRM Sri Lanka
30003,Dwelling house,Exclusions,Basic,81,Yes,TEXTAREA,IIRM Sri Lanka
30003,Dwelling house,Subjectivities,Basic,82,Yes,TEXTAREA,IIRM Sri Lanka
30003,Dwelling house,Past Claims,Basic,83,Yes,TEXTAREA,IIRM Sri Lanka
18599,E-Cart 3-Wheeler Insurance,Motor – EV 3-Wheeler,Basic,1,Yes,TEXTAREA,IIRM India
18599,E-Cart 3-Wheeler Insurance,Others,Asset,2,No,TEXTAREA,IIRM India
20918,E-Cart 3-Wheeler Insurance,,,,,,
18515,Electric Two Wheeler Insurance,Motor – Electric Two Wheeler,Basic,1,Yes,TEXTAREA,IIRM India
18515,Electric Two Wheeler Insurance,Others,Asset,2,No,TEXTAREA,IIRM India
20676,Electric Two Wheeler Insurance,,,,,,
30005,Electronic All Risk,Business Occupation  :,Asset,2,Yes,TEXT,IIRM Sri Lanka
30005,Electronic All Risk,Risk Location 1,Asset,5,Yes,TEXTAREA,IIRM Sri Lanka
30005,Electronic All Risk,Description,Asset,6,Yes,TEXT,IIRM Sri Lanka
30005,Electronic All Risk,Risk Location 1 description,Asset,7,Yes,TEXTAREA,IIRM Sri Lanka
30005,Electronic All Risk,Total Sum Insured of Location,Asset,8,Yes,TEXT,IIRM Sri Lanka
30005,Electronic All Risk,Scope of Cover,Asset,9,Yes,TEXT,IIRM Sri Lanka
30005,Electronic All Risk,Electronic All Risk including all natural Perils,Basic,10,Yes,TEXTAREA,IIRM Sri Lanka
30005,Electronic All Risk,Extensions,Asset,11,Yes,TEXT,IIRM Sri Lanka
30005,Electronic All Risk,Riot & Strike & Civil Commotion,Basic,12,Yes,TEXTAREA,IIRM Sri Lanka
30005,Electronic All Risk,Terrorism,Basic,13,Yes,TEXTAREA,IIRM Sri Lanka
30005,Electronic All Risk,Automatic Reinstatement Clause,Basic,14,Yes,TEXTAREA,IIRM Sri Lanka
30005,Electronic All Risk,72 Hours Clause,Basic,15,Yes,TEXTAREA,IIRM Sri Lanka
30005,Electronic All Risk,Escalation,Basic,16,Yes,TEXTAREA,IIRM Sri Lanka
30005,Electronic All Risk,Capital Addition,Basic,17,Yes,TEXTAREA,IIRM Sri Lanka
30005,Electronic All Risk,Natural perils,Basic,18,Yes,TEXTAREA,IIRM Sri Lanka
30005,Electronic All Risk,Deductibles/ Excess,Basic,19,Yes,TEXTAREA,IIRM Sri Lanka
30005,Electronic All Risk,Riot & Strike & Civil Commotion,Basic,20,Yes,TEXTAREA,IIRM Sri Lanka
30005,Electronic All Risk,Terrorism,Basic,21,Yes,TEXTAREA,IIRM Sri Lanka
30005,Electronic All Risk,All other claims,Basic,22,Yes,TEXTAREA,IIRM Sri Lanka
30005,Electronic All Risk,Premium LKR,Basic,23,Yes,TEXT,IIRM Sri Lanka
30005,Electronic All Risk,Basic,Asset,24,Yes,TEXTAREA,IIRM Sri Lanka
30005,Electronic All Risk,Riot & Strike & Civil Commotion,Asset,25,Yes,TEXTAREA,IIRM Sri Lanka
30005,Electronic All Risk,Terrorism,Asset,26,Yes,TEXTAREA,IIRM Sri Lanka
30005,Electronic All Risk,Premium Exc. Taxes,Asset,27,Yes,TEXTAREA,IIRM Sri Lanka
30005,Electronic All Risk,Premium including Taxes,Asset,28,Yes,TEXTAREA,IIRM Sri Lanka
30005,Electronic All Risk,Warranties,Basic,29,Yes,TEXTAREA,IIRM Sri Lanka
30005,Electronic All Risk,Conditions,Basic,30,Yes,TEXTAREA,IIRM Sri Lanka
30005,Electronic All Risk,Exclusions,Basic,31,Yes,TEXTAREA,IIRM Sri Lanka
30005,Electronic All Risk,Subjectivities,Basic,32,Yes,TEXTAREA,IIRM Sri Lanka
30005,Electronic All Risk,Past Claims,Basic,33,Yes,TEXTAREA,IIRM Sri Lanka
18558,Electronic Equipment Insurance (EEI),Engineering – EEI,Basic,1,Yes,TEXTAREA,IIRM India
18558,Electronic Equipment Insurance (EEI),Others,Asset,2,No,TEXTAREA,IIRM India
20891,Electronic Equipment Insurance (EEI),,,,,,
20765,Electronic_Equipment_Insurance,,,,,,
3219,Employees’ Deposit Linked Insurance Scheme (EDLI),Sum Assured whether flat or graded,Basic,1,Yes,TEXT,IIRM India
3219,Employees’ Deposit Linked Insurance Scheme (EDLI),Mortality Information during the last 3 years separately,Basic,2,Yes,TEXT,IIRM India
3219,Employees’ Deposit Linked Insurance Scheme (EDLI),Provide accidental & Natural Deaths separately,Basic,3,Yes,TEXT,IIRM India
3219,Employees’ Deposit Linked Insurance Scheme (EDLI),Nature of Job of the members,Basic,4,Yes,DROPDOWN,IIRM India
3219,Employees’ Deposit Linked Insurance Scheme (EDLI),Worldwide Cover,Basic,8,Yes,DROPDOWN,IIRM India
3219,Employees’ Deposit Linked Insurance Scheme (EDLI),Free Cover Limit,Basic,8,Yes,DROPDOWN,IIRM India
3219,Employees’ Deposit Linked Insurance Scheme (EDLI),Endorsements for Members,Basic,8,Yes,DROPDOWN,IIRM India
3219,Employees’ Deposit Linked Insurance Scheme (EDLI),Other Terms and Conditions,Basic,8,Yes,DROPDOWN,IIRM India
3219,Employees’ Deposit Linked Insurance Scheme (EDLI),Waiving off Actively at work (AAW) clause for employees,Basic,8,Yes,DROPDOWN,IIRM India
3219,Employees’ Deposit Linked Insurance Scheme (EDLI),Suicide Clause,Basic,8,Yes,DROPDOWN,IIRM India
3219,Employees’ Deposit Linked Insurance Scheme (EDLI),Others,Asset,11,No,TEXTAREA,IIRM India
19022,Engineering,,,,,,
19032,Engineering,,,,,,
30018,Erection All Risk,Name of Insured,Asset,2,Yes,TEXT,IIRM Sri Lanka
30018,Erection All Risk,Name of Contractor,Asset,3,Yes,TEXT,IIRM Sri Lanka
30018,Erection All Risk,Name of Principal,Asset,4,Yes,TEXT,IIRM Sri Lanka
30018,Erection All Risk,Title of the project,Asset,5,Yes,TEXT,IIRM Sri Lanka
30018,Erection All Risk,Risk Loaction,Asset,6,Yes,TEXT,IIRM Sri Lanka
30018,Erection All Risk,Erection Period,Asset,8,Yes,TEXTAREA,IIRM Sri Lanka
30018,Erection All Risk,Testing and Commissioning,Asset,9,Yes,TEXTAREA,IIRM Sri Lanka
30018,Erection All Risk,Maintenance Period,Asset,10,Yes,TEXTAREA,IIRM Sri Lanka
30018,Erection All Risk,Sum insured - Section I,Asset,11,Yes,TEXT,IIRM Sri Lanka
30018,Erection All Risk,Erecrtion Cost + 15% (Including VAT),Basic,12,Yes,TEXTAREA,IIRM Sri Lanka
30018,Erection All Risk,Clearance of Debris,Basic,13,Yes,TEXTAREA,IIRM Sri Lanka
30018,Erection All Risk,Principal's Exisitng Property,Basic,14,Yes,TEXTAREA,IIRM Sri Lanka
30018,Erection All Risk,Contractor's Plant & Machinery,Basic,15,Yes,TEXTAREA,IIRM Sri Lanka
30018,Erection All Risk,Total Sum Insured – Section I,Basic,16,Yes,TEXTAREA,IIRM Sri Lanka
30018,Erection All Risk,Sum insured - Section II,Asset,17,Yes,TEXT,IIRM Sri Lanka
30018,Erection All Risk,Bodily Injury (Any one event),Basic,18,Yes,TEXTAREA,IIRM Sri Lanka
30018,Erection All Risk,Property damage (Any one event),Basic,19,Yes,TEXTAREA,IIRM Sri Lanka
30018,Erection All Risk,In the Aggregate ( No of occurrences are unlimited),Basic,20,Yes,TEXTAREA,IIRM Sri Lanka
30018,Erection All Risk,Scope of Cover,Asset,21,Yes,TEXT,IIRM Sri Lanka
30018,Erection All Risk,Any unforeseen and sudden physical loss or damage from any cause other than those specifically excluded in a manner necessitating repair or replacement,Basic,22,Yes,TEXTAREA,IIRM Sri Lanka
30018,Erection All Risk,Extensions,Asset,23,Yes,TEXT,IIRM Sri Lanka
30018,Erection All Risk,"Riots, Strike & Civil Commotion",Basic,24,Yes,TEXTAREA,IIRM Sri Lanka
30018,Erection All Risk,Terrorism,Basic,25,Yes,TEXTAREA,IIRM Sri Lanka
30018,Erection All Risk,"MRE 002 - Cross Liability (Principal, Contractor, Sub contractors)",Basic,26,Yes,TEXTAREA,IIRM Sri Lanka
30018,Erection All Risk,MRE 003 - Maintenance visit cover,Basic,27,Yes,TEXTAREA,IIRM Sri Lanka
30018,Erection All Risk,MRE 004 - Extended Maintenance cover,Basic,28,Yes,TEXTAREA,IIRM Sri Lanka
30018,Erection All Risk,MRE 005 - Special Conditions Concerning the Construction and/or Erection Time Schedule,Basic,29,Yes,TEXTAREA,IIRM Sri Lanka
30018,Erection All Risk,"MRE 006 - Cover of extra charges for overtime, night work, work on public holidays, express freight",Basic,30,Yes,TEXTAREA,IIRM Sri Lanka
30018,Erection All Risk,MRE 007 - Cover of extra charges for airfreight,Basic,31,Yes,TEXTAREA,IIRM Sri Lanka
30018,Erection All Risk,MRE 008 - Warranty Concerning Structures in Earthquake Zones,Basic,32,Yes,TEXTAREA,IIRM Sri Lanka
30018,Erection All Risk,"MRE 009 - Exclusion of loss, damage or liability due to earthquake",Basic,33,Yes,TEXTAREA,IIRM Sri Lanka
30018,Erection All Risk,"MRE 010 - Exclusion of loss, damage or liability due to flood and inundation",Basic,34,Yes,TEXTAREA,IIRM Sri Lanka
30018,Erection All Risk,MRE 011 - Serial Losses,Basic,35,Yes,TEXTAREA,IIRM Sri Lanka
30018,Erection All Risk,"MRE 012 - Exclusion of loss, damage or liability due to windstorm or wind-related water damage",Basic,36,Yes,TEXTAREA,IIRM Sri Lanka
30018,Erection All Risk,MRE 200 - Cover of Manufacturer’s Risk,Basic,37,Yes,TEXTAREA,IIRM Sri Lanka
30018,Erection All Risk,MRE 201 - Guarantee Cover,Basic,38,Yes,TEXTAREA,IIRM Sri Lanka
30018,Erection All Risk,MRE 202 - Cover of Construction/Erection Machinery,Basic,39,Yes,TEXTAREA,IIRM Sri Lanka
30018,Erection All Risk,MRE 203 - Exclusion Concerning Used Machinery,Basic,40,Yes,TEXTAREA,IIRM Sri Lanka
30018,Erection All Risk,MRE 204 - Special Condition 1 for Hydrocarbon Processing Industries,Basic,41,Yes,TEXTAREA,IIRM Sri Lanka
30018,Erection All Risk,MRE 205 - Special Condition 2 for Hydrocarbon Processing Industries,Basic,42,Yes,TEXTAREA,IIRM Sri Lanka
30018,Erection All Risk,MRE 206 - Special Conditions Concerning Fire-Fighting Facilities,Basic,43,Yes,TEXTAREA,IIRM Sri Lanka
30018,Erection All Risk,MRE 207 - Warranty concerning Camps & Store,Basic,44,Yes,TEXTAREA,IIRM Sri Lanka
30018,Erection All Risk,MRE 208 - Warranty Concerning Underground Cables and Pipes,Basic,45,Yes,TEXTAREA,IIRM Sri Lanka
30018,Erection All Risk,"MRE 209 - Exclusion of Loss of or Damage to Crops, Forests and Cultures",Basic,46,Yes,TEXTAREA,IIRM Sri Lanka
30018,Erection All Risk,MRE 211 - Cover of Nuclear Fuel Elements,Basic,47,Yes,TEXTAREA,IIRM Sri Lanka
30018,Erection All Risk,MRE 212 - Cover of Cost for Decontamination,Basic,48,Yes,TEXTAREA,IIRM Sri Lanka
30018,Erection All Risk,MRE 213 - Cover of Reactor Pressure Vessel with Internals,Basic,49,Yes,TEXTAREA,IIRM Sri Lanka
30018,Erection All Risk,MRE 214 - Exclusion of loss or damage due to subsidence,Basic,50,Yes,TEXTAREA,IIRM Sri Lanka
30018,Erection All Risk,"MRE 217 - Special Conditions for Open Trenches during Laying of Pipelines, Ducts and Cables",Basic,51,Yes,TEXTAREA,IIRM Sri Lanka
30018,Erection All Risk,MRE 218 - Cover of Leak Search Costs when Laying Pipelines,Basic,52,Yes,TEXTAREA,IIRM Sri Lanka
30018,Erection All Risk,"MRE 219 - Conditions for Horizontal Directional Drilling of Pipeline Routes below Rivers, Railway Embankments, Streets, etc.",Basic,53,Yes,TEXTAREA,IIRM Sri Lanka
30018,Erection All Risk,MRE 220 - Inland Transit,Basic,54,Yes,TEXTAREA,IIRM Sri Lanka
30018,Erection All Risk,"MRE 221 - Special Conditions Concerning Safety Measures with Respect to Precipitation, Flood and Inundation",Basic,55,Yes,TEXTAREA,IIRM Sri Lanka
30018,Erection All Risk,"MRE 222 - Exclusion of Losses, Damage or Liabilities Arising from Horizontal Directional Drilling",Basic,56,Yes,TEXTAREA,IIRM Sri Lanka
30018,Erection All Risk,Dewatering Clause,Basic,57,Yes,TEXTAREA,IIRM Sri Lanka
30018,Erection All Risk,Munich-Re Wet Risk Clause,Basic,58,Yes,TEXTAREA,IIRM Sri Lanka
30018,Erection All Risk,Plans & Documents,Basic,59,Yes,TEXTAREA,IIRM Sri Lanka
30018,Erection All Risk,Professional Fees,Basic,60,Yes,TEXTAREA,IIRM Sri Lanka
30018,Erection All Risk,Expediting Expenses,Basic,61,Yes,TEXTAREA,IIRM Sri Lanka
30018,Erection All Risk,Cessation of work whether total or partial,Basic,62,Yes,TEXTAREA,IIRM Sri Lanka
30018,Erection All Risk,72 Hours Clause,Basic,63,Yes,TEXTAREA,IIRM Sri Lanka
30018,Erection All Risk,Deductibles,Asset,64,Yes,TEXT,IIRM Sri Lanka
30018,Erection All Risk,Section I – Material Damage,Asset,65,Yes,TEXT,IIRM Sri Lanka
30018,Erection All Risk,"Strike, Riot & Civil Commotion",Basic,66,Yes,TEXTAREA,IIRM Sri Lanka
30018,Erection All Risk,Terrorism,Basic,67,Yes,TEXTAREA,IIRM Sri Lanka
30018,Erection All Risk,All other Claims,Basic,68,Yes,TEXTAREA,IIRM Sri Lanka
30018,Erection All Risk,Section II – Third Party Property Damage,Asset,69,Yes,TEXT,IIRM Sri Lanka
30018,Erection All Risk,Third party property damage,Basic,70,Yes,TEXTAREA,IIRM Sri Lanka
30018,Erection All Risk,Premium LKR,Asset,71,Yes,TEXT,IIRM Sri Lanka
30018,Erection All Risk,Basic,Asset,72,Yes,TEXTAREA,IIRM Sri Lanka
30018,Erection All Risk,SRCC,Asset,73,Yes,TEXTAREA,IIRM Sri Lanka
30018,Erection All Risk,Terrorism,Asset,74,Yes,TEXTAREA,IIRM Sri Lanka
30018,Erection All Risk,Excluding Taxes,Asset,75,Yes,TEXTAREA,IIRM Sri Lanka
30018,Erection All Risk,Including Taxes,Asset,76,Yes,TEXTAREA,IIRM Sri Lanka
30018,Erection All Risk,Warranties,Basic,77,Yes,TEXTAREA,IIRM Sri Lanka
30018,Erection All Risk,Conditions,Basic,78,Yes,TEXTAREA,IIRM Sri Lanka
30018,Erection All Risk,Exclusions,Basic,79,Yes,TEXTAREA,IIRM Sri Lanka
30018,Erection All Risk,Subjectivities,Basic,80,Yes,TEXTAREA,IIRM Sri Lanka
18543,Erection All Risk (EAR),FLEXA,Add On,1,Yes,TEXTAREA,IIRM India
18543,Erection All Risk (EAR),"Earthquake (Fire and Shock) +Tsunami, Storm, Typhon, Flood, Inundation and other AOG perils-",Add On,2,Yes,TEXTAREA,IIRM India
18543,Erection All Risk (EAR),STFI,Add On,3,Yes,TEXTAREA,IIRM India
18543,Erection All Risk (EAR),Third Party Liability with cross liability including extended maintenance period,Add On,4,Yes,TEXTAREA,IIRM India
18543,Erection All Risk (EAR),"Clearance and Removal of Debris including Foreign Debris, Demolition Expenses, and dewatering",Basis of SI,5,Yes,TEXTAREA,IIRM India
18543,Erection All Risk (EAR),Owners Surrounding Property with FLEXA including extended maintenance period,Deductable / copay,6,Yes,TEXTAREA,IIRM India
18543,Erection All Risk (EAR),Extended Maintenance Period,Add On,7,Yes,TEXTAREA,IIRM India
18543,Erection All Risk (EAR),Additional Customs duty,Add On,8,Yes,TEXTAREA,IIRM India
18543,Erection All Risk (EAR),Escalation,Add On,9,Yes,TEXTAREA,IIRM India
18543,Erection All Risk (EAR),Cover for offsite storage / fabrication,Add On,10,Yes,TEXTAREA,IIRM India
18543,Erection All Risk (EAR),"Architect, Surveyor Consulting engineers fee",Add On,11,Yes,TEXTAREA,IIRM India
18543,Erection All Risk (EAR),Waiver of subrogation Clause,Add On,12,Yes,TEXTAREA,IIRM India
18543,Erection All Risk (EAR),Design defect Cover as per Munich Re,Add On,13,Yes,TEXTAREA,IIRM India
18543,Erection All Risk (EAR),Valuable Documents Cover/Loss of Plans and Documents,Add On,14,Yes,TEXTAREA,IIRM India
18543,Erection All Risk (EAR),Continuity cover for part of contract works put into use or operation,Add On,15,Yes,TEXTAREA,IIRM India
18543,Erection All Risk (EAR),Waiver of FIR,Add On,16,Yes,TEXTAREA,IIRM India
18543,Erection All Risk (EAR),Loss minimization expenses,Add On,17,Yes,TEXTAREA,IIRM India
18543,Erection All Risk (EAR),Professional fees,Basic,18,Yes,TEXTAREA,IIRM India
18543,Erection All Risk (EAR),Free automatic Reinstatement Clause,Add On,19,Yes,TEXTAREA,IIRM India
18543,Erection All Risk (EAR),Waiver of Contribution Clause,Add On,20,Yes,TEXTAREA,IIRM India
18543,Erection All Risk (EAR),Amendment in firefighting endorsement,Add On,21,Yes,TEXTAREA,IIRM India
18543,Erection All Risk (EAR),Project Extension on Prorata basis irrespective of claim ratio,Add On,22,Yes,TEXTAREA,IIRM India
18543,Erection All Risk (EAR),Claim preparation cost,Add On,23,Yes,TEXTAREA,IIRM India
18543,Erection All Risk (EAR),Loss/Damage to Contractor Equipments and construction support items like shuttering and scaffolding etc,Add On,24,Yes,TEXTAREA,IIRM India
18543,Erection All Risk (EAR),"Cover for property belonging to or held in care, custody or control of the insured – over & above the project cost",Basis of SI,25,Yes,TEXTAREA,IIRM India
18543,Erection All Risk (EAR),Primary Insurance Clause,Deductable / copay,26,Yes,TEXTAREA,IIRM India
18543,Erection All Risk (EAR),"De-watering, De-silting, Sanding, Erosion, Mudding-up, Collapse",Add On,27,Yes,TEXTAREA,IIRM India
18543,Erection All Risk (EAR),Cessation of work cover,Add On,28,Yes,TEXTAREA,IIRM India
18543,Erection All Risk (EAR),Payment of on account clause,Add On,29,Yes,TEXTAREA,IIRM India
18543,Erection All Risk (EAR),Premium adjustment clause,Add On,30,Yes,TEXTAREA,IIRM India
18543,Erection All Risk (EAR),Refund Of Premium for Early Completion of The Project,Add On,31,Yes,TEXTAREA,IIRM India
18543,Erection All Risk (EAR),Non cancellation clause,Add On,32,Yes,TEXTAREA,IIRM India
18543,Erection All Risk (EAR),Cover for Reconstruction / Reinstatement including the cost of Demolition,Add On,33,Yes,TEXTAREA,IIRM India
18543,Erection All Risk (EAR),CPM equipments including sub-contractors equipments if any,Add On,34,Yes,TEXTAREA,IIRM India
18543,Erection All Risk (EAR),"Temporary works including roads, camps for workers, material storage place, Buildings/ sheds/site offices/ support structures, portacabins (separate Sum Insured)",Add On,35,Yes,TEXTAREA,IIRM India
18543,Erection All Risk (EAR),Temporary Access Road,Add On,36,Yes,TEXTAREA,IIRM India
18543,Erection All Risk (EAR),Temporary Repair clause,Add On,37,Yes,TEXTAREA,IIRM India
18543,Erection All Risk (EAR),Post loss modification cost / necessitated expenses for restoration works of affected items caused by any peril insured peril in the policy over and above the BOQ cost upto the specified limit in the policy & Involuntary Betterment civil,Basic,38,Yes,TEXTAREA,IIRM India
18543,Erection All Risk (EAR),Test leak and damage search costs,Add On,39,Yes,TEXTAREA,IIRM India
18543,Erection All Risk (EAR),Error and Omission clause,Add On,40,Yes,TEXTAREA,IIRM India
18543,Erection All Risk (EAR),Continuity of cover during operational phase for Unit and Integrated testing,Add On,41,Yes,TEXTAREA,IIRM India
18543,Erection All Risk (EAR),Pair and Sets / Consequential reduction in value,Add On,42,Yes,TEXTAREA,IIRM India
18543,Erection All Risk (EAR),Firefighting expenses,Add On,43,Yes,TEXTAREA,IIRM India
18543,Erection All Risk (EAR),"Cover of extra charges for overtime, night work, work on public holidays, express, expediting costs, Express freight including air freight",Add On,44,Yes,TEXTAREA,IIRM India
18543,Erection All Risk (EAR),Put to use clause,Basis of SI,45,Yes,TEXTAREA,IIRM India
18543,Erection All Risk (EAR),Escrow account clause,Deductable / copay,46,Yes,TEXTAREA,IIRM India
18543,Erection All Risk (EAR),Transit within project site,Add On,47,Yes,TEXTAREA,IIRM India
18543,Erection All Risk (EAR),"Accident, Overturning, Collision",Add On,48,Yes,TEXTAREA,IIRM India
18543,Erection All Risk (EAR),Contractors and Subcontractors,Add On,49,Yes,TEXTAREA,IIRM India
18543,Erection All Risk (EAR),Involuntary Betterment / Technology Advancement,Add On,50,Yes,TEXTAREA,IIRM India
18543,Erection All Risk (EAR),Waiver of improvement/betterment clause for replacement of selected machinery,Add On,51,Yes,TEXTAREA,IIRM India
18543,Erection All Risk (EAR),Crane hiring charges,Add On,52,Yes,TEXTAREA,IIRM India
18543,Erection All Risk (EAR),Burglary including theft & RSMD & SRCC,Add On,53,Yes,TEXTAREA,IIRM India
18543,Erection All Risk (EAR),Blockage of access to materials due to transit risks and losses,Add On,54,Yes,TEXTAREA,IIRM India
18543,Erection All Risk (EAR),Immediate repairs,Add On,55,Yes,TEXTAREA,IIRM India
18543,Erection All Risk (EAR),Leased equipment rental costs,Add On,56,Yes,TEXTAREA,IIRM India
18543,Erection All Risk (EAR),OEM clause,Add On,57,Yes,TEXTAREA,IIRM India
18543,Erection All Risk (EAR),Destruction of Sound Property,Basic,58,Yes,TEXTAREA,IIRM India
18543,Erection All Risk (EAR),Lender’s clauses,Add On,59,Yes,TEXTAREA,IIRM India
18543,Erection All Risk (EAR),Nominated Loss Adjuster's Clause,Add On,60,Yes,TEXTAREA,IIRM India
18543,Erection All Risk (EAR),Additional insured,Add On,61,Yes,TEXTAREA,IIRM India
18543,Erection All Risk (EAR),Non-Vitiation clause,Add On,62,Yes,TEXTAREA,IIRM India
18543,Erection All Risk (EAR),Loss payee clause,Add On,63,Yes,TEXTAREA,IIRM India
18543,Erection All Risk (EAR),50/50 Clause,Add On,64,Yes,TEXTAREA,IIRM India
18543,Erection All Risk (EAR),72 hours Clause,Basis of SI,65,Yes,TEXTAREA,IIRM India
18543,Erection All Risk (EAR),Agreed Bank Clause,Deductable / copay,66,Yes,TEXTAREA,IIRM India
18543,Erection All Risk (EAR),Civil / Public authority clause,Add On,67,Yes,TEXTAREA,IIRM India
18543,Erection All Risk (EAR),Designation of Property Clause,Add On,68,Yes,TEXTAREA,IIRM India
18543,Erection All Risk (EAR),No-control clause,Add On,69,Yes,TEXTAREA,IIRM India
18543,Erection All Risk (EAR),Non-invalidation clause,Add On,70,Yes,TEXTAREA,IIRM India
18543,Erection All Risk (EAR),Terms & Conditions,Add On,71,Yes,TEXTAREA,IIRM India
18543,Erection All Risk (EAR),Excess/Deductibles,Add On,72,Yes,TEXTAREA,IIRM India
18543,Erection All Risk (EAR),Others,Asset,73,No,TEXTAREA,IIRM India
20877,Erection All Risk (EAR),,,,,,
18589,Errors & Omissions Insurance (E&O),Name of the Insured,Asset,1,Yes,TEXTAREA,IIRM India
18589,Errors & Omissions Insurance (E&O),Communication  Address,Asset,2,Yes,TEXTAREA,IIRM India
18589,Errors & Omissions Insurance (E&O),Occupancy Description,Asset,3,Yes,TEXTAREA,IIRM India
18589,Errors & Omissions Insurance (E&O),Location of Risk,Asset,4,Yes,TEXTAREA,IIRM India
18589,Errors & Omissions Insurance (E&O),Claims History,Asset,5,Yes,TEXTAREA,IIRM India
18589,Errors & Omissions Insurance (E&O),Expiring Insurer & Policy No.,Asset,6,Yes,TEXTAREA,IIRM India
18589,Errors & Omissions Insurance (E&O),Expiring Policy Period,Asset,7,Yes,TEXTAREA,IIRM India
18589,Errors & Omissions Insurance (E&O),Renewal Policy Period,Asset,8,Yes,TEXTAREA,IIRM India
18589,Errors & Omissions Insurance (E&O),Expiring Policy Premium,Asset,9,Yes,TEXTAREA,IIRM India
18589,Errors & Omissions Insurance (E&O),Policy Type (Claims-Made Basis or Occurrence-Based),Asset,10,Yes,TEXTAREA,IIRM India
18589,Errors & Omissions Insurance (E&O),Territory,Asset,11,Yes,TEXTAREA,IIRM India
18589,Errors & Omissions Insurance (E&O),Jurisdiction,Asset,12,Yes,TEXTAREA,IIRM India
18589,Errors & Omissions Insurance (E&O),Retroactive Date,Asset,13,Yes,TEXTAREA,IIRM India
18589,Errors & Omissions Insurance (E&O),Limit of Liability/Indemnity,Asset,14,Yes,TEXTAREA,IIRM India
18589,Errors & Omissions Insurance (E&O),Limit Any One Accident: Limit Any One Year (AOA:AOY),Asset,15,Yes,TEXTAREA,IIRM India
18589,Errors & Omissions Insurance (E&O),Professional Liability,Basic,16,Yes,TEXTAREA,IIRM India
18589,Errors & Omissions Insurance (E&O),Technological Products,Basic,17,Yes,TEXTAREA,IIRM India
18589,Errors & Omissions Insurance (E&O),Libel and Slander,Basic,18,Yes,TEXTAREA,IIRM India
18589,Errors & Omissions Insurance (E&O),Breach of Confidentiality,Basic,19,Yes,TEXTAREA,IIRM India
18589,Errors & Omissions Insurance (E&O),"Consultants, Sub-contractors and Agents",Basic,20,Yes,TEXTAREA,IIRM India
18589,Errors & Omissions Insurance (E&O),Cross Liability Clause,Basic,21,Yes,TEXTAREA,IIRM India
18589,Errors & Omissions Insurance (E&O),Inadvertent Negligence,Basic,22,Yes,TEXTAREA,IIRM India
18589,Errors & Omissions Insurance (E&O),Right to Defend,Basic,23,Yes,TEXTAREA,IIRM India
18589,Errors & Omissions Insurance (E&O),Risk Locations,Basic,24,Yes,TEXTAREA,IIRM India
18589,Errors & Omissions Insurance (E&O),Defense Costs,Basic,25,Yes,TEXTAREA,IIRM India
18589,Errors & Omissions Insurance (E&O),Additional Insured / Certificate of insurance,Basic,26,Yes,TEXTAREA,IIRM India
18589,Errors & Omissions Insurance (E&O),Outgoing Principals,Basic,27,Yes,TEXTAREA,IIRM India
18589,Errors & Omissions Insurance (E&O),Intellectual Property Rights,Basic,28,Yes,TEXTAREA,IIRM India
18589,Errors & Omissions Insurance (E&O),Auto Acquisition Threshold,Basic,29,Yes,TEXTAREA,IIRM India
18589,Errors & Omissions Insurance (E&O),Discovery Period,Basic,30,Yes,TEXTAREA,IIRM India
18589,Errors & Omissions Insurance (E&O),Loss of data,Basic,31,Yes,TEXTAREA,IIRM India
18589,Errors & Omissions Insurance (E&O),Joint Ventures,Basic,32,Yes,TEXTAREA,IIRM India
18589,Errors & Omissions Insurance (E&O),"Consultants, Sub-contractors and Agents",Basic,33,Yes,TEXTAREA,IIRM India
18589,Errors & Omissions Insurance (E&O),Costs Inclusive Clause,Basic,34,Yes,TEXTAREA,IIRM India
18589,Errors & Omissions Insurance (E&O),Defence costs on actuals,Basic,35,Yes,TEXTAREA,IIRM India
18589,Errors & Omissions Insurance (E&O),Professional Negligence,Basic,36,Yes,TEXTAREA,IIRM India
18589,Errors & Omissions Insurance (E&O),Breach of Intellectual Property,Basic,37,Yes,TEXTAREA,IIRM India
18589,Errors & Omissions Insurance (E&O),Defamation including libel and slander,Basic,38,Yes,TEXTAREA,IIRM India
18589,Errors & Omissions Insurance (E&O),Loss of documents / computer records including loss caused to computer records by virus and recreation/ replacement cost of documents and /or Computer Records,Basic,39,Yes,TEXTAREA,IIRM India
18589,Errors & Omissions Insurance (E&O),Advancement of defense costs cover,Basic,40,Yes,TEXTAREA,IIRM India
18589,Errors & Omissions Insurance (E&O),Emergency costs advancement,Basic,41,Yes,TEXTAREA,IIRM India
18589,Errors & Omissions Insurance (E&O),Legal representation costs cover,Basic,42,Yes,TEXTAREA,IIRM India
18589,Errors & Omissions Insurance (E&O),Vicarious liability,Basic,43,Yes,TEXTAREA,IIRM India
18589,Errors & Omissions Insurance (E&O),Loss rectification and mitigation expenses,Basic,44,Yes,TEXTAREA,IIRM India
18589,Errors & Omissions Insurance (E&O),Unauthorised Access cover,Basic,45,Yes,TEXTAREA,IIRM India
18589,Errors & Omissions Insurance (E&O),"Fraud and dishonesty of own employees, employees of contactors , sub contractors or outsourced employees",Basic,46,Yes,TEXTAREA,IIRM India
18589,Errors & Omissions Insurance (E&O),Professional inquiries,Basic,47,Yes,TEXTAREA,IIRM India
18589,Errors & Omissions Insurance (E&O),Pollution including cleanup cost,Basic,48,Yes,TEXTAREA,IIRM India
18589,Errors & Omissions Insurance (E&O),Consequential losses.,Basic,49,Yes,TEXTAREA,IIRM India
18589,Errors & Omissions Insurance (E&O),Fines and penalties including exemplary fines & Penalties.,Basic,50,Yes,TEXTAREA,IIRM India
18589,Errors & Omissions Insurance (E&O),Court attendance expenses,Basic,51,Yes,TEXTAREA,IIRM India
18589,Errors & Omissions Insurance (E&O),Personal & Advertising Liability.,Basic,52,Yes,TEXTAREA,IIRM India
18589,Errors & Omissions Insurance (E&O),Investigation Cost.,Basic,53,Yes,TEXTAREA,IIRM India
18589,Errors & Omissions Insurance (E&O),"Additional Insured, wherever required by contract",Basic,54,Yes,TEXTAREA,IIRM India
18589,Errors & Omissions Insurance (E&O),Defamation including libel and slander,Basic,55,Yes,TEXTAREA,IIRM India
18589,Errors & Omissions Insurance (E&O),"Waiver of subrogation, wherever required by contract",Basic,56,Yes,TEXTAREA,IIRM India
18589,Errors & Omissions Insurance (E&O),Control Group clause,Basic,57,Yes,TEXTAREA,IIRM India
18589,Errors & Omissions Insurance (E&O),Non cancellation clause,Basic,58,Yes,TEXTAREA,IIRM India
18589,Errors & Omissions Insurance (E&O),Outstanding fees cover,Basic,59,Yes,TEXTAREA,IIRM India
18589,Errors & Omissions Insurance (E&O),Other terms & covers,Basic,60,Yes,TEXTAREA,IIRM India
18589,Errors & Omissions Insurance (E&O),Excess/Deductibles,Basic,61,Yes,TEXTAREA,IIRM India
20909,Errors & Omissions Insurance (E&O),,,,,,
18596,Event Insurance / Special Event Liability Insurance,Specialty – Event Contingency,Basic,1,Yes,TEXTAREA,IIRM India
18596,Event Insurance / Special Event Liability Insurance,Others,Asset,2,No,TEXTAREA,IIRM India
20915,Event Insurance / Special Event Liability Insurance,,,,,,
30042,FIRE FLOATER POLICY,,,,,,
30019,Fidelity Guarantee,Business Occupation  :,Asset,2,Yes,TEXT,IIRM Sri Lanka
30019,Fidelity Guarantee,Description,Asset,6,Yes,TEXT,IIRM Sri Lanka
30019,Fidelity Guarantee,Per Event & in the aggregate,Asset,7,Yes,TEXTAREA,IIRM Sri Lanka
30019,Fidelity Guarantee,Scope of Cover,Asset,8,Yes,TEXT,IIRM Sri Lanka
30019,Fidelity Guarantee,Indemnify the Insured against a direct pecuniary loss sustained by reason of any act of fraud/dishonesty committed by Insured person.,Basic,9,Yes,TEXTAREA,IIRM Sri Lanka
30019,Fidelity Guarantee,Extensions,Asset,10,Yes,TEXT,IIRM Sri Lanka
30019,Fidelity Guarantee,Infidelity of Employees,Basic,11,Yes,TEXTAREA,IIRM Sri Lanka
30019,Fidelity Guarantee,Probation/ Casual/ Contract / Freelance employees,Basic,12,Yes,TEXTAREA,IIRM Sri Lanka
30019,Fidelity Guarantee,Excess/ Deductibles,Asset,13,Yes,TEXT,IIRM Sri Lanka
30019,Fidelity Guarantee,Deductibles,Basic,14,Yes,TEXTAREA,IIRM Sri Lanka
30019,Fidelity Guarantee,Premium LKR,Asset,15,Yes,TEXT,IIRM Sri Lanka
30019,Fidelity Guarantee,Excluding Taxes,Asset,16,Yes,TEXTAREA,IIRM Sri Lanka
30019,Fidelity Guarantee,Including Taxes,Asset,17,Yes,TEXTAREA,IIRM Sri Lanka
30019,Fidelity Guarantee,Warranties,Basic,18,Yes,TEXTAREA,IIRM Sri Lanka
30019,Fidelity Guarantee,Conditions,Basic,19,Yes,TEXTAREA,IIRM Sri Lanka
30019,Fidelity Guarantee,Exclusions,Basic,20,Yes,TEXTAREA,IIRM Sri Lanka
30019,Fidelity Guarantee,Subjectivities,Basic,21,Yes,TEXTAREA,IIRM Sri Lanka
30019,Fidelity Guarantee,Past Claims,Basic,22,Yes,TEXTAREA,IIRM Sri Lanka
18516,Fidelity Guarantee Insurance,Sum Insured,Asset,1,Yes,TEXTAREA,IIRM India
18516,Fidelity Guarantee Insurance,Cover to include permanent employees / temporary / contractual/off-roll employees,Asset,2,Yes,TEXTAREA,IIRM India
18516,Fidelity Guarantee Insurance,Waiver of FIR,Asset,3,Yes,TEXTAREA,IIRM India
18516,Fidelity Guarantee Insurance,Wavier for Final investigation report for settlement of claim,Asset,4,Yes,TEXTAREA,IIRM India
18516,Fidelity Guarantee Insurance,Automatic reinstatement of sum insured,Asset,5,Yes,TEXTAREA,IIRM India
18516,Fidelity Guarantee Insurance,Un-named Basis / Floater Basis,Asset,6,Yes,TEXTAREA,IIRM India
18516,Fidelity Guarantee Insurance,Other terms & coverages,Basic,7,Yes,TEXTAREA,IIRM India
18516,Fidelity Guarantee Insurance,Deductibles,Basic,8,Yes,TEXTAREA,IIRM India
20858,Fidelity Guarantee Insurance,,,,,,
19033,Fire & Property,,,,,,
19023,Fire & Property,,,,,,
3211,Fire Insurance,Earthquake (Fire & Shock),Add On,1,Yes,TEXTAREA,IIRM India
3211,Fire Insurance,"Storm, Tempest, Flood and Inundation (STFI) Tsunami",Basic,2,Yes,TEXTAREA,IIRM India
3211,Fire Insurance,Riot Strike Malicious Damage/SRCC,Basic,3,Yes,TEXTAREA,IIRM India
3211,Fire Insurance,Impact Damage due to any reason,Basic,4,Yes,TEXTAREA,IIRM India
3211,Fire Insurance,Boiler explosion and Machinery breakdown-Breakdown (Physical/ mechanical) due to failure of computer controlled equipment,Basic,5,Yes,TEXTAREA,IIRM India
3211,Fire Insurance,Removal of Debris including external debris & foreign debris,Basic,6,Yes,TEXTAREA,IIRM India
3211,Fire Insurance,Reinstatement Value Clause (other than stocks),Basic,7,Yes,TEXTAREA,IIRM India
3211,Fire Insurance,Local Authorities Clause,Basic,8,Yes,TEXTAREA,IIRM India
3211,Fire Insurance,72 hours clause,Basis of SI,9,Yes,TEXTAREA,IIRM India
3211,Fire Insurance,"Omission to Insure Additions, Alterations or Extensions Clause - 5% of BMA sum insured ",Add On,10,Yes,TEXTAREA,IIRM India
3211,Fire Insurance,Escalation Clause – 5% of MD sum insured,Add On,11,Yes,TEXTAREA,IIRM India
3211,Fire Insurance,"Goods held in trust Clause /Care, Custody and control of property/commission - Does the SI include the electrical works",Add On,12,Yes,TEXTAREA,IIRM India
3211,Fire Insurance,Trace and Access/Exploratory Cost ,Add On,13,Yes,TEXTAREA,IIRM India
3211,Fire Insurance,Leak Search and Finding Cost,Add On,14,Yes,TEXTAREA,IIRM India
3211,Fire Insurance,Loss Minimisation Expenses,Add On,15,Yes,TEXTAREA,IIRM India
3211,Fire Insurance,Leakage and contamination ,Add On,16,Yes,TEXTAREA,IIRM India
3211,Fire Insurance,Spoilage and Material Damage cover for Plant and Machinery ,Add On,17,Yes,TEXTAREA,IIRM India
3211,Fire Insurance,Start Up & Shutdown Expenses ,Add On,18,Yes,TEXTAREA,IIRM India
3211,Fire Insurance,Protection & preservation of property /Sue & Labour ,Add On,19,Yes,TEXTAREA,IIRM India
3211,Fire Insurance,Leakage & overflowing cover,Add On,20,Yes,TEXTAREA,IIRM India
3211,Fire Insurance,Expediting Expenses Including Air Freight and Express Frieght/ Extra Expense Cover,Add On,21,Yes,TEXTAREA,IIRM India
3211,Fire Insurance,Fire Fighting Expenses/Fire extinguishing & foam consumption expenses ,Add On,22,Yes,TEXTAREA,IIRM India
3211,Fire Insurance,Temporary Removal (excluding stocks) /property not an insured's premises or offsite storage ,Add On,23,Yes,TEXTAREA,IIRM India
3211,Fire Insurance,Preparation of Lost Records/valuable documents & records clause/cost of rewriting records clause ,Add On,24,Yes,TEXTAREA,IIRM India
3211,Fire Insurance,Destruction of sound property ,Add On,25,Yes,TEXTAREA,IIRM India
3211,Fire Insurance,Inadvertent Errors & Omissions Clause/Non- Invalidation /mis-decription Clause,Add On,26,Yes,TEXTAREA,IIRM India
3211,Fire Insurance,Claim Preparation costs (for both sections: MD & BI),Add On,27,Yes,TEXTAREA,IIRM India
3211,Fire Insurance,Temporary repairs Clause,Add On,28,Yes,TEXTAREA,IIRM India
3211,Fire Insurance,Waiver of Subrogation Clause,Add On,29,Yes,TEXTAREA,IIRM India
3211,Fire Insurance,Automatic Re-Instatement Clause,Add On,30,Yes,TEXTAREA,IIRM India
3211,Fire Insurance,Obsolete Equipment/ spare parts Clause,Add On,31,Yes,TEXTAREA,IIRM India
3211,Fire Insurance,"Goods held in trust Clause /Care, Custody and control of property/commission - Start up Expenses",Add On,32,Yes,TEXTAREA,IIRM India
3211,Fire Insurance,"Cleaning up, decontamination and other costs ",Add On,33,Yes,TEXTAREA,IIRM India
3211,Fire Insurance,Minor works / Property In Course of Construction,Add On,34,Yes,TEXTAREA,IIRM India
3211,Fire Insurance,Testing & Commissioning,Add On,35,Yes,TEXTAREA,IIRM India
3211,Fire Insurance,Capital additions ,Add On,36,Yes,TEXTAREA,IIRM India
3211,Fire Insurance,Additional Customs Duty,Add On,37,Yes,TEXTAREA,IIRM India
3211,Fire Insurance,Margin Clause ,Add On,38,Yes,TEXTAREA,IIRM India
3211,Fire Insurance,Contract Price Insurance Clause,Add On,39,Yes,TEXTAREA,IIRM India
3211,Fire Insurance,Smoke Damage Clause,Add On,40,Yes,TEXTAREA,IIRM India
3211,Fire Insurance,Accidental Damage cover ,Add On,41,Yes,TEXTAREA,IIRM India
3211,Fire Insurance,Multiple Insured Clause,Add On,42,Yes,TEXTAREA,IIRM India
3211,Fire Insurance,Professional Fees ,Deductable / copay,43,Yes,TEXTAREA,IIRM India
3211,Fire Insurance,Immediate Repairs Clause,Anyothercovers,44,Yes,TEXTAREA,IIRM India
3211,Fire Insurance,Outbuilding Clause,Anyothercovers,45,Yes,TEXTAREA,IIRM India
3211,Fire Insurance,Brands / Trades/Labels Clause,Anyothercovers,46,Yes,TEXTAREA,IIRM India
3211,Fire Insurance,Electrical Apparatus Clause/Electrical Installation Clause,Basis of SI,47,Yes,TEXTAREA,IIRM India
3211,Fire Insurance,Demolition and Increased Cost of Construction ,Add On,48,Yes,TEXTAREA,IIRM India
3211,Fire Insurance,Waiver of underinsurance,Basic,49,Yes,TEXTAREA,IIRM India
3211,Fire Insurance,Non - Vitiation Clause,Basic,50,Yes,TEXTAREA,IIRM India
3211,Fire Insurance,Un-occupancy Clause ,Basic,51,Yes,TEXTAREA,IIRM India
3211,Fire Insurance,Green Clause ,Basic,52,Yes,TEXTAREA,IIRM India
3211,Fire Insurance,Leased Building/Plant & Machinery covered as per Temporary Removal Clause & 60 days for repair ,Basic,53,Yes,TEXTAREA,IIRM India
3211,Fire Insurance,Pair and set Clause ,Basic,54,Yes,TEXTAREA,IIRM India
3211,Fire Insurance,Original Equipment Manufacturer Parts Clause,Basic,55,Yes,TEXTAREA,IIRM India
3211,Fire Insurance,Sprinkler Upgradation cost ,Basis of SI,56,Yes,TEXTAREA,IIRM India
3211,Fire Insurance,Nominated Loss Adjusters Clause,Add On,57,Yes,TEXTAREA,IIRM India
3211,Fire Insurance,Payment on Account Clause ,Add On,58,Yes,TEXTAREA,IIRM India
3211,Fire Insurance,Agreed Bank Clause - Does the SI include the electrical works,Add On,59,Yes,TEXTAREA,IIRM India
3211,Fire Insurance,Primary & Non contributory Clause,Add On,60,Yes,TEXTAREA,IIRM India
3211,Fire Insurance,Leakage from Automatic Sprinkler installations,Add On,61,Yes,TEXTAREA,IIRM India
3211,Fire Insurance,Contract works,Add On,62,Yes,TEXTAREA,IIRM India
3211,Fire Insurance,Control of damaged goods/ property clause,Add On,63,Yes,TEXTAREA,IIRM India
3211,Fire Insurance,Undamaged Foundations,Add On,64,Yes,TEXTAREA,IIRM India
3211,Fire Insurance,Damage to Underground Services,Add On,65,Yes,TEXTAREA,IIRM India
3211,Fire Insurance,Involuntary betterment,Add On,66,Yes,TEXTAREA,IIRM India
3211,Fire Insurance,Modification cost for Incompatibility of equipment ,Add On,67,Yes,TEXTAREA,IIRM India
3211,Fire Insurance,Unoccupancy clause,Add On,68,Yes,TEXTAREA,IIRM India
3211,Fire Insurance,Inadvertent exclusion of assets,Add On,69,Yes,TEXTAREA,IIRM India
3211,Fire Insurance,"Restoration of computer systems, records, plans & documents",Add On,70,Yes,TEXTAREA,IIRM India
3211,Fire Insurance,Capital Work in progress,Add On,71,Yes,TEXTAREA,IIRM India
3211,Fire Insurance,Any loss arising out of any Hired/leased machinery/equipment Placed under insured Property,Add On,72,Yes,TEXTAREA,IIRM India
3211,Fire Insurance,"Cover for lubricant, oil, oil in transformers, machine foundations, refrigerants, etc",Add On,73,Yes,TEXTAREA,IIRM India
3211,Fire Insurance,Appraisement clause,Add On,74,Yes,TEXTAREA,IIRM India
3211,Fire Insurance,Accidental discharge of gas flooding system costs,Add On,75,Yes,TEXTAREA,IIRM India
3211,Fire Insurance,Un-repaired Damage Clause,Add On,76,Yes,TEXTAREA,IIRM India
3211,Fire Insurance,Technological Improvements ,Add On,77,Yes,TEXTAREA,IIRM India
3211,Fire Insurance,Agreed Bank Clause - Insurance Of Additional Expenses of  Rent For An Alternative Accommodation,Add On,78,Yes,TEXTAREA,IIRM India
3211,Fire Insurance,Designation of Property Clause,Add On,79,Yes,TEXTAREA,IIRM India
3211,Fire Insurance,Civil/Local Authorities Clause,Add On,80,Yes,TEXTAREA,IIRM India
3211,Fire Insurance,Additional Expenses of Rent for Alternative Accommodation,Add On,81,Yes,TEXTAREA,IIRM India
3211,Fire Insurance,Others,Asset,82,No,TEXTAREA,IIRM India
18586,Fire Loss of Profit Insurance (FLOP),Name of the Insured,Asset,1,Yes,TEXTAREA,IIRM India
18586,Fire Loss of Profit Insurance (FLOP),Communication  Address,Asset,2,Yes,TEXTAREA,IIRM India
18586,Fire Loss of Profit Insurance (FLOP),Occupancy Description,Asset,3,Yes,TEXTAREA,IIRM India
18586,Fire Loss of Profit Insurance (FLOP),Location of Risk,Asset,4,Yes,TEXTAREA,IIRM India
18586,Fire Loss of Profit Insurance (FLOP),Claims History,Asset,5,Yes,TEXTAREA,IIRM India
18586,Fire Loss of Profit Insurance (FLOP),Expiring Insurer & Policy No.,Asset,6,Yes,TEXTAREA,IIRM India
18586,Fire Loss of Profit Insurance (FLOP),Expiring Policy Period,Asset,7,Yes,TEXTAREA,IIRM India
18586,Fire Loss of Profit Insurance (FLOP),Renewal Policy Period,Asset,8,Yes,TEXTAREA,IIRM India
18586,Fire Loss of Profit Insurance (FLOP),Expiring Policy Premium,Asset,9,Yes,TEXTAREA,IIRM India
18586,Fire Loss of Profit Insurance (FLOP),Annual Gross Profit / Sum Insured,Basic,10,Yes,TEXTAREA,IIRM India
18586,Fire Loss of Profit Insurance (FLOP),Indemnity Period,Basic,11,Yes,TEXTAREA,IIRM India
18586,Fire Loss of Profit Insurance (FLOP),Earthquake (Fire and Shock),Basic,12,Yes,TEXTAREA,IIRM India
18586,Fire Loss of Profit Insurance (FLOP),STFI,Basic,13,Yes,TEXTAREA,IIRM India
18586,Fire Loss of Profit Insurance (FLOP),Terrorism,Basic,14,Yes,TEXTAREA,IIRM India
18586,Fire Loss of Profit Insurance (FLOP),Auditors fees,Basic,15,Yes,TEXTAREA,IIRM India
18586,Fire Loss of Profit Insurance (FLOP),Basis of specification - Revenue basis,Basic,16,Yes,TEXTAREA,IIRM India
18586,Fire Loss of Profit Insurance (FLOP),Alternate basis clause,Basic,17,Yes,TEXTAREA,IIRM India
18586,Fire Loss of Profit Insurance (FLOP),Addition / difference basis to be specified,Basic,18,Yes,TEXTAREA,IIRM India
18586,Fire Loss of Profit Insurance (FLOP),Departmental clause,Basic,19,Yes,TEXTAREA,IIRM India
18586,Fire Loss of Profit Insurance (FLOP),Customers premises extension - Named basis for 20% of the Business Interruption Sum insured for FLEXA and AOG perils; 10% for unnamed basis,Basic,20,Yes,TEXTAREA,IIRM India
18586,Fire Loss of Profit Insurance (FLOP),Interdependency clause,Basic,21,Yes,TEXTAREA,IIRM India
18586,Fire Loss of Profit Insurance (FLOP),Prevention of access,Basic,22,Yes,TEXTAREA,IIRM India
18586,Fire Loss of Profit Insurance (FLOP),Additional increased cost of working,Basic,23,Yes,TEXTAREA,IIRM India
18586,Fire Loss of Profit Insurance (FLOP),Professional fees,Basic,24,Yes,TEXTAREA,IIRM India
18586,Fire Loss of Profit Insurance (FLOP),Dual Wages basis,Basic,25,Yes,TEXTAREA,IIRM India
18586,Fire Loss of Profit Insurance (FLOP),Layoff and retrenchment cover,Basic,26,Yes,TEXTAREA,IIRM India
18586,Fire Loss of Profit Insurance (FLOP),Public Utilities cover (Air/Water/Electricity),Basic,27,Yes,TEXTAREA,IIRM India
18586,Fire Loss of Profit Insurance (FLOP),Return of premium clause,Basic,28,Yes,TEXTAREA,IIRM India
18586,Fire Loss of Profit Insurance (FLOP),Other terms & covers,Basic,29,Yes,TEXTAREA,IIRM India
18586,Fire Loss of Profit Insurance (FLOP),Excess/Deductibles,Basic,30,Yes,TEXTAREA,IIRM India
20689,Fire Loss of Profit Insurance (FLOP),,,,,,
18561,Fire Mega Risk Policy,Property – Mega Risk,Basic,1,Yes,TEXTAREA,IIRM India
18561,Fire Mega Risk Policy,Others,Asset,2,No,TEXTAREA,IIRM India
20894,Fire Mega Risk Policy,,,,,,
18610,Fortune Guarantee Plus,Life – Guaranteed Savings,Basic,1,Yes,TEXTAREA,IIRM India
18610,Fortune Guarantee Plus,Others,Asset,2,No,TEXTAREA,IIRM India
20703,Fortune Guarantee Plus,,,,,,
30020,Freight forwarders Liability,Occupation,Asset,3,Yes,TEXT,IIRM Sri Lanka
30020,Freight forwarders Liability,Annual Turnover,Asset,4,Yes,TEXT,IIRM Sri Lanka
30020,Freight forwarders Liability,Limit of liability in the aggregate,Asset,7,Yes,TEXT,IIRM Sri Lanka
30020,Freight forwarders Liability,Third Party Liability,Asset,8,Yes,TEXT,IIRM Sri Lanka
30020,Freight forwarders Liability,Cargo Liability,Asset,9,Yes,TEXT,IIRM Sri Lanka
30020,Freight forwarders Liability,Professional Indemnity (errors & omissions),Asset,10,Yes,TEXT,IIRM Sri Lanka
30020,Freight forwarders Liability,Third Party Liability,Asset,11,Yes,TEXT,IIRM Sri Lanka
30020,Freight forwarders Liability,Scope of Cover,Asset,12,Yes,TEXT,IIRM Sri Lanka
30020,Freight forwarders Liability,Legal liability for loss or damage to Goods and/or merchandise whilst at the care custody or control of the participant or for which participant is responsible under a contract for carriage or forwarding,Basic,13,Yes,TEXTAREA,IIRM Sri Lanka
30020,Freight forwarders Liability,Extensions,Asset,14,Yes,TEXT,IIRM Sri Lanka
30020,Freight forwarders Liability,Professional Indemnity (errors & omissions),Basic,15,Yes,TEXTAREA,IIRM Sri Lanka
30020,Freight forwarders Liability,Loading & unloading damages,Basic,16,Yes,TEXTAREA,IIRM Sri Lanka
30020,Freight forwarders Liability,Loss of Documents,Basic,17,Yes,TEXTAREA,IIRM Sri Lanka
30020,Freight forwarders Liability,Jurisdication,Basic,18,Yes,TEXTAREA,IIRM Sri Lanka
30020,Freight forwarders Liability,Geographical Limit,Basic,19,Yes,TEXTAREA,IIRM Sri Lanka
30020,Freight forwarders Liability,Past Claims,Basic,20,Yes,TEXTAREA,IIRM Sri Lanka
30020,Freight forwarders Liability,Existing Insurer,Basic,21,Yes,TEXTAREA,IIRM Sri Lanka
20693,GROUP_TERM_INSURANCE,,,,,,
20694,GROUP_TERM_PLUS,,,,,,
19024,General Insurance,,,,,,
19034,General Insurance,,,,,,
30010,Glass Policy,Business Occupation  :,Asset,2,Yes,TEXT,IIRM Sri Lanka
30010,Glass Policy,Risk Location 1,Asset,5,Yes,TEXTAREA,IIRM Sri Lanka
30010,Glass Policy,Description,Asset,6,Yes,TEXT,IIRM Sri Lanka
30010,Glass Policy,Plate Glass including Frams & Fittings,Asset,7,Yes,TEXTAREA,IIRM Sri Lanka
30010,Glass Policy,Scope of Cover,Asset,8,Yes,TEXT,IIRM Sri Lanka
30010,Glass Policy,Any unforeseen sudden physical loss or damage to plate glass,Basic,9,Yes,TEXTAREA,IIRM Sri Lanka
30010,Glass Policy,Extensions,Asset,10,Yes,TEXT,IIRM Sri Lanka
30010,Glass Policy,Riot & Strike & Civil Commotion,Basic,11,Yes,TEXTAREA,IIRM Sri Lanka
30010,Glass Policy,Terrorism,Basic,12,Yes,TEXTAREA,IIRM Sri Lanka
30010,Glass Policy,Deductibles/ Excess,Basic,13,Yes,TEXTAREA,IIRM Sri Lanka
30010,Glass Policy,Riot & Strike & Civil Commotion,Basic,14,Yes,TEXTAREA,IIRM Sri Lanka
30010,Glass Policy,Terrorism,Basic,15,Yes,TEXTAREA,IIRM Sri Lanka
30010,Glass Policy,All other,Basic,16,Yes,TEXTAREA,IIRM Sri Lanka
30010,Glass Policy,Premium LKR,Basic,17,Yes,TEXT,IIRM Sri Lanka
30010,Glass Policy,Basic,Basic,18,Yes,TEXTAREA,IIRM Sri Lanka
30010,Glass Policy,Riot & Strike & Civil Commotion,Basic,19,Yes,TEXTAREA,IIRM Sri Lanka
30010,Glass Policy,Terrorism,Basic,20,Yes,TEXTAREA,IIRM Sri Lanka
30010,Glass Policy,Premium Exc. Taxes,Asset,21,Yes,TEXTAREA,IIRM Sri Lanka
30010,Glass Policy,Premium including Taxes,Asset,22,Yes,TEXTAREA,IIRM Sri Lanka
30010,Glass Policy,Warranties,Basic,23,Yes,TEXTAREA,IIRM Sri Lanka
30010,Glass Policy,Conditions,Basic,24,Yes,TEXTAREA,IIRM Sri Lanka
30010,Glass Policy,Exclusions,Basic,25,Yes,TEXTAREA,IIRM Sri Lanka
30010,Glass Policy,Subjectivities,Basic,26,Yes,TEXTAREA,IIRM Sri Lanka
30010,Glass Policy,Past Claims,Basic,27,Yes,TEXTAREA,IIRM Sri Lanka
30021,Good In Transit,Mode of Conveyance,Asset,4,Yes,TEXT,IIRM Sri Lanka
30021,Good In Transit,Interest,Asset,5,Yes,TEXT,IIRM Sri Lanka
30021,Good In Transit,Sum Insured,Basic,6,Yes,TEXTAREA,IIRM Sri Lanka
30021,Good In Transit,Transit,Basic,7,Yes,TEXTAREA,IIRM Sri Lanka
30021,Good In Transit,Description,Asset,8,Yes,TEXT,IIRM Sri Lanka
30021,Good In Transit,Maximum limit per transit,Basic,9,Yes,TEXTAREA,IIRM Sri Lanka
30021,Good In Transit,Estimated Annual Carryings,Basic,10,Yes,TEXTAREA,IIRM Sri Lanka
30021,Good In Transit,Scope of Cover,Asset,11,Yes,TEXT,IIRM Sri Lanka
30021,Good In Transit,All Risk Cover as per company's standard Goods-In-Transit policy including SRCC & Terrorism as per institute strike clauses cargo 1.1.82 in so far as applicable.,Basic,12,Yes,TEXTAREA,IIRM Sri Lanka
30021,Good In Transit,Theft,Basic,13,Yes,TEXTAREA,IIRM Sri Lanka
30021,Good In Transit,Extensions,Basic,14,Yes,TEXTAREA,IIRM Sri Lanka
30021,Good In Transit,Riot & Strike,Basic,15,Yes,TEXTAREA,IIRM Sri Lanka
30021,Good In Transit,Terrorism,Basic,16,Yes,TEXTAREA,IIRM Sri Lanka
30021,Good In Transit,Excess/ Deductibles,Asset,17,Yes,TEXT,IIRM Sri Lanka
30021,Good In Transit,Excess/ Deductibles,Basic,18,Yes,TEXTAREA,IIRM Sri Lanka
30021,Good In Transit,Premium,Asset,19,Yes,TEXT,IIRM Sri Lanka
30021,Good In Transit,Premium Excl. Taxes,Basic,20,Yes,TEXTAREA,IIRM Sri Lanka
30021,Good In Transit,Premium lncl. Taxes,Basic,21,Yes,TEXTAREA,IIRM Sri Lanka
30021,Good In Transit,Warranties,Basic,22,Yes,TEXTAREA,IIRM Sri Lanka
30021,Good In Transit,Conditions,Basic,23,Yes,TEXTAREA,IIRM Sri Lanka
30021,Good In Transit,Exclusions,Basic,24,Yes,TEXTAREA,IIRM Sri Lanka
30021,Good In Transit,Subjectivities,Basic,25,Yes,TEXTAREA,IIRM Sri Lanka
4635,Group Gratuity Insurance,Group Gratuity,Basic,1,Yes,TEXTAREA,IIRM India
4635,Group Gratuity Insurance,Others,Asset,2,No,TEXTAREA,IIRM India
18615,Group Insurance & Pension,Group Life / Pension,Basic,1,Yes,TEXTAREA,IIRM India
18615,Group Insurance & Pension,Others,Asset,2,No,TEXTAREA,IIRM India
20707,Group Insurance & Pension,,,,,,
4638,Group Leave Encashment Scheme,Group Leave Encashment Scheme,Basic,1,Yes,TEXTAREA,IIRM India
4638,Group Leave Encashment Scheme,Others,Asset,2,No,TEXTAREA,IIRM India
30022,Group Life Insurance,Basic Life Cover,Basic,1,Yes,TEXTAREA,IIRM Sri Lanka
30022,Group Life Insurance,Accidental Death Benefit,Basic,2,Yes,TEXTAREA,IIRM Sri Lanka
30022,Group Life Insurance,Total and Permanent Disability,Basic,3,Yes,TEXTAREA,IIRM Sri Lanka
30022,Group Life Insurance,Partial Permanent Disability,Basic,4,Yes,TEXTAREA,IIRM Sri Lanka
30022,Group Life Insurance,Funeral expenses benefit,Basic,5,Yes,TEXTAREA,IIRM Sri Lanka
30022,Group Life Insurance,Age Limit,Basic,6,Yes,TEXTAREA,IIRM Sri Lanka
30022,Group Life Insurance,Cover Ceases,Basic,7,Yes,TEXTAREA,IIRM Sri Lanka
30022,Group Life Insurance,No of Employees,Basic,8,Yes,TEXTAREA,IIRM Sri Lanka
30022,Group Life Insurance,Total Annual Pemium,Basic,9,Yes,TEXTAREA,IIRM Sri Lanka
30022,Group Life Insurance,Others,Asset,10,No,TEXTAREA,IIRM Sri Lanka
18168,Group Mediclaim Parental,Family Sum Insured (multiple SI if applicable),Asset,1,Yes,TEXTAREA,IIRM India
18168,Group Mediclaim Parental,No. of Employees,Asset,2,Yes,TEXTAREA,IIRM India
18168,Group Mediclaim Parental,No. of Dependents,Asset,3,Yes,TEXTAREA,IIRM India
18168,Group Mediclaim Parental,Total Members,Asset,4,Yes,TEXTAREA,IIRM India
18168,Group Mediclaim Parental,Total sum Insured,Asset,5,Yes,TEXTAREA,IIRM India
18168,Group Mediclaim Parental,Family Size,Asset,6,Yes,TEXTAREA,IIRM India
18168,Group Mediclaim Parental,Dependent definition (spouse/children/parents/ p-i-l/siblings),Asset,7,Yes,TEXTAREA,IIRM India
18168,Group Mediclaim Parental,Waiver of Pre existing (Y/N),Add On,8,Yes,DROPDOWN,IIRM India
18168,Group Mediclaim Parental,Waiver of 30 day Waiting period (Y/N),Add On,9,Yes,DROPDOWN,IIRM India
18168,Group Mediclaim Parental,Waiver of 1st year exclusion (Y/N),Add On,10,Yes,DROPDOWN,IIRM India
18168,Group Mediclaim Parental,Waiver of 2nd year exclusion (Y/N),Add On,11,Yes,DROPDOWN,IIRM India
18168,Group Mediclaim Parental,Waiver of 4th year exclusion (Y/N),Add On,12,Yes,DROPDOWN,IIRM India
18168,Group Mediclaim Parental,Maternity Y/N,Add On,13,Yes,DROPDOWN,IIRM India
18168,Group Mediclaim Parental,Maternity cap for Normal,Add On,14,Yes,TEXTAREA,IIRM India
18168,Group Mediclaim Parental,Maternity cap for Caesarean,Add On,15,Yes,TEXTAREA,IIRM India
18168,Group Mediclaim Parental,Waiver of Maternity waiting period,Add On,16,Yes,DROPDOWN,IIRM India
18168,Group Mediclaim Parental,New born baby cover from day 1 required,Add On,17,Yes,TEXTAREA,IIRM India
18168,Group Mediclaim Parental,Cap on new born baby  sum insured,Add On,18,Yes,TEXTAREA,IIRM India
18168,Group Mediclaim Parental,Buffer cover limit,Add On,19,Yes,TEXTAREA,IIRM India
18168,Group Mediclaim Parental,Corporate Buffer Restriction - Critical illness buffer,Add On,20,Yes,TEXTAREA,IIRM India
18168,Group Mediclaim Parental,Any other conditions for Buffer utility,Add On,21,Yes,DROPDOWN,IIRM India
18168,Group Mediclaim Parental,Co-Pay Limit,Add On,22,Yes,TEXTAREA,IIRM India
18168,Group Mediclaim Parental,Co-Pay Condition (All claims/ Reimbursement Claims/ Parents Claims/ Delayed Intimation/ Specific Ailments ),Add On,23,Yes,TEXTAREA,IIRM India
18168,Group Mediclaim Parental,Room rent cap (Y/N),Add On,24,Yes,DROPDOWN,IIRM India
18168,Group Mediclaim Parental,Room rent cap amount Rs.,Add On,25,Yes,TEXTAREA,IIRM India
18168,Group Mediclaim Parental,Room rent cap for ICU (Y/N),Add On,26,Yes,DROPDOWN,IIRM India
18168,Group Mediclaim Parental,Room rent cap for ICU amount Rs. ,Add On,27,Yes,TEXTAREA,IIRM India
18168,Group Mediclaim Parental,Zone wise caps on Room rent (Y/N),Add On,28,Yes,DROPDOWN,IIRM India
18168,Group Mediclaim Parental,Zone wise caps on Room rent amount Rs.,Add On,29,Yes,TEXT,IIRM India
18168,Group Mediclaim Parental,Ambulance Charges,Add On,30,Yes,TEXTAREA,IIRM India
18168,Group Mediclaim Parental,Any cap on ambulance charges?,Add On,31,Yes,TEXTAREA,IIRM India
18168,Group Mediclaim Parental,Hospitalization due to Terrorism,Add On,32,Yes,TEXTAREA,IIRM India
18168,Group Mediclaim Parental,Pre hospitalization No of days,Add On,33,Yes,TEXT,IIRM India
18168,Group Mediclaim Parental,Post hospitalization no of days,Add On,34,Yes,TEXT,IIRM India
18168,Group Mediclaim Parental,Pre natal expenses covered,Add On,35,Yes,TEXTAREA,IIRM India
18168,Group Mediclaim Parental,Post natal expenses Covered,Add On,36,Yes,TEXT,IIRM India
18168,Group Mediclaim Parental,Minimum age limit,Asset,37,Yes,TEXTAREA,IIRM India
18168,Group Mediclaim Parental,Maximum age limit,Asset,38,Yes,TEXTAREA,IIRM India
18168,Group Mediclaim Parental,Deletion of Domiciliary,Add On,39,Yes,TEXTAREA,IIRM India
18168,Group Mediclaim Parental,TPA specification if any,Asset,40,Yes,TEXTAREA,IIRM India
18168,Group Mediclaim Parental,Any specific terms apart from general hospitalization conditions,Anyothercovers,41,Yes,TEXTAREA,IIRM India
18168,Group Mediclaim Parental,Any conditions for Buffer utility in terms of disease,Anyothercovers,42,Yes,TEXTAREA,IIRM India
18168,Group Mediclaim Parental,Other conditions,Anyothercovers,43,Yes,TEXTAREA,IIRM India
18168,Group Mediclaim Parental,Remarks if any,Anyothercovers,44,Yes,TEXTAREA,IIRM India
18168,Group Mediclaim Parental,Errors  Omission Clause,Basis of SI,45,Yes,TEXT,IIRM India
18168,Group Mediclaim Parental,Period of Insurance,Asset,46,Yes,TEXTAREA,IIRM India
18168,Group Mediclaim Parental,Policy Number,Asset,47,Yes,TEXTAREA,IIRM India
18168,Group Mediclaim Parental,Policy Type ,Asset,48,Yes,TEXTAREA,IIRM India
18168,Group Mediclaim Parental,Premium paid at inception (exclusive of Service Tax),Asset,49,Yes,TEXTAREA,IIRM India
18168,Group Mediclaim Parental,Premium addition during the year ,Asset,50,Yes,TEXTAREA,IIRM India
18168,Group Mediclaim Parental,Premium deletion during the year ,Asset,51,Yes,TEXTAREA,IIRM India
18168,Group Mediclaim Parental,Final Premium collected (exclusive of Service Tax) as on date,Asset,52,Yes,TEXTAREA,IIRM India
18168,Group Mediclaim Parental,For how many years policy has been active,Asset,52,Yes,TEXTAREA,IIRM India
18168,Group Mediclaim Parental,Expiring Year,Asset,54,Yes,TEXTAREA,IIRM India
18168,Group Mediclaim Parental,No. of Members at inception - Employee,Asset,55,Yes,TEXTAREA,IIRM India
18168,Group Mediclaim Parental,No. of Members at inception - Dependents,Asset,56,Yes,TEXTAREA,IIRM India
18168,Group Mediclaim Parental,Addition during the year ,Asset,57,Yes,TEXTAREA,IIRM India
18168,Group Mediclaim Parental,Deletion during the year ,Asset,58,Yes,TEXTAREA,IIRM India
18168,Group Mediclaim Parental,Renewal Year,Asset,59,Yes,TEXTAREA,IIRM India
18168,Group Mediclaim Parental,If Family coverage then no of Families to be covered,Asset,60,Yes,TEXTAREA,IIRM India
18168,Group Mediclaim Parental,Claims paid as on date - Reimbursement,Asset,61,Yes,TEXTAREA,IIRM India
18168,Group Mediclaim Parental,Claims paid as on date - Cashless,Asset,62,Yes,TEXTAREA,IIRM India
18168,Group Mediclaim Parental,Claims outstanding as on date - Reimbursement,Asset,63,Yes,TEXTAREA,IIRM India
18168,Group Mediclaim Parental,Claims outstanding as on date - Cashless,Asset,64,Yes,TEXTAREA,IIRM India
18168,Group Mediclaim Parental,"If OPD cover given, then mention OPD claims separately",Asset,65,Yes,TEXTAREA,IIRM India
18168,Group Mediclaim Parental,Claims Paid under corporate buffer - Reimbursement,Asset,66,Yes,TEXTAREA,IIRM India
18168,Group Mediclaim Parental,Claims Paid under corporate buffer - Cashless,Asset,67,Yes,TEXTAREA,IIRM India
18168,Group Mediclaim Parental,Claims outstanding under corporate buffer - Reimbursement,Asset,68,Yes,TEXTAREA,IIRM India
18168,Group Mediclaim Parental,Claims outstanding under corporate buffer - Cashless,Asset,69,Yes,TEXTAREA,IIRM India
18168,Group Mediclaim Parental,Total claims paid during the last two policy years immediately preceding  the expiring year - Reimbursement,Asset,70,Yes,TEXTAREA,IIRM India
18168,Group Mediclaim Parental,Total claims paid during the last two policy years immediately preceding  the expiring year - Cashless,Asset,71,Yes,TEXTAREA,IIRM India
18168,Group Mediclaim Parental,Total claims paid during the last three months of two years of policy immediately preceding to the expiring year- Reimbursement,Asset,72,Yes,TEXTAREA,IIRM India
18168,Group Mediclaim Parental,Total claims paid during the last three months of two years of policy immediately preceding to the expiring year - Cashless,Asset,73,Yes,TEXTAREA,IIRM India
18168,Group Mediclaim Parental,Any revision required in Family definition under renewal policy – please specify if yes.,Asset,74,Yes,TEXTAREA,IIRM India
18168,Group Mediclaim Parental,Corporate Buffer Details required under Renewal Policy,Basic,75,Yes,TEXTAREA,IIRM India
18168,Group Mediclaim Parental,Per Family Maximum SI for Corporate Buffer ,Basic,76,Yes,TEXTAREA,IIRM India
18168,Group Mediclaim Parental,Maximum Number of cases during the Policy period for Corporate Buffer if same is to be capped ,Basic,77,Yes,TEXTAREA,IIRM India
18168,Group Mediclaim Parental,Midterm Sum Insured Enhacement,Basic,78,Yes,TEXTAREA,IIRM India
18168,Group Mediclaim Parental,SumInsured Enhancement during policy period,Basic,79,Yes,TEXTAREA,IIRM India
18168,Group Mediclaim Parental,Terms & Conditions,Basic,80,Yes,TEXTAREA,IIRM India
18169,Group Mediclaim Parental Top-Up,Family Sum Insured (multiple SI if applicable),Asset,1,Yes,TEXTAREA,IIRM India
18169,Group Mediclaim Parental Top-Up,No. of Employees,Asset,2,Yes,TEXTAREA,IIRM India
18169,Group Mediclaim Parental Top-Up,No. of Dependents,Asset,3,Yes,TEXTAREA,IIRM India
18169,Group Mediclaim Parental Top-Up,Total Members,Asset,4,Yes,TEXTAREA,IIRM India
18169,Group Mediclaim Parental Top-Up,Total sum Insured,Asset,5,Yes,TEXTAREA,IIRM India
18169,Group Mediclaim Parental Top-Up,Family Size,Asset,6,Yes,TEXTAREA,IIRM India
18169,Group Mediclaim Parental Top-Up,Dependent definition (spouse/children/parents/ p-i-l/siblings),Asset,7,Yes,TEXTAREA,IIRM India
18169,Group Mediclaim Parental Top-Up,Waiver of Pre existing (Y/N),Add On,8,Yes,DROPDOWN,IIRM India
18169,Group Mediclaim Parental Top-Up,Waiver of 30 day Waiting period (Y/N),Add On,9,Yes,DROPDOWN,IIRM India
18169,Group Mediclaim Parental Top-Up,Waiver of 1st year exclusion (Y/N),Add On,10,Yes,DROPDOWN,IIRM India
18169,Group Mediclaim Parental Top-Up,Waiver of 2nd year exclusion (Y/N),Add On,11,Yes,DROPDOWN,IIRM India
18169,Group Mediclaim Parental Top-Up,Waiver of 4th year exclusion (Y/N),Add On,12,Yes,DROPDOWN,IIRM India
18169,Group Mediclaim Parental Top-Up,Maternity Y/N,Add On,13,Yes,DROPDOWN,IIRM India
18169,Group Mediclaim Parental Top-Up,Maternity cap for Normal,Add On,14,Yes,TEXTAREA,IIRM India
18169,Group Mediclaim Parental Top-Up,Maternity cap for Caesarean,Add On,15,Yes,TEXTAREA,IIRM India
18169,Group Mediclaim Parental Top-Up,Waiver of Maternity waiting period,Add On,16,Yes,DROPDOWN,IIRM India
18169,Group Mediclaim Parental Top-Up,New born baby cover from day 1 required,Add On,17,Yes,TEXTAREA,IIRM India
18169,Group Mediclaim Parental Top-Up,Cap on new born baby  sum insured,Add On,18,Yes,TEXTAREA,IIRM India
18169,Group Mediclaim Parental Top-Up,Buffer cover limit,Add On,19,Yes,TEXTAREA,IIRM India
18169,Group Mediclaim Parental Top-Up,Corporate Buffer Restriction - Critical illness buffer,Add On,20,Yes,TEXTAREA,IIRM India
18169,Group Mediclaim Parental Top-Up,Any other conditions for Buffer utility,Add On,21,Yes,DROPDOWN,IIRM India
18169,Group Mediclaim Parental Top-Up,Co-Pay Limit,Add On,22,Yes,TEXTAREA,IIRM India
18169,Group Mediclaim Parental Top-Up,Co-Pay Condition (All claims/ Reimbursement Claims/ Parents Claims/ Delayed Intimation/ Specific Ailments ),Add On,23,Yes,TEXTAREA,IIRM India
18169,Group Mediclaim Parental Top-Up,Room rent cap (Y/N),Add On,24,Yes,DROPDOWN,IIRM India
18169,Group Mediclaim Parental Top-Up,Room rent cap amount Rs.,Add On,25,Yes,TEXTAREA,IIRM India
18169,Group Mediclaim Parental Top-Up,Room rent cap for ICU (Y/N),Add On,26,Yes,DROPDOWN,IIRM India
18169,Group Mediclaim Parental Top-Up,Room rent cap for ICU amount Rs. ,Add On,27,Yes,TEXTAREA,IIRM India
18169,Group Mediclaim Parental Top-Up,Zone wise caps on Room rent (Y/N),Add On,28,Yes,DROPDOWN,IIRM India
18169,Group Mediclaim Parental Top-Up,Zone wise caps on Room rent amount Rs.,Add On,29,Yes,TEXT,IIRM India
18169,Group Mediclaim Parental Top-Up,Ambulance Charges,Add On,30,Yes,TEXTAREA,IIRM India
18169,Group Mediclaim Parental Top-Up,Any cap on ambulance charges?,Add On,31,Yes,TEXTAREA,IIRM India
18169,Group Mediclaim Parental Top-Up,Hospitalization due to Terrorism,Add On,32,Yes,TEXTAREA,IIRM India
18169,Group Mediclaim Parental Top-Up,Pre hospitalization No of days,Add On,33,Yes,TEXT,IIRM India
18169,Group Mediclaim Parental Top-Up,Post hospitalization no of days,Add On,34,Yes,TEXT,IIRM India
18169,Group Mediclaim Parental Top-Up,Pre natal expenses covered,Add On,35,Yes,TEXTAREA,IIRM India
18169,Group Mediclaim Parental Top-Up,Post natal expenses Covered,Add On,36,Yes,TEXT,IIRM India
18169,Group Mediclaim Parental Top-Up,Minimum age limit,Asset,37,Yes,TEXTAREA,IIRM India
18169,Group Mediclaim Parental Top-Up,Maximum age limit,Asset,38,Yes,TEXTAREA,IIRM India
18169,Group Mediclaim Parental Top-Up,Deletion of Domiciliary,Add On,39,Yes,TEXTAREA,IIRM India
18169,Group Mediclaim Parental Top-Up,TPA specification if any,Asset,40,Yes,TEXTAREA,IIRM India
18169,Group Mediclaim Parental Top-Up,Any specific terms apart from general hospitalization conditions,Anyothercovers,41,Yes,TEXTAREA,IIRM India
18169,Group Mediclaim Parental Top-Up,Any conditions for Buffer utility in terms of disease,Anyothercovers,42,Yes,TEXTAREA,IIRM India
18169,Group Mediclaim Parental Top-Up,Other conditions,Anyothercovers,43,Yes,TEXTAREA,IIRM India
18169,Group Mediclaim Parental Top-Up,Remarks if any,Anyothercovers,44,Yes,TEXTAREA,IIRM India
18169,Group Mediclaim Parental Top-Up,Errors  Omission Clause,Basis of SI,45,Yes,TEXT,IIRM India
18169,Group Mediclaim Parental Top-Up,Period of Insurance,Asset,46,Yes,TEXTAREA,IIRM India
18169,Group Mediclaim Parental Top-Up,Policy Number,Asset,47,Yes,TEXTAREA,IIRM India
18169,Group Mediclaim Parental Top-Up,Policy Type ,Asset,48,Yes,TEXTAREA,IIRM India
18169,Group Mediclaim Parental Top-Up,Premium paid at inception (exclusive of Service Tax),Asset,49,Yes,TEXTAREA,IIRM India
18169,Group Mediclaim Parental Top-Up,Premium addition during the year ,Asset,50,Yes,TEXTAREA,IIRM India
18169,Group Mediclaim Parental Top-Up,Premium deletion during the year ,Asset,51,Yes,TEXTAREA,IIRM India
18169,Group Mediclaim Parental Top-Up,Final Premium collected (exclusive of Service Tax) as on date,Asset,52,Yes,TEXTAREA,IIRM India
18169,Group Mediclaim Parental Top-Up,For how many years policy has been active,Asset,52,Yes,TEXTAREA,IIRM India
18169,Group Mediclaim Parental Top-Up,Expiring Year,Asset,54,Yes,TEXTAREA,IIRM India
18169,Group Mediclaim Parental Top-Up,No. of Members at inception - Employee,Asset,55,Yes,TEXTAREA,IIRM India
18169,Group Mediclaim Parental Top-Up,No. of Members at inception - Dependents,Asset,56,Yes,TEXTAREA,IIRM India
18169,Group Mediclaim Parental Top-Up,Addition during the year ,Asset,57,Yes,TEXTAREA,IIRM India
18169,Group Mediclaim Parental Top-Up,Deletion during the year ,Asset,58,Yes,TEXTAREA,IIRM India
18169,Group Mediclaim Parental Top-Up,Renewal Year,Asset,59,Yes,TEXTAREA,IIRM India
18169,Group Mediclaim Parental Top-Up,If Family coverage then no of Families to be covered,Asset,60,Yes,TEXTAREA,IIRM India
18169,Group Mediclaim Parental Top-Up,Claims paid as on date - Reimbursement,Asset,61,Yes,TEXTAREA,IIRM India
18169,Group Mediclaim Parental Top-Up,Claims paid as on date - Cashless,Asset,62,Yes,TEXTAREA,IIRM India
18169,Group Mediclaim Parental Top-Up,Claims outstanding as on date - Reimbursement,Asset,63,Yes,TEXTAREA,IIRM India
18169,Group Mediclaim Parental Top-Up,Claims outstanding as on date - Cashless,Asset,64,Yes,TEXTAREA,IIRM India
18169,Group Mediclaim Parental Top-Up,"If OPD cover given, then mention OPD claims separately",Asset,65,Yes,TEXTAREA,IIRM India
18169,Group Mediclaim Parental Top-Up,Claims Paid under corporate buffer - Reimbursement,Asset,66,Yes,TEXTAREA,IIRM India
18169,Group Mediclaim Parental Top-Up,Claims Paid under corporate buffer - Cashless,Asset,67,Yes,TEXTAREA,IIRM India
18169,Group Mediclaim Parental Top-Up,Claims outstanding under corporate buffer - Reimbursement,Asset,68,Yes,TEXTAREA,IIRM India
18169,Group Mediclaim Parental Top-Up,Claims outstanding under corporate buffer - Cashless,Asset,69,Yes,TEXTAREA,IIRM India
18169,Group Mediclaim Parental Top-Up,Total claims paid during the last two policy years immediately preceding  the expiring year - Reimbursement,Asset,70,Yes,TEXTAREA,IIRM India
18169,Group Mediclaim Parental Top-Up,Total claims paid during the last two policy years immediately preceding  the expiring year - Cashless,Asset,71,Yes,TEXTAREA,IIRM India
18169,Group Mediclaim Parental Top-Up,Total claims paid during the last three months of two years of policy immediately preceding to the expiring year- Reimbursement,Asset,72,Yes,TEXTAREA,IIRM India
18169,Group Mediclaim Parental Top-Up,Total claims paid during the last three months of two years of policy immediately preceding to the expiring year - Cashless,Asset,73,Yes,TEXTAREA,IIRM India
18169,Group Mediclaim Parental Top-Up,Any revision required in Family definition under renewal policy – please specify if yes.,Asset,74,Yes,TEXTAREA,IIRM India
18169,Group Mediclaim Parental Top-Up,Corporate Buffer Details required under Renewal Policy,Basic,75,Yes,TEXTAREA,IIRM India
18169,Group Mediclaim Parental Top-Up,Per Family Maximum SI for Corporate Buffer ,Basic,76,Yes,TEXTAREA,IIRM India
18169,Group Mediclaim Parental Top-Up,Maximum Number of cases during the Policy period for Corporate Buffer if same is to be capped ,Basic,77,Yes,TEXTAREA,IIRM India
18169,Group Mediclaim Parental Top-Up,Midterm Sum Insured Enhacement,Basic,78,Yes,TEXTAREA,IIRM India
18169,Group Mediclaim Parental Top-Up,SumInsured Enhancement during policy period,Basic,79,Yes,TEXTAREA,IIRM India
18169,Group Mediclaim Parental Top-Up,Terms & Conditions,Basic,80,Yes,TEXTAREA,IIRM India
3202,Group Mediclaim Policy,Floater,Basic,1,Yes,DROPDOWN,IIRM India
3202,Group Mediclaim Policy,Family Sum Insured (multiple SI if applicable),Asset,2,Yes,TEXTAREA,IIRM India
3202,Group Mediclaim Policy,No. of Employees,Asset,3,Yes,TEXTAREA,IIRM India
3202,Group Mediclaim Policy,No. of Dependents,Asset,4,Yes,TEXTAREA,IIRM India
3202,Group Mediclaim Policy,Total members,Asset,5,Yes,TEXTAREA,IIRM India
3202,Group Mediclaim Policy,Total sum Insured,Asset,6,Yes,TEXTAREA,IIRM India
3202,Group Mediclaim Policy,Family Size,Asset,7,Yes,TEXTAREA,IIRM India
3202,Group Mediclaim Policy,Dependent definition (spouse/children/parents/ p-i-l/siblings),Asset,8,Yes,TEXTAREA,IIRM India
3202,Group Mediclaim Policy,Waiver of Pre existing (Y/N),Basic,9,Yes,DROPDOWN,IIRM India
3202,Group Mediclaim Policy,Waiver of 30 day Waiting period (Y/N),Basic,10,Yes,DROPDOWN,IIRM India
3202,Group Mediclaim Policy,Waiver of 1st year exclusion (Y/N),Basic,11,Yes,DROPDOWN,IIRM India
3202,Group Mediclaim Policy,Waiver of 2nd year exclusion (Y/N),Basic,12,Yes,DROPDOWN,IIRM India
3202,Group Mediclaim Policy,Waiver of 4th year exclusion (Y/N),Basic,13,Yes,DROPDOWN,IIRM India
3202,Group Mediclaim Policy,Maternity Y/N,Basic,14,Yes,DROPDOWN,IIRM India
3202,Group Mediclaim Policy,Maternity cap for Normal,Basic,15,Yes,TEXTAREA,IIRM India
3202,Group Mediclaim Policy,Maternity cap for Caesarean,Basic,16,Yes,TEXTAREA,IIRM India
3202,Group Mediclaim Policy,Waiver of Maternity waiting period,Basic,17,Yes,DROPDOWN,IIRM India
3202,Group Mediclaim Policy,New born baby cover from day 1 required,Basic,18,Yes,TEXTAREA,IIRM India
3202,Group Mediclaim Policy,Cap on new born baby  sum insured,Basic,19,Yes,TEXTAREA,IIRM India
3202,Group Mediclaim Policy,Buffer cover limit,Basic,20,Yes,TEXTAREA,IIRM India
3202,Group Mediclaim Policy,Corporate Buffer Restriction - Critical illness buffer,Basic,21,Yes,TEXTAREA,IIRM India
3202,Group Mediclaim Policy,Any other conditions for Buffer utility,Basic,22,Yes,DROPDOWN,IIRM India
3202,Group Mediclaim Policy,Co-Pay Limit,Basic,23,Yes,TEXTAREA,IIRM India
3202,Group Mediclaim Policy,Co-Pay Condition (All claims/ Reimbursement Claims/ Parents Claims/ Delayed Intimation/ Specific Ailments ),Basic,24,Yes,TEXTAREA,IIRM India
3202,Group Mediclaim Policy,Room rent cap (Y/N),Basic,25,Yes,DROPDOWN,IIRM India
3202,Group Mediclaim Policy,Room rent cap amount Rs.,Basic,26,Yes,TEXTAREA,IIRM India
3202,Group Mediclaim Policy,Room rent cap for ICU (Y/N),Basic,27,Yes,DROPDOWN,IIRM India
3202,Group Mediclaim Policy,Room rent cap for ICU amount Rs.,Basic,28,Yes,TEXTAREA,IIRM India
3202,Group Mediclaim Policy,Zone wise caps on Room rent (Y/N),Basic,29,Yes,DROPDOWN,IIRM India
3202,Group Mediclaim Policy,Zone wise caps on Room rent amount Rs.,Basic,30,Yes,TEXTAREA,IIRM India
3202,Group Mediclaim Policy,Ambulance Charges,Basic,31,Yes,TEXTAREA,IIRM India
3202,Group Mediclaim Policy,Any cap on ambulance charges?,Basic,32,Yes,TEXTAREA,IIRM India
3202,Group Mediclaim Policy,Hospitalization due to Terrorism,Basic,33,Yes,TEXTAREA,IIRM India
3202,Group Mediclaim Policy,Pre hospitalization No of days,Basic,34,Yes,TEXT,IIRM India
3202,Group Mediclaim Policy,Post hospitalization no of days,Basic,35,Yes,TEXT,IIRM India
3202,Group Mediclaim Policy,Pre natal expenses covered,Basic,36,Yes,TEXT,IIRM India
3202,Group Mediclaim Policy,Post natal expenses Covered,Basic,37,Yes,TEXT,IIRM India
3202,Group Mediclaim Policy,Minimum age limit,Asset,38,Yes,TEXTAREA,IIRM India
3202,Group Mediclaim Policy,Maximum age limit,Asset,39,Yes,TEXTAREA,IIRM India
3202,Group Mediclaim Policy,Deletion of Domiciliary,Basic,40,Yes,TEXTAREA,IIRM India
3202,Group Mediclaim Policy,TPA specification if any,Asset,41,Yes,TEXTAREA,IIRM India
3202,Group Mediclaim Policy,Any specific terms apart from general hospitalization conditions,Basic,42,Yes,TEXTAREA,IIRM India
3202,Group Mediclaim Policy,Other conditions,Basic,43,Yes,TEXTAREA,IIRM India
3202,Group Mediclaim Policy,Remarks if any,Basic,44,Yes,TEXTAREA,IIRM India
3202,Group Mediclaim Policy,Errors  Omission Clause,Basis of SI,45,Yes,TEXT,IIRM India
3202,Group Mediclaim Policy,Expiring Year,Asset,46,Yes,TEXTAREA,IIRM India
3202,Group Mediclaim Policy,Policy Number,Asset,47,Yes,TEXTAREA,IIRM India
3202,Group Mediclaim Policy,Period of Insurance,Asset,48,Yes,TEXTAREA,IIRM India
3202,Group Mediclaim Policy,Policy Type,Asset,49,Yes,TEXTAREA,IIRM India
3202,Group Mediclaim Policy,For how many years policy has been active,Asset,50,Yes,TEXTAREA,IIRM India
3202,Group Mediclaim Policy,Premium paid at inception (exclusive of Service Tax),Asset,51,Yes,TEXTAREA,IIRM India
3202,Group Mediclaim Policy,Premium addition during the year,Asset,52,Yes,TEXTAREA,IIRM India
3202,Group Mediclaim Policy,Premium deletion during the year,Asset,53,Yes,TEXTAREA,IIRM India
3202,Group Mediclaim Policy,Final Premium collected (exclusive of Service Tax) as on date,Asset,54,Yes,TEXTAREA,IIRM India
3202,Group Mediclaim Policy,No. of Members at inception - Employee,Asset,55,Yes,TEXTAREA,IIRM India
3202,Group Mediclaim Policy,No. of Members at inception - Dependents,Asset,56,Yes,TEXTAREA,IIRM India
3202,Group Mediclaim Policy,Addition during the year,Asset,57,Yes,TEXTAREA,IIRM India
3202,Group Mediclaim Policy,Deletion during the year,Asset,58,Yes,TEXTAREA,IIRM India
3202,Group Mediclaim Policy,Renewal Year,Asset,59,Yes,TEXTAREA,IIRM India
3202,Group Mediclaim Policy,If Family coverage then no of Families to be covered,Asset,60,Yes,TEXTAREA,IIRM India
3202,Group Mediclaim Policy,Claims paid as on date - Reimbursement,Asset,61,Yes,TEXTAREA,IIRM India
3202,Group Mediclaim Policy,Claims paid as on date - Cashless,Asset,62,Yes,TEXTAREA,IIRM India
3202,Group Mediclaim Policy,Claims outstanding as on date - Reimbursement,Asset,63,Yes,TEXTAREA,IIRM India
3202,Group Mediclaim Policy,Claims outstanding as on date - Cashless,Asset,64,Yes,TEXTAREA,IIRM India
3202,Group Mediclaim Policy,"If OPD cover given, then mention OPD claims separately",Asset,65,Yes,TEXTAREA,IIRM India
3202,Group Mediclaim Policy,Claims Paid under corporate buffer - Reimbursement,Asset,66,Yes,TEXTAREA,IIRM India
3202,Group Mediclaim Policy,Claims Paid under corporate buffer - Cashless,Asset,67,Yes,TEXTAREA,IIRM India
3202,Group Mediclaim Policy,Claims outstanding under corporate buffer - Reimbursement,Asset,68,Yes,TEXTAREA,IIRM India
3202,Group Mediclaim Policy,Claims outstanding under corporate buffer - Cashless,Asset,69,Yes,TEXTAREA,IIRM India
3202,Group Mediclaim Policy,Total claims paid during the last two policy years immediately preceding  the expiring year - Reimbursement,Asset,70,Yes,TEXTAREA,IIRM India
3202,Group Mediclaim Policy,Total claims paid during the last two policy years immediately preceding  the expiring year - Cashless,Asset,71,Yes,TEXTAREA,IIRM India
3202,Group Mediclaim Policy,Total claims paid during the last three months of two years of policy immediately preceding to the expiring year- Reimbursement,Asset,72,Yes,TEXTAREA,IIRM India
3202,Group Mediclaim Policy,Total claims paid during the last three months of two years of policy immediately preceding to the expiring year - Cashless,Asset,73,Yes,TEXTAREA,IIRM India
3202,Group Mediclaim Policy,Midterm Sum Insured Enhancement,Basic,74,Yes,TEXTAREA,IIRM India
15071,Group Mediclaim Top-Up Policy,Floater,Basic,1,Yes,DROPDOWN,IIRM India
15071,Group Mediclaim Top-Up Policy,Family Sum Insured (multiple SI if applicable),Asset,2,Yes,TEXTAREA,IIRM India
15071,Group Mediclaim Top-Up Policy,No. of Employees,Asset,3,Yes,TEXTAREA,IIRM India
15071,Group Mediclaim Top-Up Policy,No. of Dependents,Asset,4,Yes,TEXTAREA,IIRM India
15071,Group Mediclaim Top-Up Policy,Total Members,Asset,5,Yes,TEXTAREA,IIRM India
15071,Group Mediclaim Top-Up Policy,Total sum Insured,Asset,6,Yes,TEXTAREA,IIRM India
15071,Group Mediclaim Top-Up Policy,Family Size,Asset,7,Yes,TEXTAREA,IIRM India
15071,Group Mediclaim Top-Up Policy,Dependent definition (spouse/children/parents/ p-i-l/siblings),Asset,8,Yes,TEXTAREA,IIRM India
15071,Group Mediclaim Top-Up Policy,Waiver of Pre existing (Y/N),Add On,9,Yes,DROPDOWN,IIRM India
15071,Group Mediclaim Top-Up Policy,Waiver of 30 day Waiting period (Y/N),Add On,10,Yes,DROPDOWN,IIRM India
15071,Group Mediclaim Top-Up Policy,Waiver of 1st year exclusion (Y/N),Add On,11,Yes,DROPDOWN,IIRM India
15071,Group Mediclaim Top-Up Policy,Waiver of 2nd year exclusion (Y/N),Add On,12,Yes,DROPDOWN,IIRM India
15071,Group Mediclaim Top-Up Policy,Waiver of 4th year exclusion (Y/N),Add On,13,Yes,DROPDOWN,IIRM India
15071,Group Mediclaim Top-Up Policy,Maternity Y/N,Add On,14,Yes,DROPDOWN,IIRM India
15071,Group Mediclaim Top-Up Policy,Maternity cap for Normal,Add On,15,Yes,TEXTAREA,IIRM India
15071,Group Mediclaim Top-Up Policy,Maternity cap for Caesarean,Add On,16,Yes,TEXTAREA,IIRM India
15071,Group Mediclaim Top-Up Policy,Waiver of Maternity waiting period,Add On,17,Yes,DROPDOWN,IIRM India
15071,Group Mediclaim Top-Up Policy,New born baby cover from day 1 required,Add On,18,Yes,TEXTAREA,IIRM India
15071,Group Mediclaim Top-Up Policy,Cap on new born baby  sum insured,Add On,19,Yes,TEXTAREA,IIRM India
15071,Group Mediclaim Top-Up Policy,Buffer cover limit,Add On,20,Yes,TEXTAREA,IIRM India
15071,Group Mediclaim Top-Up Policy,Corporate Buffer Restriction - Critical illness buffer,Add On,21,Yes,TEXTAREA,IIRM India
15071,Group Mediclaim Top-Up Policy,Any other conditions for Buffer utility,Add On,22,Yes,DROPDOWN,IIRM India
15071,Group Mediclaim Top-Up Policy,Co-Pay Limit,Add On,23,Yes,TEXTAREA,IIRM India
15071,Group Mediclaim Top-Up Policy,Co-Pay Condition (All claims/ Reimbursement Claims/ Parents Claims/ Delayed Intimation/ Specific Ailments ),Add On,24,Yes,TEXTAREA,IIRM India
15071,Group Mediclaim Top-Up Policy,Room rent cap (Y/N),Add On,25,Yes,DROPDOWN,IIRM India
15071,Group Mediclaim Top-Up Policy,Room rent cap amount Rs.,Add On,26,Yes,TEXTAREA,IIRM India
15071,Group Mediclaim Top-Up Policy,Room rent cap for ICU (Y/N),Add On,27,Yes,DROPDOWN,IIRM India
15071,Group Mediclaim Top-Up Policy,Room rent cap for ICU amount Rs. ,Add On,28,Yes,TEXTAREA,IIRM India
15071,Group Mediclaim Top-Up Policy,Zone wise caps on Room rent (Y/N),Add On,29,Yes,DROPDOWN,IIRM India
15071,Group Mediclaim Top-Up Policy,Zone wise caps on Room rent amount Rs.,Add On,30,Yes,TEXT,IIRM India
15071,Group Mediclaim Top-Up Policy,Ambulance Charges,Add On,31,Yes,TEXTAREA,IIRM India
15071,Group Mediclaim Top-Up Policy,Any cap on ambulance charges?,Add On,32,Yes,TEXTAREA,IIRM India
15071,Group Mediclaim Top-Up Policy,Hospitalization due to Terrorism,Add On,33,Yes,TEXTAREA,IIRM India
15071,Group Mediclaim Top-Up Policy,Pre hospitalization No of days,Add On,34,Yes,TEXT,IIRM India
15071,Group Mediclaim Top-Up Policy,Post hospitalization no of days,Add On,35,Yes,TEXT,IIRM India
15071,Group Mediclaim Top-Up Policy,Pre natal expenses covered,Add On,36,Yes,TEXTAREA,IIRM India
15071,Group Mediclaim Top-Up Policy,Post natal expenses Covered,Add On,37,Yes,TEXT,IIRM India
15071,Group Mediclaim Top-Up Policy,Minimum age limit,Asset,38,Yes,TEXTAREA,IIRM India
15071,Group Mediclaim Top-Up Policy,Maximum age limit,Asset,39,Yes,TEXTAREA,IIRM India
15071,Group Mediclaim Top-Up Policy,Deletion of Domiciliary,Add On,40,Yes,TEXTAREA,IIRM India
15071,Group Mediclaim Top-Up Policy,TPA specification if any,Asset,41,Yes,TEXTAREA,IIRM India
15071,Group Mediclaim Top-Up Policy,Any specific terms apart from general hospitalization conditions,Anyothercovers,42,Yes,TEXTAREA,IIRM India
15071,Group Mediclaim Top-Up Policy,Other conditions,Anyothercovers,43,Yes,TEXTAREA,IIRM India
15071,Group Mediclaim Top-Up Policy,Remarks if any,Anyothercovers,44,Yes,TEXTAREA,IIRM India
15071,Group Mediclaim Top-Up Policy,Errors  Omission Clause,Basis of SI,45,Yes,TEXT,IIRM India
15071,Group Mediclaim Top-Up Policy,Expiring Year,Asset,46,Yes,TEXTAREA,IIRM India
15071,Group Mediclaim Top-Up Policy,Policy Number,Asset,47,Yes,TEXTAREA,IIRM India
15071,Group Mediclaim Top-Up Policy,Period of Insurance,Asset,48,Yes,TEXTAREA,IIRM India
15071,Group Mediclaim Top-Up Policy,Policy Type ,Asset,49,Yes,TEXTAREA,IIRM India
15071,Group Mediclaim Top-Up Policy,For how many years policy has been active,Asset,50,Yes,TEXTAREA,IIRM India
15071,Group Mediclaim Top-Up Policy,Premium paid at inception (exclusive of Service Tax),Asset,51,Yes,TEXTAREA,IIRM India
15071,Group Mediclaim Top-Up Policy,Premium addition during the year ,Asset,52,Yes,TEXTAREA,IIRM India
15071,Group Mediclaim Top-Up Policy,Premium deletion during the year ,Asset,53,Yes,TEXTAREA,IIRM India
15071,Group Mediclaim Top-Up Policy,Final Premium collected (exclusive of Service Tax) as on date,Asset,54,Yes,TEXTAREA,IIRM India
15071,Group Mediclaim Top-Up Policy,No. of Members at inception - Employee,Asset,55,Yes,TEXTAREA,IIRM India
15071,Group Mediclaim Top-Up Policy,No. of Members at inception - Dependents,Asset,56,Yes,TEXTAREA,IIRM India
15071,Group Mediclaim Top-Up Policy,Addition during the year ,Asset,57,Yes,TEXTAREA,IIRM India
15071,Group Mediclaim Top-Up Policy,Deletion during the year ,Asset,58,Yes,TEXTAREA,IIRM India
15071,Group Mediclaim Top-Up Policy,Renewal Year,Asset,59,Yes,TEXTAREA,IIRM India
15071,Group Mediclaim Top-Up Policy,If Family coverage then no of Families to be covered,Asset,60,Yes,TEXTAREA,IIRM India
15071,Group Mediclaim Top-Up Policy,Claims paid as on date - Reimbursement,Asset,61,Yes,TEXTAREA,IIRM India
15071,Group Mediclaim Top-Up Policy,Claims paid as on date - Cashless,Asset,62,Yes,TEXTAREA,IIRM India
15071,Group Mediclaim Top-Up Policy,Claims outstanding as on date - Reimbursement,Asset,63,Yes,TEXTAREA,IIRM India
15071,Group Mediclaim Top-Up Policy,Claims outstanding as on date - Cashless,Asset,64,Yes,TEXTAREA,IIRM India
15071,Group Mediclaim Top-Up Policy,"If OPD cover given, then mention OPD claims separately",Asset,65,Yes,TEXTAREA,IIRM India
15071,Group Mediclaim Top-Up Policy,Claims Paid under corporate buffer - Reimbursement,Asset,66,Yes,TEXTAREA,IIRM India
15071,Group Mediclaim Top-Up Policy,Claims Paid under corporate buffer - Cashless,Asset,67,Yes,TEXTAREA,IIRM India
15071,Group Mediclaim Top-Up Policy,Claims outstanding under corporate buffer - Reimbursement,Asset,68,Yes,TEXTAREA,IIRM India
15071,Group Mediclaim Top-Up Policy,Claims outstanding under corporate buffer - Cashless,Asset,69,Yes,TEXTAREA,IIRM India
15071,Group Mediclaim Top-Up Policy,Total claims paid during the last two policy years immediately preceding  the expiring year - Reimbursement,Asset,70,Yes,TEXTAREA,IIRM India
15071,Group Mediclaim Top-Up Policy,Total claims paid during the last two policy years immediately preceding  the expiring year - Cashless,Asset,71,Yes,TEXTAREA,IIRM India
15071,Group Mediclaim Top-Up Policy,Total claims paid during the last three months of two years of policy immediately preceding to the expiring year- Reimbursement,Asset,72,Yes,TEXTAREA,IIRM India
15071,Group Mediclaim Top-Up Policy,Total claims paid during the last three months of two years of policy immediately preceding to the expiring year - Cashless,Asset,73,Yes,TEXTAREA,IIRM India
15071,Group Mediclaim Top-Up Policy,Midterm Sum Insured Enhancement,Basic,74,Yes,TEXTAREA,IIRM India
3201,Group Personal Accident Policy,Basis of Sum Insured,Asset,1,Yes,TEXTAREA,IIRM India
3201,Group Personal Accident Policy,Total No of Employees,Asset,2,Yes,TEXTAREA,IIRM India
3201,Group Personal Accident Policy,Total Sum Insured for all employees,Asset,3,Yes,TEXTAREA,IIRM India
3201,Group Personal Accident Policy,Death,Basic,4,Yes,TEXT,IIRM India
3201,Group Personal Accident Policy,Permanent Total Disablement,Basic,5,Yes,TEXT,IIRM India
3201,Group Personal Accident Policy,Permanent Partial Disablement,Basic,6,Yes,TEXT,IIRM India
3201,Group Personal Accident Policy,Loss of limbs,Basic,7,Yes,TEXT,IIRM India
3201,Group Personal Accident Policy,Temporary Total Disablement,Basic,8,Yes,TEXT,IIRM India
3201,Group Personal Accident Policy,Medical Expenses Extension,Basic,9,Yes,TEXT,IIRM India
3201,Group Personal Accident Policy,Child Education Bonus,Basic,10,Yes,TEXT,IIRM India
3201,Group Personal Accident Policy,Expenses for carriage of dead body,Basic,11,Yes,TEXT,IIRM India
3201,Group Personal Accident Policy,World wide cover,Basic,12,Yes,TEXT,IIRM India
3201,Group Personal Accident Policy,Terrorism,Basic,13,Yes,TEXT,IIRM India
3201,Group Personal Accident Policy,24 Hours Cover,Basic,14,Yes,TEXT,IIRM India
3201,Group Personal Accident Policy,On duty cover,Basic,15,Yes,TEXT,IIRM India
3201,Group Personal Accident Policy,Off duty cover,Basic,16,Yes,TEXT,IIRM India
3201,Group Personal Accident Policy,Funeral Expenses,Basic,17,Yes,TEXT,IIRM India
3201,Group Personal Accident Policy,Ambulance charges,Basic,18,Yes,TEXT,IIRM India
3201,Group Personal Accident Policy,Family transportation expenses,Basic,19,Yes,TEXT,IIRM India
3201,Group Personal Accident Policy,Damage to Clothing,Basic,20,Yes,TEXT,IIRM India
3201,Group Personal Accident Policy,Any other Condition / Coverage,Basic,21,Yes,TEXT,IIRM India
3201,Group Personal Accident Policy,Claim Status incl Nature of claims,Asset,22,Yes,TEXT,IIRM India
3201,Group Personal Accident Policy,Weekly Benefits,Basic,23,Yes,TEXTAREA,IIRM India
3201,Group Personal Accident Policy,Terms & Conditions,Basic,24,Yes,TEXTAREA,IIRM India
4644,Group Superannuation Scheme,Group Superannuation Scheme,Basic,1,Yes,TEXTAREA,IIRM India
4644,Group Superannuation Scheme,Others,Asset,2,No,TEXTAREA,IIRM India
3220,Group Term Life Insurance (GTL),Sum Assured whether flat or graded with amount,Asset,1,Yes,TEXT,IIRM India
3220,Group Term Life Insurance (GTL),Mortality Information during the last 3 years separately,Asset,2,Yes,TEXT,IIRM India
3220,Group Term Life Insurance (GTL),Provide accidental & Natural Deaths separately,Asset,3,Yes,TEXT,IIRM India
3220,Group Term Life Insurance (GTL),Nature of Job of the members,Asset,4,Yes,DROPDOWN,IIRM India
3220,Group Term Life Insurance (GTL),Employee Data should have,Asset,5,Yes,TEXTAREA,IIRM India
3220,Group Term Life Insurance (GTL),Death,Basic,6,Yes,DROPDOWN,IIRM India
3220,Group Term Life Insurance (GTL),Suicide,Basic,7,Yes,DROPDOWN,IIRM India
3220,Group Term Life Insurance (GTL),Terrorism,Basic,8,Yes,DROPDOWN,IIRM India
3220,Group Term Life Insurance (GTL),Critical Illness,Basic,9,Yes,DROPDOWN,IIRM India
3220,Group Term Life Insurance (GTL),Free Cover Limit,Basic,10,Yes,TEXTAREA,IIRM India
3220,Group Term Life Insurance (GTL),Sum Assured/Sum Insured,Asset,12,Yes,TEXTAREA,IIRM India
3220,Group Term Life Insurance (GTL),Total No of Employees,Asset,13,Yes,TEXT,IIRM India
3220,Group Term Life Insurance (GTL),Age Limit,Asset,14,Yes,TEXT,IIRM India
3220,Group Term Life Insurance (GTL),No. of Persons above FCL,Asset,15,Yes,TEXTAREA,IIRM India
3220,Group Term Life Insurance (GTL),Retirement Age,Asset,16,Yes,TEXT,IIRM India
3220,Group Term Life Insurance (GTL),Terms & Conditions,Basic,17,Yes,TEXTAREA,IIRM India
15064,Group Travel Insurance,Travel + Group,Basic,1,Yes,TEXTAREA,IIRM India
15064,Group Travel Insurance,Others,Asset,2,No,TEXTAREA,IIRM India
20762,Group_Mediclaim_Policy,,,,,,
20768,Group_Personal_Accident_Policy,,,,,,
18606,HDFC Life Click 2 Protect 3D Plus,Life – Term,Basic,1,Yes,TEXTAREA,IIRM India
18606,HDFC Life Click 2 Protect 3D Plus,Others,Asset,2,No,TEXTAREA,IIRM India
20701,HDFC Life Click 2 Protect 3D Plus,,,,,,
19035,Health,,,,,,
19025,Health,,,,,,
18534,Health Family Floater Policy,Health – Family Floater,Basic,1,Yes,TEXTAREA,IIRM India
18534,Health Family Floater Policy,Others,Asset,2,No,TEXTAREA,IIRM India
20871,Health Family Floater Policy,,,,,,
18549,Health Protector Plus Insurance,Health – Comprehensive,Basic,1,Yes,TEXTAREA,IIRM India
18549,Health Protector Plus Insurance,Others,Asset,2,No,TEXTAREA,IIRM India
20883,Health Protector Plus Insurance,,,,,,
18578,Health Top-Up Policy,Health – Top-up,Basic,1,Yes,TEXTAREA,IIRM India
18578,Health Top-Up Policy,Others,Asset,2,No,TEXTAREA,IIRM India
20681,Health Top-Up Policy,,,,,,
18567,Home Package Insurance,Package – Home,Basic,1,Yes,TEXTAREA,IIRM India
18567,Home Package Insurance,Others,Asset,2,No,TEXTAREA,IIRM India
20900,Home Package Insurance,,,,,,
18588,Hotel & Restaurant Package Policy,Package – Hospitality,Basic,1,Yes,TEXTAREA,IIRM India
18588,Hotel & Restaurant Package Policy,Others,Asset,2,No,TEXTAREA,IIRM India
20908,Hotel & Restaurant Package Policy,,,,,,
15080,Householder Insurance,Property – Home / Householder,Basic,1,Yes,TEXTAREA,IIRM India
15080,Householder Insurance,Others,Asset,2,No,TEXTAREA,IIRM India
18603,ICICI Pru Signature,Life – ULIP / Savings,Basic,1,Yes,TEXTAREA,IIRM India
18603,ICICI Pru Signature,Others,Asset,2,No,TEXTAREA,IIRM India
20698,ICICI Pru Signature,,,,,,
18602,ICICI Pru iProtect Smart,Life – Term,Basic,1,Yes,TEXTAREA,IIRM India
18602,ICICI Pru iProtect Smart,Others,Asset,2,No,TEXTAREA,IIRM India
20697,ICICI Pru iProtect Smart,,,,,,
20666,INDIVIDUAL_HEALTH,,,,,,
4636,Individual Accident / Personal Accident Insurance (IAR),STFI,Basic,1,Yes,TEXT,IIRM India
4636,Individual Accident / Personal Accident Insurance (IAR),"Earthquake (Fire and Shock) +Tsunami, Storm, Typhon, Flood, Inundation and other AOG perils",Basic,2,Yes,TEXT,IIRM India
4636,Individual Accident / Personal Accident Insurance (IAR),Fire and allied perils,Basic,3,Yes,TEXT,IIRM India
4636,Individual Accident / Personal Accident Insurance (IAR),Machinery Breakdown,Basic,4,Yes,TEXT,IIRM India
4636,Individual Accident / Personal Accident Insurance (IAR),Architect Survey & Engineering fees in excess of 3% of claim amount ,Basic,5,Yes,TEXT,IIRM India
4636,Individual Accident / Personal Accident Insurance (IAR),Removal of Debris including Foreign Debris and de-watering and desilting,Basic,6,Yes,TEXT,IIRM India
4636,Individual Accident / Personal Accident Insurance (IAR),"Impact Damage due to Insured‟s own Rail/Road Vehicles, Fork lifts, Cranes, Stackers and the like and articles dropped therefrom ",Basic,7,Yes,TEXT,IIRM India
4636,Individual Accident / Personal Accident Insurance (IAR),"Ommission to Insure additions , alterations or extension @ 5%",Basic,8,Yes,TEXT,IIRM India
4636,Individual Accident / Personal Accident Insurance (IAR),Escalation @ 5% on BMA Sum Insured,Basic,9,Yes,TEXT,IIRM India
4636,Individual Accident / Personal Accident Insurance (IAR),"Spoilage of material, machinery, container and equipemnt damage including cost of removal of debris",Basic,10,Yes,TEXT,IIRM India
4636,Individual Accident / Personal Accident Insurance (IAR),Leakage and Overflowing,Basic,11,Yes,TEXT,IIRM India
4636,Individual Accident / Personal Accident Insurance (IAR),New location cover,Basic,12,Yes,TEXT,IIRM India
4636,Individual Accident / Personal Accident Insurance (IAR),Property In course of Construction / Erection,Basic,13,Yes,TEXT,IIRM India
4636,Individual Accident / Personal Accident Insurance (IAR),Roads Pavements and Street Furniture,Basic,14,Yes,TEXT,IIRM India
4636,Individual Accident / Personal Accident Insurance (IAR),Temporary Removal of Stocks,Basic,15,Yes,TEXT,IIRM India
4636,Individual Accident / Personal Accident Insurance (IAR),Temporary Removal of Property (P&M and including stock),Basic,16,Yes,TEXT,IIRM India
4636,Individual Accident / Personal Accident Insurance (IAR),Immediate Repair Works,Basic,17,Yes,TEXT,IIRM India
4636,Individual Accident / Personal Accident Insurance (IAR),Damage to Landscaping,Basic,18,Yes,TEXT,IIRM India
4636,Individual Accident / Personal Accident Insurance (IAR),Land Improvements,Basic,19,Yes,TEXT,IIRM India
4636,Individual Accident / Personal Accident Insurance (IAR),Claims Preparation cost AOA AOY Limit,Basic,20,Yes,TEXT,IIRM India
4636,Individual Accident / Personal Accident Insurance (IAR),Additional Customs duty,Basic,21,Yes,TEXT,IIRM India
4636,Individual Accident / Personal Accident Insurance (IAR),Fire Extinguishing / Fighting Expenses Clause,Basic,22,Yes,TEXT,IIRM India
4636,Individual Accident / Personal Accident Insurance (IAR),Loss minimisation expenses,Basic,23,Yes,TEXT,IIRM India
4636,Individual Accident / Personal Accident Insurance (IAR),Professional Fees,Basic,24,Yes,TEXT,IIRM India
4636,Individual Accident / Personal Accident Insurance (IAR),Leak Search & Finding Cost,Basic,25,Yes,TEXT,IIRM India
4636,Individual Accident / Personal Accident Insurance (IAR),Sprinkler upgrading costs,Basic,26,Yes,TEXT,IIRM India
4636,Individual Accident / Personal Accident Insurance (IAR),Protection & Preservation of Property,Basic,27,Yes,TEXT,IIRM India
4636,Individual Accident / Personal Accident Insurance (IAR),Capital Additions ,Basic,28,Yes,TEXT,IIRM India
4636,Individual Accident / Personal Accident Insurance (IAR),Catalyst and Consumable (Including Lining and Tefractory) Intrest in Process,Basic,29,Yes,TEXT,IIRM India
4636,Individual Accident / Personal Accident Insurance (IAR),Capital Works in progress cover,Basic,30,Yes,TEXT,IIRM India
4636,Individual Accident / Personal Accident Insurance (IAR),Mould & fungi cover,Basic,31,Yes,TEXT,IIRM India
4636,Individual Accident / Personal Accident Insurance (IAR),Replacement from Spares,Basic,32,Yes,TEXT,IIRM India
4636,Individual Accident / Personal Accident Insurance (IAR),Deliberate Damage / undamaged parts clause / Destruction of sound property,Basic,33,Yes,TEXT,IIRM India
4636,Individual Accident / Personal Accident Insurance (IAR),Cover for any unavoidable of Involuntary Improvement / Betterment as per waiver of Imrovement / betterment cost for replacement of specifically identified machinery including cost of adaptation,Basic,34,Yes,TEXT,IIRM India
4636,Individual Accident / Personal Accident Insurance (IAR),OEM parts/clause,Basic,35,Yes,TEXT,IIRM India
4636,Individual Accident / Personal Accident Insurance (IAR),"Hire Purchage or Lease Agreements/ Property under Consignment, Care, custody and Control",Basic,36,Yes,TEXT,IIRM India
4636,Individual Accident / Personal Accident Insurance (IAR),Inadvertent/unintentional & Error & Ommision,Basic,37,Yes,TEXT,IIRM India
4636,Individual Accident / Personal Accident Insurance (IAR),"Cost of Re writing records clause / Plans, Valuable Paper Documents & Computer Systems Records",Basic,38,Yes,TEXT,IIRM India
4636,Individual Accident / Personal Accident Insurance (IAR),Unpackaing Expense Clause,Add On,39,Yes,TEXT,IIRM India
4636,Individual Accident / Personal Accident Insurance (IAR),Property In Course of Construction / Minor Works,Add On,40,Yes,TEXT,IIRM India
4636,Individual Accident / Personal Accident Insurance (IAR),Property Not on the Insured Premises/ Offiste Premises,Deductable / copay,41,Yes,TEXT,IIRM India
4636,Individual Accident / Personal Accident Insurance (IAR),Spontaneous Combustion with and without fire,Deductable / copay,42,Yes,TEXT,IIRM India
4636,Individual Accident / Personal Accident Insurance (IAR),Extra Expense Clause including Diesel,Deductable / copay,43,Yes,TEXT,IIRM India
4636,Individual Accident / Personal Accident Insurance (IAR),De-Contamination and cost of clean up Expense,Deductable / copay,44,Yes,TEXT,IIRM India
4636,Individual Accident / Personal Accident Insurance (IAR),Cleaning up and other Costs Clause / Dewatering System,Deductable / copay,45,Yes,TEXT,IIRM India
4636,Individual Accident / Personal Accident Insurance (IAR),Temporary Repairs Clause,Deductable / copay,46,Yes,TEXT,IIRM India
4636,Individual Accident / Personal Accident Insurance (IAR),Duty Liability ,Basis of SI,47,Yes,TEXT,IIRM India
4636,Individual Accident / Personal Accident Insurance (IAR),Startup / Shutdown Expenses,Basis of SI,48,Yes,TEXT,IIRM India
4636,Individual Accident / Personal Accident Insurance (IAR),Original Equipment Manufacturer Clause,Basis of SI,49,Yes,TEXT,IIRM India
4636,Individual Accident / Personal Accident Insurance (IAR),"Burglary & House Breaking, Theft & Larcenry",Basis of SI,50,Yes,TEXT,IIRM India
4636,Individual Accident / Personal Accident Insurance (IAR),Waiver of Under Insurance (Upto 15%),Basis of SI,51,Yes,TEXT,IIRM India
4636,Individual Accident / Personal Accident Insurance (IAR),Intentional Damage,Basis of SI,52,Yes,TEXT,IIRM India
4636,Individual Accident / Personal Accident Insurance (IAR),Hazardous Goods,Basis of SI,53,Yes,TEXT,IIRM India
4636,Individual Accident / Personal Accident Insurance (IAR),Property Outside/away from the Premises at Unnamed location (Third Party Locations) including building and leasehold improvements,Basis of SI,54,Yes,TEXT,IIRM India
4636,Individual Accident / Personal Accident Insurance (IAR),Capital Goods/ Machineries/ New Equipment’s lying anywhere in the Premises waiting for capitalization.  ,Basis of SI,55,Yes,TEXT,IIRM India
4636,Individual Accident / Personal Accident Insurance (IAR),Sue and Labour Charges,Basis of SI,56,Yes,TEXT,IIRM India
4636,Individual Accident / Personal Accident Insurance (IAR),Non Invalidation,Basis of SI,57,Yes,TEXT,IIRM India
4636,Individual Accident / Personal Accident Insurance (IAR),Territorial Limits,Basis of SI,58,Yes,TEXT,IIRM India
4636,Individual Accident / Personal Accident Insurance (IAR),Vehilce Load Clause,Basis of SI,59,Yes,TEXT,IIRM India
4636,Individual Accident / Personal Accident Insurance (IAR),New Acquisition of Entities/Acquired Companies Clause,Basis of SI,60,Yes,TEXT,IIRM India
4636,Individual Accident / Personal Accident Insurance (IAR),Additional Insured Clause,Basic,61,Yes,TEXT,IIRM India
4636,Individual Accident / Personal Accident Insurance (IAR),Aggravation Clause,Basic,62,Yes,TEXT,IIRM India
4636,Individual Accident / Personal Accident Insurance (IAR),Brands and Trademarks clause / Salvage Waiver Clause / Control of damaged goods or property,Basic,63,Yes,TEXT,IIRM India
4636,Individual Accident / Personal Accident Insurance (IAR),Tenant clause,Basic,64,Yes,TEXT,IIRM India
4636,Individual Accident / Personal Accident Insurance (IAR),Loss Payee Clause,Basic,65,Yes,TEXT,IIRM India
4636,Individual Accident / Personal Accident Insurance (IAR),Non-Vitiation Clause / Multiple Insured Clause,Basic,66,Yes,TEXT,IIRM India
4636,Individual Accident / Personal Accident Insurance (IAR),Obsolete parts/equipement/machinery Clause,Basic,67,Yes,TEXT,IIRM India
4636,Individual Accident / Personal Accident Insurance (IAR),Employee personal effects Clause / Property of employees and visitors,Basic,68,Yes,TEXT,IIRM India
4636,Individual Accident / Personal Accident Insurance (IAR),Work of Art,Basic,69,Yes,TEXT,IIRM India
4636,Individual Accident / Personal Accident Insurance (IAR),"Omission to Insure additions, alterations or extensions including CWIP- 5%",Basic,70,Yes,TEXT,IIRM India
4636,Individual Accident / Personal Accident Insurance (IAR),Trace and access,Basic,71,Yes,TEXT,IIRM India
4636,Individual Accident / Personal Accident Insurance (IAR),Testing and Commissioning Clause,Basic,72,Yes,TEXT,IIRM India
4636,Individual Accident / Personal Accident Insurance (IAR),Dissimilar Property,Basic,73,Yes,TEXT,IIRM India
4636,Individual Accident / Personal Accident Insurance (IAR),Expiration,Basic,74,Yes,TEXT,IIRM India
4636,Individual Accident / Personal Accident Insurance (IAR),Delay in Repair,Basic,75,Yes,TEXT,IIRM India
4636,Individual Accident / Personal Accident Insurance (IAR),Pair & set clause,Basic,76,Yes,TEXT,IIRM India
4636,Individual Accident / Personal Accident Insurance (IAR),Additional rent for alternate Accommodation,Basic,77,Yes,TEXT,IIRM India
4636,Individual Accident / Personal Accident Insurance (IAR),Free Automatic Reinstatement of Sum Insured Clause,Basic,78,Yes,TEXT,IIRM India
4636,Individual Accident / Personal Accident Insurance (IAR),Stocks on floater basis,Basic,79,Yes,TEXT,IIRM India
4636,Individual Accident / Personal Accident Insurance (IAR),Cover against  deterioration of stocks due to power  failure following damage to premises of Public  Power  Station and  Terminal ends of  electric service feeders,Basic,80,Yes,TEXT,IIRM India
4636,Individual Accident / Personal Accident Insurance (IAR),"Electrical Apparatus Clause / Electrical Installation Clause 
",Basic,81,Yes,TEXT,IIRM India
4636,Individual Accident / Personal Accident Insurance (IAR),Green clause,Basic,82,Yes,TEXT,IIRM India
4636,Individual Accident / Personal Accident Insurance (IAR),Spontaneous Combustion,Basic,83,Yes,TEXT,IIRM India
4636,Individual Accident / Personal Accident Insurance (IAR),Cover for temporary structures like Gazibo and identical assets. ,Basic,84,Yes,TEXT,IIRM India
4636,Individual Accident / Personal Accident Insurance (IAR),Abandonment of Property ,Basic,85,Yes,TEXT,IIRM India
4636,Individual Accident / Personal Accident Insurance (IAR),Inadvertent Property Missions,Basic,86,Yes,TEXT,IIRM India
4636,Individual Accident / Personal Accident Insurance (IAR),Keys and locks clause,Basic,87,Yes,TEXT,IIRM India
4636,Individual Accident / Personal Accident Insurance (IAR),Errors and Omissions,Basic,88,Yes,TEXT,IIRM India
4636,Individual Accident / Personal Accident Insurance (IAR),Destruction of Salvage,Basic,89,Yes,TEXT,IIRM India
4636,Individual Accident / Personal Accident Insurance (IAR),Disposal of Salvage,Basic,90,Yes,TEXT,IIRM India
4636,Individual Accident / Personal Accident Insurance (IAR),Waiver of contribution clause,Basic,91,Yes,TEXT,IIRM India
4636,Individual Accident / Personal Accident Insurance (IAR),"Cover for Loss or Damage due to Strike, riot ad Civil Commotion (SRCC)/RSMD",Basic,92,Yes,TEXT,IIRM India
4636,Individual Accident / Personal Accident Insurance (IAR),No AMC Warranty Applicable,Basic,93,Yes,TEXT,IIRM India
4636,Individual Accident / Personal Accident Insurance (IAR),Loss adjuster's clause,Basic,94,Yes,TEXT,IIRM India
4636,Individual Accident / Personal Accident Insurance (IAR),Payment of on-account clause upto 50% of admissible claim amount,Basic,95,Yes,TEXT,IIRM India
4636,Individual Accident / Personal Accident Insurance (IAR),Destruction of Insured Property,Basic,96,Yes,TEXT,IIRM India
4636,Individual Accident / Personal Accident Insurance (IAR),Free Issue Materials,Basic,97,Yes,TEXT,IIRM India
4636,Individual Accident / Personal Accident Insurance (IAR),Cutting Clause,Basic,98,Yes,TEXT,IIRM India
4636,Individual Accident / Personal Accident Insurance (IAR),Novation clause,Add On,99,Yes,TEXT,IIRM India
4636,Individual Accident / Personal Accident Insurance (IAR),Primary & Non-contributory Insurance Clause,Add On,100,Yes,TEXT,IIRM India
4636,Individual Accident / Personal Accident Insurance (IAR),Bankruptcy And Insolvency,Deductable / copay,101,Yes,TEXT,IIRM India
4636,Individual Accident / Personal Accident Insurance (IAR),Basement Risk Covered,Deductable / copay,102,Yes,TEXT,IIRM India
4636,Individual Accident / Personal Accident Insurance (IAR),Extended Expiration,Deductable / copay,103,Yes,TEXT,IIRM India
4636,Individual Accident / Personal Accident Insurance (IAR),Unoccupancy Clause,Deductable / copay,104,Yes,TEXT,IIRM India
4636,Individual Accident / Personal Accident Insurance (IAR),Tax Treatment of Profit ,Deductable / copay,105,Yes,TEXT,IIRM India
4636,Individual Accident / Personal Accident Insurance (IAR),Designation Of Property Clause,Deductable / copay,106,Yes,TEXT,IIRM India
4636,Individual Accident / Personal Accident Insurance (IAR),Local Authority Clause,Basis of SI,107,Yes,TEXT,IIRM India
4636,Individual Accident / Personal Accident Insurance (IAR),Property/Goods Held in Trust Clause (if value of SI include stock)/commission,Basis of SI,108,Yes,TEXT,IIRM India
4636,Individual Accident / Personal Accident Insurance (IAR),72 Hours Clause,Basis of SI,109,Yes,TEXT,IIRM India
4636,Individual Accident / Personal Accident Insurance (IAR),Reinstatement Value Clause,Basis of SI,110,Yes,TEXT,IIRM India
4636,Individual Accident / Personal Accident Insurance (IAR),Market Value Clause (For Stock),Basis of SI,111,Yes,TEXT,IIRM India
4636,Individual Accident / Personal Accident Insurance (IAR),Agreed Bank Clause,Basis of SI,112,Yes,TEXT,IIRM India
4636,Individual Accident / Personal Accident Insurance (IAR),Undamaged Foundation,Basis of SI,113,Yes,TEXT,IIRM India
4636,Individual Accident / Personal Accident Insurance (IAR),Contracts Work,Basis of SI,114,Yes,TEXT,IIRM India
4636,Individual Accident / Personal Accident Insurance (IAR),Contract price,Basis of SI,115,Yes,TEXT,IIRM India
4636,Individual Accident / Personal Accident Insurance (IAR),Accidental discharge of gas flooding systems costs,Basis of SI,116,Yes,TEXT,IIRM India
4636,Individual Accident / Personal Accident Insurance (IAR),Undamaged stock and loss on resale,Basis of SI,117,Yes,TEXT,IIRM India
4636,Individual Accident / Personal Accident Insurance (IAR),Goods and stock going through fire & heating process,Basis of SI,118,Yes,TEXT,IIRM India
4636,Individual Accident / Personal Accident Insurance (IAR),Waiver of Subrogation,Basis of SI,119,Yes,TEXT,IIRM India
4636,Individual Accident / Personal Accident Insurance (IAR),Deferred payments,Basis of SI,120,Yes,TEXT,IIRM India
4636,Individual Accident / Personal Accident Insurance (IAR),Vehicle Load Clause,Basic,121,Yes,TEXT,IIRM India
4636,Individual Accident / Personal Accident Insurance (IAR),Margin clause,Basic,122,Yes,TEXT,IIRM India
4636,Individual Accident / Personal Accident Insurance (IAR),Accidental Damage,Basic,123,Yes,TEXT,IIRM India
4636,Individual Accident / Personal Accident Insurance (IAR),Leakage & Contamination Cover ,Basic,124,Yes,TEXT,IIRM India
4636,Individual Accident / Personal Accident Insurance (IAR),Leakage of fire fighting equipment clause,Basic,125,Yes,TEXT,IIRM India
4636,Individual Accident / Personal Accident Insurance (IAR),Control Of Damaged Goods Clause,Basic,126,Yes,TEXT,IIRM India
4636,Individual Accident / Personal Accident Insurance (IAR),Spoilage Cover Stocks,Basic,127,Yes,TEXT,IIRM India
4636,Individual Accident / Personal Accident Insurance (IAR),Catalyst And Consumables,Basic,128,Yes,TEXT,IIRM India
4636,Individual Accident / Personal Accident Insurance (IAR),Smoke Damage,Basic,129,Yes,TEXT,IIRM India
4636,Individual Accident / Personal Accident Insurance (IAR),Loss Due To Accidental Power Failure Consequent To Damage At Power Station,Basic,130,Yes,TEXT,IIRM India
4636,Individual Accident / Personal Accident Insurance (IAR),Damage To Building (occasioned By Theft),Basic,131,Yes,TEXT,IIRM India
4636,Individual Accident / Personal Accident Insurance (IAR),Insured Property Stored At Other Locations,Basic,132,Yes,TEXT,IIRM India
4636,Individual Accident / Personal Accident Insurance (IAR),Cost Of Clearing Drains,Basic,133,Yes,TEXT,IIRM India
4636,Individual Accident / Personal Accident Insurance (IAR),Modification Cost / incompatibility Expenses,Basic,134,Yes,TEXT,IIRM India
4636,Individual Accident / Personal Accident Insurance (IAR),Pollutant Cleanup and removal,Basic,135,Yes,TEXT,IIRM India
4636,Individual Accident / Personal Accident Insurance (IAR),Demolition and increased cost of construction,Basic,136,Yes,TEXT,IIRM India
4636,Individual Accident / Personal Accident Insurance (IAR),Removal of Foreign Debris,Basic,137,Yes,TEXT,IIRM India
4636,Individual Accident / Personal Accident Insurance (IAR),Damages to Underground Services,Basic,138,Yes,TEXT,IIRM India
4636,Individual Accident / Personal Accident Insurance (IAR),Consequential reduction in value,Basic,139,Yes,TEXT,IIRM India
4636,Individual Accident / Personal Accident Insurance (IAR),Molten Meterial Spillage Cover,Basic,140,Yes,TEXT,IIRM India
4636,Individual Accident / Personal Accident Insurance (IAR),Catalyst Cover,Basic,141,Yes,TEXT,IIRM India
4636,Individual Accident / Personal Accident Insurance (IAR),Contamination & Co-mingle Clause of Stocks,Basic,142,Yes,TEXT,IIRM India
4636,Individual Accident / Personal Accident Insurance (IAR),Dewatering expenses,Basic,143,Yes,TEXT,IIRM India
4636,Individual Accident / Personal Accident Insurance (IAR),"Cover For Lubricating Oil, Oil In Transformers, Machinery Foundations And Refrigerant",Basic,144,Yes,TEXT,IIRM India
4636,Individual Accident / Personal Accident Insurance (IAR),Loss of rent,Basic,145,Yes,TEXT,IIRM India
4636,Individual Accident / Personal Accident Insurance (IAR),"Exhibition, Exposition, Fair or Trade Show",Basic,146,Yes,TEXT,IIRM India
4636,Individual Accident / Personal Accident Insurance (IAR),Appraisement clause,Basic,147,Yes,TEXT,IIRM India
4636,Individual Accident / Personal Accident Insurance (IAR),Accounts Receivables,Basic,148,Yes,TEXT,IIRM India
4636,Individual Accident / Personal Accident Insurance (IAR),Inland transit clause/Property in transit within insured premises,Basic,149,Yes,TEXT,IIRM India
4636,Individual Accident / Personal Accident Insurance (IAR),Crane Hiring Charges,Basic,150,Yes,TEXT,IIRM India
4636,Individual Accident / Personal Accident Insurance (IAR),Pro-rata Premium,Basic,151,Yes,TEXT,IIRM India
4636,Individual Accident / Personal Accident Insurance (IAR),Internal decoration fixtures and fittings,Basic,152,Yes,TEXT,IIRM India
4636,Individual Accident / Personal Accident Insurance (IAR),Arbitration Clause,Basic,153,Yes,TEXT,IIRM India
4636,Individual Accident / Personal Accident Insurance (IAR),Additional Cost of restoration,Basic,154,Yes,TEXT,IIRM India
4636,Individual Accident / Personal Accident Insurance (IAR),Waiver of Sum Insured adequacy check for claims upto 10 Cr,Basic,155,Yes,TEXT,IIRM India
4636,Individual Accident / Personal Accident Insurance (IAR),Expediting Expenses including Air Freight,Basic,156,Yes,TEXT,IIRM India
4636,Individual Accident / Personal Accident Insurance (IAR),Incoming And Outgoing Effluent Pipelines,Basic,157,Yes,TEXT,IIRM India
4636,Individual Accident / Personal Accident Insurance (IAR),Fraud and forfeiture,Basic,158,Yes,TEXT,IIRM India
4636,Individual Accident / Personal Accident Insurance (IAR),Auditor Fees,Add On,159,Yes,TEXT,IIRM India
4636,Individual Accident / Personal Accident Insurance (IAR),Nominated loss adjuster's clause,Add On,160,Yes,TEXT,IIRM India
4636,Individual Accident / Personal Accident Insurance (IAR),Interdependency Clause,Deductable / copay,161,Yes,TEXT,IIRM India
4636,Individual Accident / Personal Accident Insurance (IAR),Sum Insured,Deductable / copay,162,Yes,TEXT,IIRM India
4636,Individual Accident / Personal Accident Insurance (IAR),Indemnity Period,Deductable / copay,163,Yes,TEXT,IIRM India
4636,Individual Accident / Personal Accident Insurance (IAR),Index of Business,Deductable / copay,164,Yes,TEXT,IIRM India
4636,Individual Accident / Personal Accident Insurance (IAR),Suppliers/ Fabricators Premises Extension,Deductable / copay,165,Yes,TEXT,IIRM India
4636,Individual Accident / Personal Accident Insurance (IAR),Customer Premises Extension,Basis of SI,166,Yes,TEXT,IIRM India
4636,Individual Accident / Personal Accident Insurance (IAR),Buyers Premises Extension,Basis of SI,167,Yes,TEXT,IIRM India
4636,Individual Accident / Personal Accident Insurance (IAR),Auditors Fee Clause,Basis of SI,168,Yes,TEXT,IIRM India
4636,Individual Accident / Personal Accident Insurance (IAR),Additional increased cost of working,Basis of SI,169,Yes,TEXT,IIRM India
4636,Individual Accident / Personal Accident Insurance (IAR),Failure of public utilities Covered as Extension to cover loss due to accidental failure of public electricity/ gas/ water supply (Maximum limit of 17% of BI sum insured of respective location. Details of utility suppliers must be obtained and coverage should not be provided on unnamed/ unspecified basis. No coverage for utility suppliers located outside India or located offshore.,Basis of SI,170,Yes,TEXT,IIRM India
4636,Individual Accident / Personal Accident Insurance (IAR),Prevention of access clause- Prevention of access 30 days over and above the policy time excess and within a maximum 5km radius from the Insured’s premises and only inland/ Prevention of access resulting from local disturbance should be included.,Basis of SI,171,Yes,TEXT,IIRM India
4636,Individual Accident / Personal Accident Insurance (IAR),Alternative Basis Clause,Basis of SI,172,Yes,TEXT,IIRM India
4636,Individual Accident / Personal Accident Insurance (IAR),Return of Premium Clause,Basis of SI,173,Yes,TEXT,IIRM India
4636,Individual Accident / Personal Accident Insurance (IAR),Departmental Clause,Basis of SI,174,Yes,TEXT,IIRM India
4636,Individual Accident / Personal Accident Insurance (IAR),Non-Continuous Process,Basis of SI,175,Yes,TEXT,IIRM India
4636,Individual Accident / Personal Accident Insurance (IAR),Accumulated Stocks Clause,Basis of SI,176,Yes,TEXT,IIRM India
4636,Individual Accident / Personal Accident Insurance (IAR),Suppliers/ Fabricators Extension/Customers Extension,Basis of SI,177,Yes,TEXT,IIRM India
4636,Individual Accident / Personal Accident Insurance (IAR),Claim Preparation Cost,Basis of SI,178,Yes,TEXT,IIRM India
4636,Individual Accident / Personal Accident Insurance (IAR),"Waiver for warranty “existing protection, detection and alarm system to be maintained in well working condition throughout the policy period”.",Basis of SI,179,Yes,TEXT,IIRM India
4636,Individual Accident / Personal Accident Insurance (IAR),Excess/Deductibles,Basis of SI,180,Yes,TEXT,IIRM India
4636,Individual Accident / Personal Accident Insurance (IAR),Exclusions,Basis of SI,181,Yes,TEXT,IIRM India
4636,Individual Accident / Personal Accident Insurance (IAR),Warranties,Basis of SI,182,Yes,TEXT,IIRM India
4636,Individual Accident / Personal Accident Insurance (IAR),"Building - Building Including but not restricted to building, Plinth & Foundation, All civil structures  including of Compound Walls, Security Cabins, civil Works , include basement, parking lot, ,security shed,DG Room, common areas, glass work, admin Block, Offices of the Insured, street lights, sanitary and electrical fittings,water tanks both underground and over head, Internal roads, drainage systems and all such civil works (Inclg. flooring, paint, , water pumps / motors, lifts, electrical equipment's / fittings including underground cables & cables above the ground, fire fighting pipes & equipment's, and all other erected civil structures / building related items defines or undefined.",Basis of SI,183,Yes,TEXT,IIRM India
4636,Individual Accident / Personal Accident Insurance (IAR),"Plant & Machinery - Plant and Machinery Including but not restricted to Plant and Machineries, equipment's, utilities, piping, transformers, cables (ground, underground, overhead),electrical installation, panels, PLC’s, tools, dies & mould, R& D equipment's, Fire Fighting equipment's, fuel/lubricant/oil used in machinery and also includes spare machinery, machinery taken on lease/hire purchase and/or machinery held in trust whether under construction, installation, erection and commissioning.",Basis of SI,184,Yes,TEXT,IIRM India
4636,Individual Accident / Personal Accident Insurance (IAR),"On Stocks - Stocks Including but not restricted to stocks, Raw Material, Stocks in process, packing material, Stock in open areas / passages, stock kept in temporary sheds, stores, spares, tools, consumables, oils, fuel, lubricants, accessories, Semi finished goods, Finished Goods. goods under inspection, quality check, sorting & packing and includes WIP at the site of third parties)(Whether held in trust, awaiting inspection/ acceptance/entry into records/ books and includes excise duty credit on such goods).",Basis of SI,185,Yes,TEXT,IIRM India
4636,Individual Accident / Personal Accident Insurance (IAR),"Furniture & fixture - Furniture, Fixture, Fittings Including but not restricted to office equipment's, leasehold improvements, electric al, non electrical & electronic equipment's, appliances, gadgets ,computers, desktops, laptops, printers, UPS, Servers, Photo Copiers, Fax, Coolers, Air-conditioners, cables & Accessories (owned and/or taken on lease), Books etc.",Basis of SI,186,Yes,TEXT,IIRM India
4636,Individual Accident / Personal Accident Insurance (IAR),Others,Asset,188,No,TEXTAREA,IIRM India
4636,Individual Accident / Personal Accident Insurance (IAR),Terms & Conditions,Basis of SI,189,Yes,TEXT,IIRM India
15061,Individual Health / Mediclaim Insurance,Health – Mediclaim,Basic,1,Yes,TEXTAREA,IIRM India
15061,Individual Health / Mediclaim Insurance,Others,Asset,2,No,TEXTAREA,IIRM India
18555,Individual Personal Accident Insurance,Personal Accident,Basic,1,Yes,TEXTAREA,IIRM India
18555,Individual Personal Accident Insurance,Others,Asset,2,No,TEXTAREA,IIRM India
20888,Individual Personal Accident Insurance,,,,,,
15090,Individual Travel Insurance,Travel,Basic,1,Yes,TEXTAREA,IIRM India
15090,Individual Travel Insurance,Others,Asset,2,No,TEXTAREA,IIRM India
18546,Industrial All Risk Insurance,NAME OF INSURED,Asset,1,Yes,TEXTAREA,IIRM India
18546,Industrial All Risk Insurance,COMMUNICATION ADDRESS OF INSURED,Asset,2,Yes,TEXTAREA,IIRM India
18546,Industrial All Risk Insurance,BREIF DESCRIPTION OF INSURED BUSINESS,Asset,3,Yes,TEXTAREA,IIRM India
18546,Industrial All Risk Insurance,RISK LOCATION ADDRESS,Asset,4,Yes,TEXTAREA,IIRM India
18546,Industrial All Risk Insurance,OCCUPANCY OF THE RISK LOCATION,Asset,5,Yes,TEXTAREA,IIRM India
18546,Industrial All Risk Insurance,EXPIRING INSURER,Asset,6,Yes,TEXTAREA,IIRM India
18546,Industrial All Risk Insurance,EXPIRING POLICY PERIOD,Asset,7,Yes,TEXTAREA,IIRM India
18546,Industrial All Risk Insurance,Expiring Policy Premium [w/o GST],Asset,8,Yes,TEXTAREA,IIRM India
18546,Industrial All Risk Insurance,Renewal Policy Period,Asset,9,Yes,TEXTAREA,IIRM India
18546,Industrial All Risk Insurance,Claims History,Asset,10,Yes,TEXTAREA,IIRM India
18546,Industrial All Risk Insurance,Material Damage other than Machinery Breakdown - Fire & Allied Perils: Sum Insured,Asset,11,Yes,TEXTAREA,IIRM India
18546,Industrial All Risk Insurance,Machinery Breakdown ( MBD) Section: Sum Insured,Asset,12,Yes,TEXTAREA,IIRM India
18546,Industrial All Risk Insurance,Others (Burglary/Electronic Equipments/Boiler Explosion): Sum Insured,Asset,13,Yes,TEXTAREA,IIRM India
18546,Industrial All Risk Insurance,Sum Insured Break-Up of Fire & Allied Perils,Asset,14,Yes,TEXTAREA,IIRM India
18546,Industrial All Risk Insurance,Business Interruption: Fire Loss of Profit - Sum Insured,Asset,15,Yes,TEXTAREA,IIRM India
18546,Industrial All Risk Insurance,Business Interruption: Machinery Loss of Profit - Sum Insured,Asset,16,Yes,TEXTAREA,IIRM India
18546,Industrial All Risk Insurance,STFI,Basic,17,Yes,TEXTAREA,IIRM India
18546,Industrial All Risk Insurance,"Earthquake (Fire and Shock), Volcanic eruption + Tsunami",Basic,18,Yes,TEXTAREA,IIRM India
18546,Industrial All Risk Insurance,Architect Survey & Engineering fees upto 3% of claim amount,Basic,19,Yes,TEXTAREA,IIRM India
18546,Industrial All Risk Insurance,Debris Removal (including foreign debris & dewatering expenses) in excess of 1% of the claim amount,Basic,20,Yes,TEXTAREA,IIRM India
18546,Industrial All Risk Insurance,"Impact Damage due to Insured‟s own Rail/Road Vehicles, Fork lifts, Cranes, Stackers and the like and articles dropped therefrom",Basic,21,Yes,TEXTAREA,IIRM India
18546,Industrial All Risk Insurance,"Ommission to Insure additions , alterations or extension @ 5%",Basic,22,Yes,TEXTAREA,IIRM India
18546,Industrial All Risk Insurance,Escalation,Basic,23,Yes,TEXTAREA,IIRM India
18546,Industrial All Risk Insurance,Leakage and Overflowing,Basic,24,Yes,TEXTAREA,IIRM India
18546,Industrial All Risk Insurance,New location cover,Basic,25,Yes,TEXTAREA,IIRM India
18546,Industrial All Risk Insurance,Claim preparation Costs,Basic,26,Yes,TEXTAREA,IIRM India
18546,Industrial All Risk Insurance,Roads Pavements and Street Furniture,Basic,27,Yes,TEXTAREA,IIRM India
18546,Industrial All Risk Insurance,Temporary Removal of Stocks,Basic,28,Yes,TEXTAREA,IIRM India
18546,Industrial All Risk Insurance,Temporary Removal of Property (P&M),Basic,29,Yes,TEXTAREA,IIRM India
18546,Industrial All Risk Insurance,Expediting Expenses incl Express & Air freight,Basic,30,Yes,TEXTAREA,IIRM India
18546,Industrial All Risk Insurance,Immediate Repair Works,Basic,31,Yes,TEXTAREA,IIRM India
18546,Industrial All Risk Insurance,Damage to Landscaping,Basic,32,Yes,TEXTAREA,IIRM India
18546,Industrial All Risk Insurance,Claims Preparation cost AOA AOY Limit,Basic,33,Yes,TEXTAREA,IIRM India
18546,Industrial All Risk Insurance,Duty/Additional Customs duty,Basic,34,Yes,TEXTAREA,IIRM India
18546,Industrial All Risk Insurance,Fire Extinguishing / Fighting Expenses Clause/Fire Brigade Charges,Basic,35,Yes,TEXTAREA,IIRM India
18546,Industrial All Risk Insurance,Loss minimisation expenses,Basic,36,Yes,TEXTAREA,IIRM India
18546,Industrial All Risk Insurance,"Professional Fees  for Technicians, Accountants and Legal Services",Basic,37,Yes,TEXTAREA,IIRM India
18546,Industrial All Risk Insurance,Leak Search & Finding Cost/Exploratory Cost/Trace & Access,Basic,38,Yes,TEXTAREA,IIRM India
18546,Industrial All Risk Insurance,Sprinkler upgrading costs,Basic,39,Yes,TEXTAREA,IIRM India
18546,Industrial All Risk Insurance,Protection & Preservation of Property,Basic,40,Yes,TEXTAREA,IIRM India
18546,Industrial All Risk Insurance,Capital Additions,Basic,41,Yes,TEXTAREA,IIRM India
18546,Industrial All Risk Insurance,Rent for Alternative accomodation IP: 12 Months,Basic,42,Yes,TEXTAREA,IIRM India
18546,Industrial All Risk Insurance,Catalyst and Consumable (Including Lining and Tefractory) Intrest in Process,Basic,43,Yes,TEXTAREA,IIRM India
18546,Industrial All Risk Insurance,Delibrate Damage,Basic,44,Yes,TEXTAREA,IIRM India
18546,Industrial All Risk Insurance,Cover for any unavoidable of Involuntary Improvement / Betterment as per waiver of Imrovement / betterment cost for replacement of specifically identified machinery including cost of adaptation/ Involuntary betterment clause/Technological Advancements Clause,Basic,45,Yes,TEXTAREA,IIRM India
18546,Industrial All Risk Insurance,OEM Clause,Basic,46,Yes,TEXTAREA,IIRM India
18546,Industrial All Risk Insurance,"Hire Purchage or Lease Agreements/ Property under Consignment, Care, custody and Control",Basic,47,Yes,TEXTAREA,IIRM India
18546,Industrial All Risk Insurance,Inadvertent/unintentional & Error & Ommision,Basic,48,Yes,TEXTAREA,IIRM India
18546,Industrial All Risk Insurance,"Cost of Re writing records clause / Plans, Valuable Paper Documents & Computer Systems Records/Data, Programs Or Software",Basic,49,Yes,TEXTAREA,IIRM India
18546,Industrial All Risk Insurance,Property Not on the Insured Premises/ Offiste Premises,Basic,50,Yes,TEXTAREA,IIRM India
18546,Industrial All Risk Insurance,Spontaneous Combustion with and without fire,Basic,51,Yes,TEXTAREA,IIRM India
18546,Industrial All Risk Insurance,De-Contamination and cost of clean up Expense,Basic,52,Yes,TEXTAREA,IIRM India
18546,Industrial All Risk Insurance,Cleaning up and other Costs Clause / Dewatering System,Basic,53,Yes,TEXTAREA,IIRM India
18546,Industrial All Risk Insurance,Temporary Repairs Clause,Basic,54,Yes,TEXTAREA,IIRM India
18546,Industrial All Risk Insurance,Duty Liability,Basic,55,Yes,TEXTAREA,IIRM India
18546,Industrial All Risk Insurance,Startup / Shutdown Expenses,Basic,56,Yes,TEXTAREA,IIRM India
18546,Industrial All Risk Insurance,"Burglary & House Breaking, Theft & Larcenry",Basic,57,Yes,TEXTAREA,IIRM India
18546,Industrial All Risk Insurance,Waiver of Under Insurance (Upto 15%),Basic,58,Yes,TEXTAREA,IIRM India
18546,Industrial All Risk Insurance,Intentional Damage,Basic,59,Yes,TEXTAREA,IIRM India
18546,Industrial All Risk Insurance,Property outside/away from the premises,Basic,60,Yes,TEXTAREA,IIRM India
18546,Industrial All Risk Insurance,Non Invalidation,Basic,61,Yes,TEXTAREA,IIRM India
18546,Industrial All Risk Insurance,Territorial Limits,Basic,62,Yes,TEXTAREA,IIRM India
18546,Industrial All Risk Insurance,Vehilce Load Clause,Basic,63,Yes,TEXTAREA,IIRM India
18546,Industrial All Risk Insurance,Acquired Companies Clause,Basic,64,Yes,TEXTAREA,IIRM India
18546,Industrial All Risk Insurance,Crane Charges,Basic,65,Yes,TEXTAREA,IIRM India
18546,Industrial All Risk Insurance,Additional Insured Clause,Basic,66,Yes,TEXTAREA,IIRM India
18546,Industrial All Risk Insurance,Additional Testing & Certification Charges,Basic,67,Yes,TEXTAREA,IIRM India
18546,Industrial All Risk Insurance,New undeclared Location Coverge / Property not on the insured premises/offsite premises,Basic,68,Yes,TEXTAREA,IIRM India
18546,Industrial All Risk Insurance,Aggravation Clause,Basic,69,Yes,TEXTAREA,IIRM India
18546,Industrial All Risk Insurance,Brands and Trademarks clause,Basic,70,Yes,TEXTAREA,IIRM India
18546,Industrial All Risk Insurance,Mobile Plant & Equipment,Basic,71,Yes,TEXTAREA,IIRM India
18546,Industrial All Risk Insurance,Tenant clause,Basic,72,Yes,TEXTAREA,IIRM India
18546,Industrial All Risk Insurance,Loss Payee Clause,Basic,73,Yes,TEXTAREA,IIRM India
18546,Industrial All Risk Insurance,Non-Vitiation Clause / Multiple Insured Clause,Basic,74,Yes,TEXTAREA,IIRM India
18546,Industrial All Risk Insurance,Obsolete parts/equipement/machinery Clause,Basic,75,Yes,TEXTAREA,IIRM India
18546,Industrial All Risk Insurance,Employee personal effects Clause / Property of employees and visitors,Basic,76,Yes,TEXTAREA,IIRM India
18546,Industrial All Risk Insurance,Work of Art,Basic,77,Yes,TEXTAREA,IIRM India
18546,Industrial All Risk Insurance,"Omission to insure additions, alterations or extensions / Inadvertent Omission",Basic,78,Yes,TEXTAREA,IIRM India
18546,Industrial All Risk Insurance,Coverage for Leased Building and Equipments,Basic,79,Yes,TEXTAREA,IIRM India
18546,Industrial All Risk Insurance,Appraisement Clause,Basic,80,Yes,TEXTAREA,IIRM India
18546,Industrial All Risk Insurance,Keys and Locks,Basic,81,Yes,TEXTAREA,IIRM India
18546,Industrial All Risk Insurance,Testing and Commissioning Clause,Basic,82,Yes,TEXTAREA,IIRM India
18546,Industrial All Risk Insurance,Automatic Hold Cover (Properties In New Locations) cover upto 30 days / Unspecified Locations,Basic,83,Yes,TEXTAREA,IIRM India
18546,Industrial All Risk Insurance,Dissimilar Property,Basic,84,Yes,TEXTAREA,IIRM India
18546,Industrial All Risk Insurance,Expiration,Basic,85,Yes,TEXTAREA,IIRM India
18546,Industrial All Risk Insurance,Delay in Repair,Basic,86,Yes,TEXTAREA,IIRM India
18546,Industrial All Risk Insurance,Pair & set clause,Basic,87,Yes,TEXTAREA,IIRM India
18546,Industrial All Risk Insurance,Free Automatic Reinstatement of Sum Insured Clause,Basic,88,Yes,TEXTAREA,IIRM India
18546,Industrial All Risk Insurance,Cover against  deterioration of stocks due to power  failure following damage to premises of Public  Power  Station and  Terminal ends of  electric service feeders,Basic,89,Yes,TEXTAREA,IIRM India
18546,Industrial All Risk Insurance,All SFSP Perils,Basic,90,Yes,TEXTAREA,IIRM India
18546,Industrial All Risk Insurance,Green clause,Basic,91,Yes,TEXTAREA,IIRM India
18546,Industrial All Risk Insurance,Forest fire,Basic,92,Yes,TEXTAREA,IIRM India
18546,Industrial All Risk Insurance,Subterranean Fire,Basic,93,Yes,TEXTAREA,IIRM India
18546,Industrial All Risk Insurance,Spontaneous Combustion,Basic,94,Yes,TEXTAREA,IIRM India
18546,Industrial All Risk Insurance,Abandonment of Property,Basic,95,Yes,TEXTAREA,IIRM India
18546,Industrial All Risk Insurance,Destruction of Salvage,Basic,96,Yes,TEXTAREA,IIRM India
18546,Industrial All Risk Insurance,Inadvertent Property Missions,Basic,97,Yes,TEXTAREA,IIRM India
18546,Industrial All Risk Insurance,Errors and Omissions,Basic,98,Yes,TEXTAREA,IIRM India
18546,Industrial All Risk Insurance,Contamination and comingling of stocks,Basic,99,Yes,TEXTAREA,IIRM India
18546,Industrial All Risk Insurance,Molten Material Spillage Cover (Material Damage),Basic,100,Yes,TEXTAREA,IIRM India
18546,Industrial All Risk Insurance,Deliberate Damage/:Undamaged Parts Clause/Destruction of Sound Property,Basic,101,Yes,TEXTAREA,IIRM India
18546,Industrial All Risk Insurance,Disposal of Salvage,Basic,102,Yes,TEXTAREA,IIRM India
18546,Industrial All Risk Insurance,Waiver of contribution clause,Basic,103,Yes,TEXTAREA,IIRM India
18546,Industrial All Risk Insurance,"Cover for Loss or Damage due to Strike, riot ad Civil Commotion (SRCC)",Basic,104,Yes,TEXTAREA,IIRM India
18546,Industrial All Risk Insurance,Payment of on-account clause upto 75% of admissible claim amount,Basic,105,Yes,TEXTAREA,IIRM India
18546,Industrial All Risk Insurance,Exclusion of Loss of Stabilising Fluid,Basic,106,Yes,TEXTAREA,IIRM India
18546,Industrial All Risk Insurance,Destruction of Insured Property,Basic,107,Yes,TEXTAREA,IIRM India
18546,Industrial All Risk Insurance,Coverage for Basement risk,Basic,108,Yes,TEXTAREA,IIRM India
18546,Industrial All Risk Insurance,Free Issue Materials,Basic,109,Yes,TEXTAREA,IIRM India
18546,Industrial All Risk Insurance,Obsolete equipment Clause,Basic,110,Yes,TEXTAREA,IIRM India
18546,Industrial All Risk Insurance,Cutting Clause,Basic,111,Yes,TEXTAREA,IIRM India
18546,Industrial All Risk Insurance,Novation clause,Basic,112,Yes,TEXTAREA,IIRM India
18546,Industrial All Risk Insurance,Primary Insurance Clause,Basic,113,Yes,TEXTAREA,IIRM India
18546,Industrial All Risk Insurance,Coinsurance Clause,Basic,114,Yes,TEXTAREA,IIRM India
18546,Industrial All Risk Insurance,Bankruptcy And Insolvency,Basic,115,Yes,TEXTAREA,IIRM India
18546,Industrial All Risk Insurance,Extended Expiration,Basic,116,Yes,TEXTAREA,IIRM India
18546,Industrial All Risk Insurance,Unoccupancy Clause,Basic,117,Yes,TEXTAREA,IIRM India
18546,Industrial All Risk Insurance,Primary & Non Contributory cover clause,Basic,118,Yes,TEXTAREA,IIRM India
18546,Industrial All Risk Insurance,Designation Of Property Clause,Basic,119,Yes,TEXTAREA,IIRM India
18546,Industrial All Risk Insurance,Local Authority Clause/Public Authorities / Civil Authority Clause/Municipal authority clause,Basic,120,Yes,TEXTAREA,IIRM India
18546,Industrial All Risk Insurance,Goods Held in Trust Clause,Basic,121,Yes,TEXTAREA,IIRM India
18546,Industrial All Risk Insurance,72 Hours Clause,Basic,122,Yes,TEXTAREA,IIRM India
18546,Industrial All Risk Insurance,Reinstatement Value Clause,Basic,123,Yes,TEXTAREA,IIRM India
18546,Industrial All Risk Insurance,Market Value Clause (For Stock),Basic,124,Yes,TEXTAREA,IIRM India
18546,Industrial All Risk Insurance,Agreed Bank Clause,Basic,125,Yes,TEXTAREA,IIRM India
18546,Industrial All Risk Insurance,Undamaged Foundation,Basic,126,Yes,TEXTAREA,IIRM India
18546,Industrial All Risk Insurance,Contracts Work/ Capital Work in Progress / Minor Works / Property in course of construction or Erection,Basic,127,Yes,TEXTAREA,IIRM India
18546,Industrial All Risk Insurance,Unpacking Expense Clause,Basic,128,Yes,TEXTAREA,IIRM India
18546,Industrial All Risk Insurance,Sue and Labour Cost,Basic,129,Yes,TEXTAREA,IIRM India
18546,Industrial All Risk Insurance,Controlled of Damaged Property & Goods,Basic,130,Yes,TEXTAREA,IIRM India
18546,Industrial All Risk Insurance,Assets held in trust Clause / at Job Worker / at Third Party Premises,Basic,131,Yes,TEXTAREA,IIRM India
18546,Industrial All Risk Insurance,Contract price,Basic,132,Yes,TEXTAREA,IIRM India
18546,Industrial All Risk Insurance,Accidental discharge of gas,Basic,133,Yes,TEXTAREA,IIRM India
18546,Industrial All Risk Insurance,Undamaged stock and loss on resale,Basic,134,Yes,TEXTAREA,IIRM India
18546,Industrial All Risk Insurance,Goods and stock going through fire & heating process,Basic,135,Yes,TEXTAREA,IIRM India
18546,Industrial All Risk Insurance,Waiver of Subrogation,Basic,136,Yes,TEXTAREA,IIRM India
18546,Industrial All Risk Insurance,No Control Clause,Basic,137,Yes,TEXTAREA,IIRM India
18546,Industrial All Risk Insurance,Deferred payments,Basic,138,Yes,TEXTAREA,IIRM India
18546,Industrial All Risk Insurance,Vehicle Load Clause,Basic,139,Yes,TEXTAREA,IIRM India
18546,Industrial All Risk Insurance,Master Key Coverage,Basic,140,Yes,TEXTAREA,IIRM India
18546,Industrial All Risk Insurance,"Land And Water Contaminant Cleanup, Removal And Disposal",Basic,141,Yes,TEXTAREA,IIRM India
18546,Industrial All Risk Insurance,Leakage of fire fighting equipment clause,Basic,142,Yes,TEXTAREA,IIRM India
18546,Industrial All Risk Insurance,Margin clause,Basic,143,Yes,TEXTAREA,IIRM India
18546,Industrial All Risk Insurance,Accidental Damage,Basic,144,Yes,TEXTAREA,IIRM India
18546,Industrial All Risk Insurance,Leakage & Contamination Cover,Basic,145,Yes,TEXTAREA,IIRM India
18546,Industrial All Risk Insurance,Control Of Damaged Goods Clause,Basic,146,Yes,TEXTAREA,IIRM India
18546,Industrial All Risk Insurance,Spoilage Cover of Stocks,Basic,147,Yes,TEXTAREA,IIRM India
18546,Industrial All Risk Insurance,Spoilage Cover of Plant & Machinery,Basic,148,Yes,TEXTAREA,IIRM India
18546,Industrial All Risk Insurance,Catalyst And Consumables (including lining and refractory) interest in process,Basic,149,Yes,TEXTAREA,IIRM India
18546,Industrial All Risk Insurance,Smoke Damage,Basic,150,Yes,TEXTAREA,IIRM India
18546,Industrial All Risk Insurance,Outbuilding Cover,Basic,151,Yes,TEXTAREA,IIRM India
18546,Industrial All Risk Insurance,Insured Property Stored At Other Locations,Basic,152,Yes,TEXTAREA,IIRM India
18546,Industrial All Risk Insurance,Cost Of Clearing Drains,Basic,153,Yes,TEXTAREA,IIRM India
18546,Industrial All Risk Insurance,Dewatering expenses,Basic,154,Yes,TEXTAREA,IIRM India
18546,Industrial All Risk Insurance,"Cover For Lubricating Oil, Oil In Transformers,Machine Foundations And Refrigerant",Basic,155,Yes,TEXTAREA,IIRM India
18546,Industrial All Risk Insurance,Nominated loss adjuster's clause,Basic,156,Yes,TEXTAREA,IIRM India
18546,Industrial All Risk Insurance,"Failure of Public utilities (electricity, water & gas) - 17% of BI (FLEXA & AOG)",Basic,157,Yes,TEXTAREA,IIRM India
18546,Industrial All Risk Insurance,Denial of Access /Prevention of Acess (4 week IP/5 kms Radious - Domestic),Basic,158,Yes,TEXTAREA,IIRM India
18546,Industrial All Risk Insurance,Interdependency Clause,Basic,159,Yes,TEXTAREA,IIRM India
18546,Industrial All Risk Insurance,Additional Increased Cost of Working,Basic,160,Yes,TEXTAREA,IIRM India
18546,Industrial All Risk Insurance,Auditor & Solicitors Fees,Basic,161,Yes,TEXTAREA,IIRM India
18546,Industrial All Risk Insurance,"Premises of Named customers & suppliers for a maximum limit of 10% of the limit of indemnity (Business Interruption Sum Insured/ Loss Limit). Coverage to be restricted to FLEXA perils for Overseas customer/suppliers, whereas coverage to be restricted to FLEXA and AOG perils for Domestic customer/suppliers.",Basic,162,Yes,TEXTAREA,IIRM India
18546,Industrial All Risk Insurance,"Premises of Un-named customers & suppliers located in India, for a maximum limit of 10% of the limit of indemnity (Business Interruption Sum Insured/ Loss Limit) and coverage restricted to FLEXA perils only, no cover for unnamed suppliers/customers located overseas.",Basic,163,Yes,TEXTAREA,IIRM India
18546,Industrial All Risk Insurance,All standing charges,Basic,164,Yes,TEXTAREA,IIRM India
18546,Industrial All Risk Insurance,Spoilage Risk Consequential Loss Cover,Basic,165,Yes,TEXTAREA,IIRM India
18546,Industrial All Risk Insurance,Departmental Clause,Basic,166,Yes,TEXTAREA,IIRM India
18546,Industrial All Risk Insurance,Specification Basis - Alternative Basis clause,Basic,167,Yes,TEXTAREA,IIRM India
18546,Industrial All Risk Insurance,Accumulation stocks clause,Basic,168,Yes,TEXTAREA,IIRM India
18546,Industrial All Risk Insurance,New Business Clause,Basic,169,Yes,TEXTAREA,IIRM India
18546,Industrial All Risk Insurance,Indemnity Period,Basic,170,Yes,TEXTAREA,IIRM India
18546,Industrial All Risk Insurance,Return of premium clause,Basic,171,Yes,TEXTAREA,IIRM India
18546,Industrial All Risk Insurance,Accountant's clause,Basic,172,Yes,TEXTAREA,IIRM India
18546,Industrial All Risk Insurance,Other terms & conditions,Basic,173,Yes,TEXTAREA,IIRM India
18546,Industrial All Risk Insurance,Deductibles / Excess,Asset,174,Yes,TEXTAREA,IIRM India
20880,Industrial All Risk Insurance,,,,,,
20770,Industrial_All_Risks_Insurance,,,,,,
18572,Industry Protector Insurance Policy – Laghu Udyam,Package – SME,Basic,1,Yes,TEXTAREA,IIRM India
18572,Industry Protector Insurance Policy – Laghu Udyam,Others,Asset,2,No,TEXTAREA,IIRM India
20905,Industry Protector Insurance Policy – Laghu Udyam,,,,,,
18569,Industry Protector Insurance Policy – Sookshma Udyam,Package – SME,Basic,1,Yes,TEXTAREA,IIRM India
18569,Industry Protector Insurance Policy – Sookshma Udyam,Others,Asset,2,No,TEXTAREA,IIRM India
20902,Industry Protector Insurance Policy – Sookshma Udyam,,,,,,
20692,JEEVAN_SURAKSHA,,,,,,
18593,Janata Suraksha Bima Yojana,Life – Micro Insurance,Basic,1,Yes,TEXTAREA,IIRM India
18593,Janata Suraksha Bima Yojana,Others,Asset,2,No,TEXTAREA,IIRM India
20913,Janata Suraksha Bima Yojana,,,,,,
18613,Jeevan Suraksha,Life – Pension / Annuity,Basic,1,Yes,TEXTAREA,IIRM India
18613,Jeevan Suraksha,Others,Asset,2,No,TEXTAREA,IIRM India
20705,Jeevan Suraksha,,,,,,
18564,Jewellers Block Insurance,Location of Risk,Asset,1,Yes,TEXTAREA,IIRM India
18564,Jewellers Block Insurance,Other terms & coverages,Basic,1,Yes,TEXTAREA,IIRM India
18564,Jewellers Block Insurance,Occupancy Description,Asset,2,Yes,TEXTAREA,IIRM India
18564,Jewellers Block Insurance,Details of Property to be insured,Asset,3,Yes,TEXTAREA,IIRM India
18564,Jewellers Block Insurance,Claims History,Asset,4,Yes,TEXTAREA,IIRM India
18564,Jewellers Block Insurance,Expiring Insurer & Policy No.,Asset,5,Yes,TEXTAREA,IIRM India
18564,Jewellers Block Insurance,Expiring Policy Period,Asset,6,Yes,TEXTAREA,IIRM India
18564,Jewellers Block Insurance,Expiring Policy Premium,Asset,7,Yes,TEXTAREA,IIRM India
18564,Jewellers Block Insurance,Renewal Policy Period,Asset,8,Yes,TEXTAREA,IIRM India
18564,Jewellers Block Insurance,Sum Insured Details,Asset,9,Yes,TEXTAREA,IIRM India
18564,Jewellers Block Insurance,Stock on premises,Basic,10,Yes,TEXTAREA,IIRM India
18564,Jewellers Block Insurance,Cash on premises,Basic,11,Yes,TEXTAREA,IIRM India
18564,Jewellers Block Insurance,Stock,Basic,12,Yes,TEXTAREA,IIRM India
18564,Jewellers Block Insurance,"Stock in the custody of directors, employees, partners & duly constituted attorneys",Basic,13,Yes,TEXTAREA,IIRM India
18564,Jewellers Block Insurance,"Stock entrusted to cutter, broker, agents not in the regular employment of the insured",Basic,14,Yes,TEXTAREA,IIRM India
18564,Jewellers Block Insurance,Cash in transit in the custody of insured's employees,Basic,15,Yes,TEXTAREA,IIRM India
18564,Jewellers Block Insurance,Angadia/courier/logistics providers on named basis,Basic,16,Yes,TEXTAREA,IIRM India
18564,Jewellers Block Insurance,Employee - Fidelity Group,Basic,17,Yes,TEXTAREA,IIRM India
18564,Jewellers Block Insurance,Domestic exhibitions,Basic,18,Yes,TEXTAREA,IIRM India
18564,Jewellers Block Insurance,Other Sum Insured Details,Basic,19,Yes,TEXTAREA,IIRM India
18564,Jewellers Block Insurance,Earthquake,Basic,20,Yes,TEXTAREA,IIRM India
18564,Jewellers Block Insurance,STFI,Basic,21,Yes,TEXTAREA,IIRM India
18564,Jewellers Block Insurance,Mysterious disappearance,Basic,22,Yes,TEXTAREA,IIRM India
18564,Jewellers Block Insurance,Shoplifting,Basic,23,Yes,TEXTAREA,IIRM India
18564,Jewellers Block Insurance,Out of safe at premises during and outside business hours,Basic,24,Yes,TEXTAREA,IIRM India
18564,Jewellers Block Insurance,Tiger kidnapping coverage for key persons who are part of the board including chairman and managing director,Basic,25,Yes,TEXTAREA,IIRM India
18564,Jewellers Block Insurance,Stolen Good,Basic,26,Yes,TEXTAREA,IIRM India
18564,Jewellers Block Insurance,Spurious Gold,Basic,27,Yes,TEXTAREA,IIRM India
18564,Jewellers Block Insurance,Certificate of diamonds/gems/pearls or insured goods,Basic,28,Yes,TEXTAREA,IIRM India
18564,Jewellers Block Insurance,Underinsurance,Basic,29,Yes,TEXTAREA,IIRM India
18564,Jewellers Block Insurance,Basis of valuation,Basic,30,Yes,TEXTAREA,IIRM India
18564,Jewellers Block Insurance,Agreed bank clause,Basic,31,Yes,TEXTAREA,IIRM India
18564,Jewellers Block Insurance,Connecting conveyance clause,Basic,32,Yes,TEXTAREA,IIRM India
18564,Jewellers Block Insurance,Goods held in trust clause,Basic,33,Yes,TEXTAREA,IIRM India
18564,Jewellers Block Insurance,Excess / Deductibles,Basic,34,Yes,TEXTAREA,IIRM India
20897,Jewellers Block Insurance,,,,,,
4637,Keyman Insurance,Keyman,Basic,1,Yes,TEXTAREA,IIRM India
4637,Keyman Insurance,Others,Asset,2,No,TEXTAREA,IIRM India
15065,LIA Stage Pay,Life – Stage Pay,Basic,1,Yes,TEXTAREA,IIRM India
15065,LIA Stage Pay,Others,Asset,2,No,TEXTAREA,IIRM India
18582,LPG Dealers Package Policy,Package – SME Trade Risk,Basic,1,Yes,TEXTAREA,IIRM India
18582,LPG Dealers Package Policy,Others,Asset,2,No,TEXTAREA,IIRM India
20685,LPG Dealers Package Policy,,,,,,
18594,Legal Liability Insurance,Other terms & coverages,Basic,1,Yes,TEXTAREA,IIRM India
18594,Legal Liability Insurance,Others,Asset,3,No,TEXTAREA,IIRM India
20691,Legal Liability Insurance,,,,,,
19036,Liability & Miscellaneous,,,,,,
19026,Liability & Miscellaneous,,,,,,
19027,Life,,,,,,
19037,Life,,,,,,
18611,Life Sanchay Plus,Life – Savings / Guaranteed,Basic,1,Yes,TEXTAREA,IIRM India
18611,Life Sanchay Plus,Others,Asset,2,No,TEXTAREA,IIRM India
20704,Life Sanchay Plus,,,,,,
18590,Loss of License Insurance,Specialty – Aviation / License,Basic,1,Yes,TEXTAREA,IIRM India
18590,Loss of License Insurance,Others,Asset,2,No,TEXTAREA,IIRM India
20910,Loss of License Insurance,,,,,,
30006,Machinery All Risk,Occupation,Asset,4,Yes,TEXTAREA,IIRM Sri Lanka
30006,Machinery All Risk,Risk Location 1,Asset,5,Yes,TEXTAREA,IIRM Sri Lanka
30006,Machinery All Risk,Description,Asset,6,Yes,TEXT,IIRM Sri Lanka
30006,Machinery All Risk,Risk Location 1 description,Asset,7,Yes,TEXTAREA,IIRM Sri Lanka
30006,Machinery All Risk,Total Sum Insured of Location,Asset,8,Yes,TEXT,IIRM Sri Lanka
30006,Machinery All Risk,Scope of Cover,Asset,9,Yes,TEXT,IIRM Sri Lanka
30006,Machinery All Risk,"Any unforeseen sudden and accidental physical loss, destruction or damage from any cause other than those specifically excluded",Basic,10,Yes,TEXTAREA,IIRM Sri Lanka
30006,Machinery All Risk,Extensions,Asset,11,Yes,TEXT,IIRM Sri Lanka
30006,Machinery All Risk,Strike Riot and Civil Commotion,Basic,12,Yes,TEXTAREA,IIRM Sri Lanka
30006,Machinery All Risk,Terrorism,Basic,13,Yes,TEXTAREA,IIRM Sri Lanka
30006,Machinery All Risk,Machinery Break down,Basic,14,Yes,TEXTAREA,IIRM Sri Lanka
30006,Machinery All Risk,Capital Additions,Basic,15,Yes,TEXTAREA,IIRM Sri Lanka
30006,Machinery All Risk,Escalation,Basic,16,Yes,TEXTAREA,IIRM Sri Lanka
30006,Machinery All Risk,Transit Cover with Loading & Unloading,Basic,17,Yes,TEXTAREA,IIRM Sri Lanka
30006,Machinery All Risk,Burglary Including Theft of Parts of the insured machineries,Basic,18,Yes,TEXTAREA,IIRM Sri Lanka
30006,Machinery All Risk,Deductibles/ Excess,Basic,19,Yes,TEXTAREA,IIRM Sri Lanka
30006,Machinery All Risk,Strike Riot and Civil Commotion,Basic,20,Yes,TEXTAREA,IIRM Sri Lanka
30006,Machinery All Risk,Terrorism,Basic,21,Yes,TEXTAREA,IIRM Sri Lanka
30006,Machinery All Risk,All other claims,Basic,22,Yes,TEXTAREA,IIRM Sri Lanka
30006,Machinery All Risk,Premium LKR,Basic,23,Yes,TEXT,IIRM Sri Lanka
30006,Machinery All Risk,Premium Exc. Taxes,Asset,24,Yes,TEXTAREA,IIRM Sri Lanka
30006,Machinery All Risk,Premium including Taxes,Asset,25,Yes,TEXTAREA,IIRM Sri Lanka
30006,Machinery All Risk,Warranties,Basic,26,Yes,TEXTAREA,IIRM Sri Lanka
30006,Machinery All Risk,Conditions,Basic,27,Yes,TEXTAREA,IIRM Sri Lanka
30006,Machinery All Risk,Exclusions,Basic,28,Yes,TEXTAREA,IIRM Sri Lanka
30006,Machinery All Risk,Subjectivities,Basic,29,Yes,TEXTAREA,IIRM Sri Lanka
30006,Machinery All Risk,Past Claims,Basic,30,Yes,TEXTAREA,IIRM Sri Lanka
30007,Machinery Breakdown,Occupation,Asset,4,Yes,TEXTAREA,IIRM Sri Lanka
30007,Machinery Breakdown,Risk Location 1,Asset,5,Yes,TEXTAREA,IIRM Sri Lanka
30007,Machinery Breakdown,Description,Asset,6,Yes,TEXT,IIRM Sri Lanka
30007,Machinery Breakdown,Risk Location 1 description,Asset,7,Yes,TEXTAREA,IIRM Sri Lanka
30007,Machinery Breakdown,Total Sum Insured of Location,Asset,8,Yes,TEXT,IIRM Sri Lanka
30007,Machinery Breakdown,Scope of Cover,Asset,9,Yes,TEXT,IIRM Sri Lanka
30007,Machinery Breakdown,"sudden and unforeseen damage from causes such as defects in casting and material, faulty design, faults at workshop or in erection, bad workmanship, lack of skill, carelessness, shortage of water in boilers, physical explosion, tearing apart on account of centrifugal force, short circuit, storm or from any other cause not specifically excluded hereinafter, to the machinery described in the schedule whilst at the situation specified in the said schedule other than during initial erection and commissioning and dismantling prior to the removal from premises occurring during the period of Insurance.",Basic,10,Yes,TEXTAREA,IIRM Sri Lanka
30007,Machinery Breakdown,Extensions,Asset,11,Yes,TEXT,IIRM Sri Lanka
30007,Machinery Breakdown,Capital Additions,Basic,12,Yes,TEXTAREA,IIRM Sri Lanka
30007,Machinery Breakdown,Escalation,Basic,13,Yes,TEXTAREA,IIRM Sri Lanka
30007,Machinery Breakdown,Deductibles/ Excess,Basic,14,Yes,TEXTAREA,IIRM Sri Lanka
30007,Machinery Breakdown,All other claims,Basic,15,Yes,TEXTAREA,IIRM Sri Lanka
30007,Machinery Breakdown,Premium LKR,Basic,16,Yes,TEXT,IIRM Sri Lanka
30007,Machinery Breakdown,Premium Exc. Taxes,Asset,17,Yes,TEXTAREA,IIRM Sri Lanka
30007,Machinery Breakdown,Premium including Taxes,Asset,18,Yes,TEXTAREA,IIRM Sri Lanka
30007,Machinery Breakdown,Warranties,Basic,19,Yes,TEXTAREA,IIRM Sri Lanka
30007,Machinery Breakdown,Conditions,Basic,20,Yes,TEXTAREA,IIRM Sri Lanka
30007,Machinery Breakdown,Exclusions,Basic,21,Yes,TEXTAREA,IIRM Sri Lanka
30007,Machinery Breakdown,Subjectivities,Basic,22,Yes,TEXTAREA,IIRM Sri Lanka
30007,Machinery Breakdown,Past Claims,Basic,23,Yes,TEXTAREA,IIRM Sri Lanka
18525,Machinery Breakdown Insurance (MBD),Name of the Insured,Asset,1,Yes,TEXTAREA,IIRM India
18525,Machinery Breakdown Insurance (MBD),Communication Address,Asset,2,Yes,TEXTAREA,IIRM India
18525,Machinery Breakdown Insurance (MBD),Risk Location Address,Asset,3,Yes,TEXTAREA,IIRM India
18525,Machinery Breakdown Insurance (MBD),Occupancy,Asset,4,Yes,TEXTAREA,IIRM India
18525,Machinery Breakdown Insurance (MBD),Period of Insurance,Asset,5,Yes,TEXTAREA,IIRM India
18525,Machinery Breakdown Insurance (MBD),Hypothecation,Asset,6,Yes,TEXTAREA,IIRM India
18525,Machinery Breakdown Insurance (MBD),Claims Experience,Asset,7,Yes,TEXTAREA,IIRM India
18525,Machinery Breakdown Insurance (MBD),Expiring Policy Period,Asset,8,Yes,TEXTAREA,IIRM India
18525,Machinery Breakdown Insurance (MBD),Renewal Policy Period,Asset,9,Yes,TEXTAREA,IIRM India
18525,Machinery Breakdown Insurance (MBD),Expiring Policy Premium,Asset,10,Yes,TEXTAREA,IIRM India
18525,Machinery Breakdown Insurance (MBD),Details of items to be insured,Asset,11,Yes,TEXTAREA,IIRM India
18525,Machinery Breakdown Insurance (MBD),Sum Insured,Asset,12,Yes,TEXTAREA,IIRM India
18525,Machinery Breakdown Insurance (MBD),Escalation,Basic,13,Yes,TEXTAREA,IIRM India
18525,Machinery Breakdown Insurance (MBD),Express freight,Basic,14,Yes,TEXTAREA,IIRM India
18525,Machinery Breakdown Insurance (MBD),Air freight,Basic,15,Yes,TEXTAREA,IIRM India
18525,Machinery Breakdown Insurance (MBD),Owners surrounding property,Basic,16,Yes,TEXTAREA,IIRM India
18525,Machinery Breakdown Insurance (MBD),Third party liability,Basic,17,Yes,TEXTAREA,IIRM India
18525,Machinery Breakdown Insurance (MBD),Additional customs duty,Basic,18,Yes,TEXTAREA,IIRM India
18525,Machinery Breakdown Insurance (MBD),"Cover for foundation, masonry, brickwork",Basic,19,Yes,TEXTAREA,IIRM India
18525,Machinery Breakdown Insurance (MBD),"Consumables like transformer oil, etc.",Basic,20,Yes,TEXTAREA,IIRM India
18525,Machinery Breakdown Insurance (MBD),Other Coverages,Basic,21,Yes,TEXTAREA,IIRM India
18525,Machinery Breakdown Insurance (MBD),Deductibles,Asset,22,Yes,TEXTAREA,IIRM India
20863,Machinery Breakdown Insurance (MBD),,,,,,
20766,Machinery_Breakdown_Insurance,,,,,,
19038,Marine,,,,,,
19028,Marine,,,,,,
18583,Marine Annual Policy,Marine – Cargo Annual,Basic,1,Yes,TEXTAREA,IIRM India
18583,Marine Annual Policy,Others,Asset,2,No,TEXTAREA,IIRM India
20686,Marine Annual Policy,,,,,,
3209,Marine Cargo Export Insurance (MCE),Marine – Cargo,Basic,1,Yes,TEXTAREA,IIRM India
3209,Marine Cargo Export Insurance (MCE),Others,Asset,2,No,TEXTAREA,IIRM India
15005,Marine Cargo Insurance,Nature of Goods to be covered,Asset,1,Yes,TEXTAREA,IIRM India
15005,Marine Cargo Insurance,Nature of Packing,Asset,2,Yes,TEXTAREA,IIRM India
15005,Marine Cargo Insurance,Mode of Conveyance,Asset,3,Yes,TEXTAREA,IIRM India
15005,Marine Cargo Insurance,Sum Insured,Asset,4,Yes,TEXTAREA,IIRM India
15005,Marine Cargo Insurance,Voyage,Asset,5,Yes,TEXTAREA,IIRM India
15005,Marine Cargo Insurance,Basis of Valuation,Asset,6,Yes,TEXTAREA,IIRM India
15005,Marine Cargo Insurance,Limit per transit,Asset,7,Yes,TEXTAREA,IIRM India
15005,Marine Cargo Insurance,Limit per location,Asset,8,Yes,TEXTAREA,IIRM India
15005,Marine Cargo Insurance,Term of Sales by Vendor,Asset,9,Yes,TEXTAREA,IIRM India
15005,Marine Cargo Insurance,Institute Cargo Clauses (A) Cl 382 dated 1/1/2009,Basic,10,Yes,TEXTAREA,IIRM India
15005,Marine Cargo Insurance,Institute Strikes Clauses (Cargo) Cl 386 dated 1/1/2009,Basic,11,Yes,TEXTAREA,IIRM India
15005,Marine Cargo Insurance,Institute War Clauses (Cargo) 01.01.2009,Basic,12,Yes,TEXTAREA,IIRM India
15005,Marine Cargo Insurance,Inland Transit (Rail/Raod/Air) Clause A 2010 Clauses,Basic,13,Yes,TEXTAREA,IIRM India
15005,Marine Cargo Insurance,Inland Transit (Rail/Raod) Clause B,Basic,14,Yes,TEXTAREA,IIRM India
15005,Marine Cargo Insurance,"Strike, Riot & civil Commotion Clause ",Basic,15,Yes,TEXTAREA,IIRM India
15005,Marine Cargo Insurance,Institute Cargo Clauses (A) (Air) (Excl. Post)  01.01.2009,Basic,16,Yes,TEXTAREA,IIRM India
15005,Marine Cargo Insurance,Institute Strike Clause (Air Cargo) 01.01.2009,Basic,17,Yes,TEXTAREA,IIRM India
15005,Marine Cargo Insurance,Institute War Clauses (Air Cargo) (Excl. Post) 01.01.2009,Basic,18,Yes,TEXTAREA,IIRM India
15005,Marine Cargo Insurance,War & SRCC,Basic,19,Yes,TEXTAREA,IIRM India
15005,Marine Cargo Insurance,Loading and Unloading,Basic,20,Yes,TEXTAREA,IIRM India
15005,Marine Cargo Insurance,Institute Cargo Cluse 2009 ,Basic,21,Yes,TEXTAREA,IIRM India
15005,Marine Cargo Insurance,Institute Classification Clause; CL 354,Basic,22,Yes,TEXTAREA,IIRM India
15005,Marine Cargo Insurance,Cargo ISM Clause,Basic,23,Yes,TEXTAREA,IIRM India
15005,Marine Cargo Insurance,Termination of Transit (Terrorism) Clause,Basic,24,Yes,TEXTAREA,IIRM India
15005,Marine Cargo Insurance,Institute Replacement Clause/2nd Hand Replacement Clause,Basic,25,Yes,TEXTAREA,IIRM India
15005,Marine Cargo Insurance,Non LR/GR transit to be covered,Basic,26,Yes,TEXTAREA,IIRM India
15005,Marine Cargo Insurance,Termination of Risk,Basic,27,Yes,TEXTAREA,IIRM India
15005,Marine Cargo Insurance,Deferred unpacking clause,Basic,28,Yes,TEXTAREA,IIRM India
15005,Marine Cargo Insurance,Waiver of Subrogation,Basic,29,Yes,TEXTAREA,IIRM India
15005,Marine Cargo Insurance,Waiver of Contribution,Basic,30,Yes,TEXTAREA,IIRM India
15005,Marine Cargo Insurance,Non-Vitiation clause,Basic,31,Yes,TEXTAREA,IIRM India
15005,Marine Cargo Insurance,Multiple Insured clause,Basic,32,Yes,TEXTAREA,IIRM India
15005,Marine Cargo Insurance,ON/or under deck clause,Basic,33,Yes,TEXTAREA,IIRM India
15005,Marine Cargo Insurance,Accumulation clause,Basic,34,Yes,TEXTAREA,IIRM India
15005,Marine Cargo Insurance,Pair & Set Clause,Basic,35,Yes,TEXTAREA,IIRM India
15005,Marine Cargo Insurance,Conceal Damage Clause,Basic,36,Yes,TEXTAREA,IIRM India
15005,Marine Cargo Insurance,Payment on Account Clause,Basic,37,Yes,TEXTAREA,IIRM India
15005,Marine Cargo Insurance,Repacking Costs Clause,Basic,38,Yes,TEXTAREA,IIRM India
15005,Marine Cargo Insurance,Returns shall be covered,Basic,39,Yes,TEXTAREA,IIRM India
15005,Marine Cargo Insurance,Material sent for Fabrication/Job Work or any other transit,Basic,40,Yes,TEXTAREA,IIRM India
15005,Marine Cargo Insurance,Self Survey Limit,Basic,41,Yes,TEXTAREA,IIRM India
15005,Marine Cargo Insurance,Subrogation rights against inland carriers stands waived,Basic,42,Yes,TEXTAREA,IIRM India
15005,Marine Cargo Insurance,50:50 Clause,Basic,43,Yes,TEXTAREA,IIRM India
15005,Marine Cargo Insurance,Duty Insurance Clause,Basic,44,Yes,TEXTAREA,IIRM India
15005,Marine Cargo Insurance,Damage due to jerk & jolts,Basic,45,Yes,TEXTAREA,IIRM India
15005,Marine Cargo Insurance,Panel of Surveyor,Basic,46,Yes,TEXTAREA,IIRM India
15005,Marine Cargo Insurance,"In case of private carrier, Courier, owned vehicle/ unviability of Transit document",Basic,47,Yes,TEXTAREA,IIRM India
15005,Marine Cargo Insurance,Testing Condition,Basic,48,Yes,TEXTAREA,IIRM India
15005,Marine Cargo Insurance,"Theft, Pilferage, Non-delivery (TPND)",Basic,49,Yes,TEXTAREA,IIRM India
15005,Marine Cargo Insurance,Seal Intact Clause,Basic,50,Yes,TEXTAREA,IIRM India
15005,Marine Cargo Insurance,FIR Report from police stands waived,Basic,51,Yes,TEXTAREA,IIRM India
15005,Marine Cargo Insurance,Warehouse to Warehouse Basis,Basic,52,Yes,TEXTAREA,IIRM India
15005,Marine Cargo Insurance,"Theft, Pilferage, Short and / Or Non Delivery",Basic,53,Yes,TEXTAREA,IIRM India
15005,Marine Cargo Insurance,Container de-stuffing will be done at the Destination Port/Depot/site,Basic,54,Yes,TEXTAREA,IIRM India
15005,Marine Cargo Insurance,Agreed Bank Clause,Basic,55,Yes,TEXTAREA,IIRM India
15005,Marine Cargo Insurance,Loss Payee Clause,Basic,56,Yes,TEXTAREA,IIRM India
15005,Marine Cargo Insurance,Institute Replacement Clause,Basic,57,Yes,TEXTAREA,IIRM India
15005,Marine Cargo Insurance,Sea Shipment Clause,Basic,58,Yes,TEXTAREA,IIRM India
15005,Marine Cargo Insurance,Land Shipment Clause,Basic,59,Yes,TEXTAREA,IIRM India
15005,Marine Cargo Insurance,Courier Shipment Clause,Basic,60,Yes,TEXTAREA,IIRM India
15005,Marine Cargo Insurance,Registered Post Parcel Shipment Clause,Basic,61,Yes,TEXTAREA,IIRM India
15005,Marine Cargo Insurance,Air Shipment Clause,Basic,62,Yes,TEXTAREA,IIRM India
15005,Marine Cargo Insurance,Standard Terms Applicable For All Modes Of Shipments,Basic,63,Yes,TEXTAREA,IIRM India
15005,Marine Cargo Insurance,Exclusions,Basic,64,Yes,TEXTAREA,IIRM India
15005,Marine Cargo Insurance,Loading/Unloading on/off Vehicle/Vessel Clause,Basic,65,Yes,TEXTAREA,IIRM India
15005,Marine Cargo Insurance,Transhipment clause,Basic,66,Yes,TEXTAREA,IIRM India
15005,Marine Cargo Insurance,Contingent/Deemed Duty Clause,Basic,67,Yes,TEXTAREA,IIRM India
15005,Marine Cargo Insurance,Debris removal Clause,Basic,68,Yes,TEXTAREA,IIRM India
15005,Marine Cargo Insurance,“Claused Bill of Lading” Clause,Basic,69,Yes,TEXTAREA,IIRM India
15005,Marine Cargo Insurance,Errors & Omissions Clause,Basic,70,Yes,TEXTAREA,IIRM India
15005,Marine Cargo Insurance,Insufficiency of packing clause,Basic,71,Yes,TEXTAREA,IIRM India
15005,Marine Cargo Insurance,Non-Cancellation Clause,Basic,72,Yes,TEXTAREA,IIRM India
15005,Marine Cargo Insurance,Intermediate storage cover,Basic,73,Yes,TEXTAREA,IIRM India
15005,Marine Cargo Insurance,Delay in opening clause,Basic,74,Yes,TEXTAREA,IIRM India
15005,Marine Cargo Insurance,General Average Clause,Basic,75,Yes,TEXTAREA,IIRM India
15005,Marine Cargo Insurance,Both to blame clause,Basic,76,Yes,TEXTAREA,IIRM India
15005,Marine Cargo Insurance,Extra expense clause,Basic,77,Yes,TEXTAREA,IIRM India
15005,Marine Cargo Insurance,Wilful misconduct clause,Basic,78,Yes,TEXTAREA,IIRM India
15005,Marine Cargo Insurance,Shut out Cargo Coverage,Basic,79,Yes,TEXTAREA,IIRM India
15005,Marine Cargo Insurance,Escalation,Basic,80,Yes,TEXTAREA,IIRM India
15005,Marine Cargo Insurance,Brand and label clause,Basic,81,Yes,TEXTAREA,IIRM India
15005,Marine Cargo Insurance,Other terms & conditions,Basic,82,Yes,TEXTAREA,IIRM India
20862,Marine Cargo Open Policy,Name of the Insured,Asset,1,Yes,TEXTAREA,Safersik Organisation
18524,Marine Cargo Open Policy,Name of the Insured,Asset,1,Yes,TEXTAREA,IIRM India
20862,Marine Cargo Open Policy,Address of Insured/Proposer,Asset,2,Yes,TEXTAREA,Safersik Organisation
18524,Marine Cargo Open Policy,Address of Insured/Proposer,Asset,2,Yes,TEXTAREA,IIRM India
20862,Marine Cargo Open Policy,Business Activities of Company,Asset,3,Yes,TEXTAREA,Safersik Organisation
18524,Marine Cargo Open Policy,Business Activities of Company,Asset,3,Yes,TEXTAREA,IIRM India
20862,Marine Cargo Open Policy,Name of the Intermediary ( Existing & New if applicable ),Asset,4,Yes,TEXTAREA,Safersik Organisation
18524,Marine Cargo Open Policy,Name of the Intermediary ( Existing & New if applicable ),Asset,4,Yes,TEXTAREA,IIRM India
18524,Marine Cargo Open Policy,Contact Details including E Mail ID,Asset,5,Yes,TEXTAREA,IIRM India
20862,Marine Cargo Open Policy,Contact Details including E Mail ID,Asset,5,Yes,TEXTAREA,Safersik Organisation
18524,Marine Cargo Open Policy,Expiring Policy Details,Asset,6,Yes,TEXTAREA,IIRM India
20862,Marine Cargo Open Policy,Expiring Policy Details,Asset,6,Yes,TEXTAREA,Safersik Organisation
18524,Marine Cargo Open Policy,Period of Insurance & Policy Number,Asset,7,Yes,TEXTAREA,IIRM India
20862,Marine Cargo Open Policy,Period of Insurance & Policy Number,Asset,7,Yes,TEXTAREA,Safersik Organisation
18524,Marine Cargo Open Policy,Insurer Details,Asset,8,Yes,TEXTAREA,IIRM India
20862,Marine Cargo Open Policy,Insurer Details,Asset,8,Yes,TEXTAREA,Safersik Organisation
18524,Marine Cargo Open Policy,Expiring Policy Premium [w/o GST],Asset,9,Yes,TEXTAREA,IIRM India
20862,Marine Cargo Open Policy,Expiring Policy Premium [w/o GST],Asset,9,Yes,TEXTAREA,Safersik Organisation
20862,Marine Cargo Open Policy,Claims History,Asset,10,Yes,TEXTAREA,Safersik Organisation
18524,Marine Cargo Open Policy,Claims History,Asset,10,Yes,TEXTAREA,IIRM India
18524,Marine Cargo Open Policy,Renewal Policy Period,Asset,11,Yes,TEXTAREA,IIRM India
20862,Marine Cargo Open Policy,Renewal Policy Period,Asset,11,Yes,TEXTAREA,Safersik Organisation
20862,Marine Cargo Open Policy,Nature of Goods to be covered / Interest to be insured,Asset,12,Yes,TEXTAREA,Safersik Organisation
18524,Marine Cargo Open Policy,Nature of Goods to be covered / Interest to be insured,Asset,12,Yes,TEXTAREA,IIRM India
18524,Marine Cargo Open Policy,Nature of Packing,Asset,13,Yes,TEXTAREA,IIRM India
20862,Marine Cargo Open Policy,Nature of Packing,Asset,13,Yes,TEXTAREA,Safersik Organisation
20862,Marine Cargo Open Policy,Mode of Conveyance,Asset,14,Yes,TEXTAREA,Safersik Organisation
18524,Marine Cargo Open Policy,Mode of Conveyance,Asset,14,Yes,TEXTAREA,IIRM India
20862,Marine Cargo Open Policy,Voyage,Asset,15,Yes,TEXTAREA,Safersik Organisation
18524,Marine Cargo Open Policy,Voyage,Asset,15,Yes,TEXTAREA,IIRM India
20862,Marine Cargo Open Policy,Sum Insured,Asset,16,Yes,TEXTAREA,Safersik Organisation
18524,Marine Cargo Open Policy,Sum Insured,Asset,16,Yes,TEXTAREA,IIRM India
18524,Marine Cargo Open Policy,Basis of Valuation,Asset,17,Yes,TEXTAREA,IIRM India
20862,Marine Cargo Open Policy,Basis of Valuation,Asset,17,Yes,TEXTAREA,Safersik Organisation
18524,Marine Cargo Open Policy,PSL/Limit per Transit or Conveyance,Asset,18,Yes,TEXTAREA,IIRM India
20862,Marine Cargo Open Policy,PSL/Limit per Transit or Conveyance,Asset,18,Yes,TEXTAREA,Safersik Organisation
20862,Marine Cargo Open Policy,PLL/Limit per Location,Asset,19,Yes,TEXTAREA,Safersik Organisation
18524,Marine Cargo Open Policy,PLL/Limit per Location,Asset,19,Yes,TEXTAREA,IIRM India
18524,Marine Cargo Open Policy,Coverage Type,Basic,20,Yes,TEXTAREA,IIRM India
20862,Marine Cargo Open Policy,Coverage Type,Basic,20,Yes,TEXTAREA,Safersik Organisation
20862,Marine Cargo Open Policy,InstituteCargoClause(A),Basic,21,Yes,TEXTAREA,Safersik Organisation
18524,Marine Cargo Open Policy,InstituteCargoClause(A),Basic,21,Yes,TEXTAREA,IIRM India
18524,Marine Cargo Open Policy,InstituteWarClauses(Cargo),Basic,22,Yes,TEXTAREA,IIRM India
20862,Marine Cargo Open Policy,InstituteWarClauses(Cargo),Basic,22,Yes,TEXTAREA,Safersik Organisation
18524,Marine Cargo Open Policy,InstituteStrikesClause(Cargo),Basic,23,Yes,TEXTAREA,IIRM India
20862,Marine Cargo Open Policy,InstituteStrikesClause(Cargo),Basic,23,Yes,TEXTAREA,Safersik Organisation
20862,Marine Cargo Open Policy,InstituteCargoClause(AirCargo),Basic,24,Yes,TEXTAREA,Safersik Organisation
18524,Marine Cargo Open Policy,InstituteCargoClause(AirCargo),Basic,24,Yes,TEXTAREA,IIRM India
20862,Marine Cargo Open Policy,InstituteWarClause(AirCargo),Basic,25,Yes,TEXTAREA,Safersik Organisation
18524,Marine Cargo Open Policy,InstituteWarClause(AirCargo),Basic,25,Yes,TEXTAREA,IIRM India
18524,Marine Cargo Open Policy,InstituteStrikesClause(AirCargo),Basic,26,Yes,TEXTAREA,IIRM India
20862,Marine Cargo Open Policy,InstituteStrikesClause(AirCargo),Basic,26,Yes,TEXTAREA,Safersik Organisation
18524,Marine Cargo Open Policy,InstituteClassificationClause,Basic,27,Yes,TEXTAREA,IIRM India
20862,Marine Cargo Open Policy,InstituteClassificationClause,Basic,27,Yes,TEXTAREA,Safersik Organisation
18524,Marine Cargo Open Policy,CargoISMEndorsement,Basic,28,Yes,TEXTAREA,IIRM India
20862,Marine Cargo Open Policy,CargoISMEndorsement,Basic,28,Yes,TEXTAREA,Safersik Organisation
20862,Marine Cargo Open Policy,InstituteReplacementclause,Basic,29,Yes,TEXTAREA,Safersik Organisation
18524,Marine Cargo Open Policy,InstituteReplacementclause,Basic,29,Yes,TEXTAREA,IIRM India
18524,Marine Cargo Open Policy,InlandTransit(Rail/Road/Air)ClauseA,Basic,30,Yes,TEXTAREA,IIRM India
20862,Marine Cargo Open Policy,InlandTransit(Rail/Road/Air)ClauseA,Basic,30,Yes,TEXTAREA,Safersik Organisation
20862,Marine Cargo Open Policy,StrikesRiotsandCivilCommotionClause,Basic,31,Yes,TEXTAREA,Safersik Organisation
18524,Marine Cargo Open Policy,StrikesRiotsandCivilCommotionClause,Basic,31,Yes,TEXTAREA,IIRM India
18524,Marine Cargo Open Policy,TerminationofTransitClause(Terrorism),Basic,32,Yes,TEXTAREA,IIRM India
20862,Marine Cargo Open Policy,TerminationofTransitClause(Terrorism),Basic,32,Yes,TEXTAREA,Safersik Organisation
18524,Marine Cargo Open Policy,Conceal Damage Clause,Basic,33,Yes,TEXTAREA,IIRM India
20862,Marine Cargo Open Policy,Conceal Damage Clause,Basic,33,Yes,TEXTAREA,Safersik Organisation
18524,Marine Cargo Open Policy,Brands and Trade Marks Clause,Basic,34,Yes,TEXTAREA,IIRM India
20862,Marine Cargo Open Policy,Brands and Trade Marks Clause,Basic,34,Yes,TEXTAREA,Safersik Organisation
20862,Marine Cargo Open Policy,"SelfSurveyLimit:INR100,000",Basic,35,Yes,TEXTAREA,Safersik Organisation
18524,Marine Cargo Open Policy,"SelfSurveyLimit:INR100,000",Basic,35,Yes,TEXTAREA,IIRM India
18524,Marine Cargo Open Policy,"WaiverofFIR/SubrogationforlossesuptoINR100,000",Basic,36,Yes,TEXTAREA,IIRM India
20862,Marine Cargo Open Policy,"WaiverofFIR/SubrogationforlossesuptoINR100,000",Basic,36,Yes,TEXTAREA,Safersik Organisation
20862,Marine Cargo Open Policy,Shut Out Clause,Basic,37,Yes,TEXTAREA,Safersik Organisation
18524,Marine Cargo Open Policy,Shut Out Clause,Basic,37,Yes,TEXTAREA,IIRM India
20862,Marine Cargo Open Policy,Duty Clause,Basic,38,Yes,TEXTAREA,Safersik Organisation
18524,Marine Cargo Open Policy,Duty Clause,Basic,38,Yes,TEXTAREA,IIRM India
18524,Marine Cargo Open Policy,Container Demurrage Coverage,Basic,39,Yes,TEXTAREA,IIRM India
20862,Marine Cargo Open Policy,Container Demurrage Coverage,Basic,39,Yes,TEXTAREA,Safersik Organisation
18524,Marine Cargo Open Policy,AirfreightReplacement/ChargesClause,Basic,40,Yes,TEXTAREA,IIRM India
20862,Marine Cargo Open Policy,AirfreightReplacement/ChargesClause,Basic,40,Yes,TEXTAREA,Safersik Organisation
20862,Marine Cargo Open Policy,Forwarding Charges Clause,Basic,41,Yes,TEXTAREA,Safersik Organisation
18524,Marine Cargo Open Policy,Forwarding Charges Clause,Basic,41,Yes,TEXTAREA,IIRM India
20862,Marine Cargo Open Policy,Seals Intact Clause,Basic,42,Yes,TEXTAREA,Safersik Organisation
18524,Marine Cargo Open Policy,Seals Intact Clause,Basic,42,Yes,TEXTAREA,IIRM India
20862,Marine Cargo Open Policy,Multi Transit Cover,Basic,43,Yes,TEXTAREA,Safersik Organisation
18524,Marine Cargo Open Policy,Multi Transit Cover,Basic,43,Yes,TEXTAREA,IIRM India
20862,Marine Cargo Open Policy,HighSeaSalesandPurchases,Basic,44,Yes,TEXTAREA,Safersik Organisation
18524,Marine Cargo Open Policy,HighSeaSalesandPurchases,Basic,44,Yes,TEXTAREA,IIRM India
20862,Marine Cargo Open Policy,50:50 Clause,Basic,45,Yes,TEXTAREA,Safersik Organisation
18524,Marine Cargo Open Policy,50:50 Clause,Basic,45,Yes,TEXTAREA,IIRM India
18524,Marine Cargo Open Policy,"Theft, Pilferage & Non-Delivery",Basic,46,Yes,TEXTAREA,IIRM India
20862,Marine Cargo Open Policy,"Theft, Pilferage & Non-Delivery",Basic,46,Yes,TEXTAREA,Safersik Organisation
20862,Marine Cargo Open Policy,Risk of Loading & Unloading,Basic,47,Yes,TEXTAREA,Safersik Organisation
18524,Marine Cargo Open Policy,Risk of Loading & Unloading,Basic,47,Yes,TEXTAREA,IIRM India
20862,Marine Cargo Open Policy,Coverage of used items /damaged return/goods return / Faulty returns/second hand items,Basic,48,Yes,TEXTAREA,Safersik Organisation
18524,Marine Cargo Open Policy,Coverage of used items /damaged return/goods return / Faulty returns/second hand items,Basic,48,Yes,TEXTAREA,IIRM India
20862,Marine Cargo Open Policy,Nominated Loss Adjuster Clause,Basic,49,Yes,TEXTAREA,Safersik Organisation
18524,Marine Cargo Open Policy,Nominated Loss Adjuster Clause,Basic,49,Yes,TEXTAREA,IIRM India
18524,Marine Cargo Open Policy,90% claim settlement in case consignment is carried by other than common carriers,Basic,50,Yes,TEXTAREA,IIRM India
20862,Marine Cargo Open Policy,90% claim settlement in case consignment is carried by other than common carriers,Basic,50,Yes,TEXTAREA,Safersik Organisation
18524,Marine Cargo Open Policy,Transhipment risk covered if goods are subjected to transhipment,Basic,51,Yes,TEXTAREA,IIRM India
20862,Marine Cargo Open Policy,Transhipment risk covered if goods are subjected to transhipment,Basic,51,Yes,TEXTAREA,Safersik Organisation
20862,Marine Cargo Open Policy,All Non Standard Claims to be settled at 95%,Basic,52,Yes,TEXTAREA,Safersik Organisation
18524,Marine Cargo Open Policy,All Non Standard Claims to be settled at 95%,Basic,52,Yes,TEXTAREA,IIRM India
18524,Marine Cargo Open Policy,Other Terms & Covers,Basic,53,Yes,TEXTAREA,IIRM India
20862,Marine Cargo Open Policy,Other Terms & Covers,Basic,53,Yes,TEXTAREA,Safersik Organisation
18524,Marine Cargo Open Policy,Deductibles,Asset,54,Yes,TEXTAREA,IIRM India
20862,Marine Cargo Open Policy,Deductibles,Asset,54,Yes,TEXTAREA,Safersik Organisation
20862,Marine Cargo Open Policy,Exclusions,Asset,55,Yes,TEXTAREA,Safersik Organisation
18524,Marine Cargo Open Policy,Exclusions,Asset,55,Yes,TEXTAREA,IIRM India
18536,Marine Cargo Specific Policy,Marine – Specific Cargo,Basic,1,Yes,TEXTAREA,IIRM India
18536,Marine Cargo Specific Policy,Others,Asset,2,No,TEXTAREA,IIRM India
20873,Marine Cargo Specific Policy,,,,,,
18501,Marine Hull Insurance,Marine – Hull,Basic,1,Yes,TEXTAREA,IIRM India
18501,Marine Hull Insurance,Others,Asset,2,No,TEXTAREA,IIRM India
20667,Marine Hull Insurance,,,,,,
30023,Marine Open Cover,Mode of Conveyance,Asset,4,Yes,TEXT,IIRM Sri Lanka
30023,Marine Open Cover,Interest,Asset,5,Yes,TEXT,IIRM Sri Lanka
30023,Marine Open Cover,Sum Insured,Basic,6,Yes,TEXTAREA,IIRM Sri Lanka
30023,Marine Open Cover,Transit,Basic,7,Yes,TEXTAREA,IIRM Sri Lanka
30023,Marine Open Cover,Description,Asset,8,Yes,TEXT,IIRM Sri Lanka
30023,Marine Open Cover,Maximum limit per transit,Basic,9,Yes,TEXTAREA,IIRM Sri Lanka
30023,Marine Open Cover,Estimated Annual Carryings,Basic,10,Yes,TEXTAREA,IIRM Sri Lanka
30023,Marine Open Cover,Scope of Cover,Asset,11,Yes,TEXT,IIRM Sri Lanka
30023,Marine Open Cover,Description of item,Basic,12,Yes,TEXTAREA,IIRM Sri Lanka
30023,Marine Open Cover,Limit of Liability,Basic,13,Yes,TEXTAREA,IIRM Sri Lanka
30023,Marine Open Cover,Maximum limit per transit,Basic,14,Yes,TEXTAREA,IIRM Sri Lanka
30023,Marine Open Cover,Description of transit,Basic,15,Yes,TEXTAREA,IIRM Sri Lanka
30023,Marine Open Cover,Items to be covered,Basic,16,Yes,TEXTAREA,IIRM Sri Lanka
30023,Marine Open Cover,APPLICABLE TO SHIPMENT BY SEA,Asset,17,Yes,TEXT,IIRM Sri Lanka
30023,Marine Open Cover,Institute Cargo Clauses (A) 1.1.82,Basic,18,Yes,TEXTAREA,IIRM Sri Lanka
30023,Marine Open Cover,Institute War Clauses (Cargo) 1.1.82,Basic,19,Yes,TEXTAREA,IIRM Sri Lanka
30023,Marine Open Cover,Institute Strikes Clauses (Cargo) 1.1.82,Basic,20,Yes,TEXTAREA,IIRM Sri Lanka
30023,Marine Open Cover,Institute Classification Clause 1.1.01,Basic,21,Yes,TEXTAREA,IIRM Sri Lanka
30023,Marine Open Cover,Cargo ISM Endorsement JC98/019,Basic,22,Yes,TEXTAREA,IIRM Sri Lanka
30023,Marine Open Cover,Cargo ISM forwarding charges clause JC 98/023,Basic,23,Yes,TEXTAREA,IIRM Sri Lanka
30023,Marine Open Cover,APPLICABLE TO SHIPMENT BY AIR (INCLUDING COURIER SERVICES),Asset,24,Yes,TEXT,IIRM Sri Lanka
30023,Marine Open Cover,Institute Cargo Clauses (Air) (excluding sendings by post)1.1.82,Basic,25,Yes,TEXTAREA,IIRM Sri Lanka
30023,Marine Open Cover,Institute War Clauses (Air Cargo) (excluding sendings by post) 1.1.82,Basic,26,Yes,TEXTAREA,IIRM Sri Lanka
30023,Marine Open Cover,Institute Strikes Clauses (Air Cargo) 1.1.82,Basic,27,Yes,TEXTAREA,IIRM Sri Lanka
30023,Marine Open Cover,Parcel Post/Air Freight Clause,Basic,28,Yes,TEXTAREA,IIRM Sri Lanka
30023,Marine Open Cover,BY RAIL/ ROAD,Asset,29,Yes,TEXT,IIRM Sri Lanka
30023,Marine Open Cover,Institute Transit Clauses (A) 1.1.82,Basic,30,Yes,TEXTAREA,IIRM Sri Lanka
30023,Marine Open Cover,Institute Strikes Clauses (Cargo) 1.1.82,Basic,31,Yes,TEXTAREA,IIRM Sri Lanka
30023,Marine Open Cover,Basis of valuation for settlement of claims,Basic,32,Yes,TEXTAREA,IIRM Sri Lanka
30023,Marine Open Cover,Additional cover,Asset,33,Yes,TEXT,IIRM Sri Lanka
30023,Marine Open Cover,Unexplained losses and/or mysterious disappearance and/or losses to the interest revealed on taking inventory,Basic,34,Yes,TEXTAREA,IIRM Sri Lanka
30023,Marine Open Cover,Loading & Unloading,Basic,35,Yes,TEXTAREA,IIRM Sri Lanka
30023,Marine Open Cover,Excess/ Deductibles,Asset,36,Yes,TEXT,IIRM Sri Lanka
30023,Marine Open Cover,Excess/ Deductibles,Basic,37,Yes,TEXTAREA,IIRM Sri Lanka
30023,Marine Open Cover,Exclusions,Basic,38,Yes,TEXTAREA,IIRM Sri Lanka
30023,Marine Open Cover,Subjectivities,Basic,39,Yes,TEXTAREA,IIRM Sri Lanka
15079,Marine Open Cover Insurance,Nature of Goods to be covered,Asset,1,Yes,TEXTAREA,IIRM India
15079,Marine Open Cover Insurance,Nature of Packing,Asset,2,Yes,TEXTAREA,IIRM India
15079,Marine Open Cover Insurance,Mode of Conveyance,Asset,3,Yes,TEXTAREA,IIRM India
15079,Marine Open Cover Insurance,Sum Insured,Asset,4,Yes,TEXTAREA,IIRM India
15079,Marine Open Cover Insurance,Voyage,Asset,5,Yes,TEXTAREA,IIRM India
15079,Marine Open Cover Insurance,Basis of Valuation,Asset,6,Yes,TEXTAREA,IIRM India
15079,Marine Open Cover Insurance,Limit per transit,Asset,7,Yes,TEXTAREA,IIRM India
15079,Marine Open Cover Insurance,Limit per location,Asset,8,Yes,TEXTAREA,IIRM India
15079,Marine Open Cover Insurance,Term of Sales by Vendor,Asset,9,Yes,TEXTAREA,IIRM India
15079,Marine Open Cover Insurance,Institute Cargo Clauses (A) Cl 382 dated 1/1/2009,Basic,10,Yes,TEXTAREA,IIRM India
15079,Marine Open Cover Insurance,Institute Strikes Clauses (Cargo) Cl 386 dated 1/1/2009,Basic,11,Yes,TEXTAREA,IIRM India
15079,Marine Open Cover Insurance,Institute War Clauses (Cargo) 01.01.2009,Basic,12,Yes,TEXTAREA,IIRM India
15079,Marine Open Cover Insurance,Inland Transit (Rail/Raod/Air) Clause A 2010 Clauses,Basic,13,Yes,TEXTAREA,IIRM India
15079,Marine Open Cover Insurance,Inland Transit (Rail/Raod) Clause B,Basic,14,Yes,TEXTAREA,IIRM India
15079,Marine Open Cover Insurance,"Strike, Riot & civil Commotion Clause ",Basic,15,Yes,TEXTAREA,IIRM India
15079,Marine Open Cover Insurance,Institute Cargo Clauses (A) (Air) (Excl. Post)  01.01.2009,Basic,16,Yes,TEXTAREA,IIRM India
15079,Marine Open Cover Insurance,Institute Strike Clause (Air Cargo) 01.01.2009,Basic,17,Yes,TEXTAREA,IIRM India
15079,Marine Open Cover Insurance,Institute War Clauses (Air Cargo) (Excl. Post) 01.01.2009,Basic,18,Yes,TEXTAREA,IIRM India
15079,Marine Open Cover Insurance,War & SRCC,Basic,19,Yes,TEXTAREA,IIRM India
15079,Marine Open Cover Insurance,Loading and Unloading,Basic,20,Yes,TEXTAREA,IIRM India
15079,Marine Open Cover Insurance,Institute Cargo Cluse 2009 ,Basic,21,Yes,TEXTAREA,IIRM India
15079,Marine Open Cover Insurance,Institute Classification Clause; CL 354,Basic,22,Yes,TEXTAREA,IIRM India
15079,Marine Open Cover Insurance,Cargo ISM Clause,Basic,23,Yes,TEXTAREA,IIRM India
15079,Marine Open Cover Insurance,Termination of Transit (Terrorism) Clause,Basic,24,Yes,TEXTAREA,IIRM India
15079,Marine Open Cover Insurance,Institute Replacement Clause/2nd Hand Replacement Clause,Basic,25,Yes,TEXTAREA,IIRM India
15079,Marine Open Cover Insurance,Non LR/GR transit to be covered,Basic,26,Yes,TEXTAREA,IIRM India
15079,Marine Open Cover Insurance,Termination of Risk,Basic,27,Yes,TEXTAREA,IIRM India
15079,Marine Open Cover Insurance,Deferred unpacking clause,Basic,28,Yes,TEXTAREA,IIRM India
15079,Marine Open Cover Insurance,Waiver of Subrogation,Basic,29,Yes,TEXTAREA,IIRM India
15079,Marine Open Cover Insurance,Waiver of Contribution,Basic,30,Yes,TEXTAREA,IIRM India
15079,Marine Open Cover Insurance,Non-Vitiation clause,Basic,31,Yes,TEXTAREA,IIRM India
15079,Marine Open Cover Insurance,Multiple Insured clause,Basic,32,Yes,TEXTAREA,IIRM India
15079,Marine Open Cover Insurance,ON/or under deck clause,Basic,33,Yes,TEXTAREA,IIRM India
15079,Marine Open Cover Insurance,Accumulation clause,Basic,34,Yes,TEXTAREA,IIRM India
15079,Marine Open Cover Insurance,Pair & Set Clause,Basic,35,Yes,TEXTAREA,IIRM India
15079,Marine Open Cover Insurance,Conceal Damage Clause,Basic,36,Yes,TEXTAREA,IIRM India
15079,Marine Open Cover Insurance,Payment on Account Clause,Basic,37,Yes,TEXTAREA,IIRM India
15079,Marine Open Cover Insurance,Repacking Costs Clause,Basic,38,Yes,TEXTAREA,IIRM India
15079,Marine Open Cover Insurance,Returns shall be covered,Basic,39,Yes,TEXTAREA,IIRM India
15079,Marine Open Cover Insurance,Material sent for Fabrication/Job Work or any other transit,Basic,40,Yes,TEXTAREA,IIRM India
15079,Marine Open Cover Insurance,Self Survey Limit,Basic,41,Yes,TEXTAREA,IIRM India
15079,Marine Open Cover Insurance,Subrogation rights against inland carriers stands waived,Basic,42,Yes,TEXTAREA,IIRM India
15079,Marine Open Cover Insurance,50:50 Clause,Basic,43,Yes,TEXTAREA,IIRM India
15079,Marine Open Cover Insurance,Duty Insurance Clause,Basic,44,Yes,TEXTAREA,IIRM India
15079,Marine Open Cover Insurance,Damage due to jerk & jolts,Basic,45,Yes,TEXTAREA,IIRM India
15079,Marine Open Cover Insurance,Panel of Surveyor,Basic,46,Yes,TEXTAREA,IIRM India
15079,Marine Open Cover Insurance,"In case of private carrier, Courier, owned vehicle/ unviability of Transit document",Basic,47,Yes,TEXTAREA,IIRM India
15079,Marine Open Cover Insurance,Testing Condition,Basic,48,Yes,TEXTAREA,IIRM India
15079,Marine Open Cover Insurance,"Theft, Pilferage, Non-delivery (TPND)",Basic,49,Yes,TEXTAREA,IIRM India
15079,Marine Open Cover Insurance,Seal Intact Clause,Basic,50,Yes,TEXTAREA,IIRM India
15079,Marine Open Cover Insurance,FIR Report from police stands waived,Basic,51,Yes,TEXTAREA,IIRM India
15079,Marine Open Cover Insurance,Warehouse to Warehouse Basis,Basic,52,Yes,TEXTAREA,IIRM India
15079,Marine Open Cover Insurance,"Theft, Pilferage, Short and / Or Non Delivery",Basic,53,Yes,TEXTAREA,IIRM India
15079,Marine Open Cover Insurance,Container de-stuffing will be done at the Destination Port/Depot/site,Basic,54,Yes,TEXTAREA,IIRM India
15079,Marine Open Cover Insurance,Agreed Bank Clause,Basic,55,Yes,TEXTAREA,IIRM India
15079,Marine Open Cover Insurance,Loss Payee Clause,Basic,56,Yes,TEXTAREA,IIRM India
15079,Marine Open Cover Insurance,Institute Replacement Clause,Basic,57,Yes,TEXTAREA,IIRM India
15079,Marine Open Cover Insurance,Sea Shipment Clause,Basic,58,Yes,TEXTAREA,IIRM India
15079,Marine Open Cover Insurance,Land Shipment Clause,Basic,59,Yes,TEXTAREA,IIRM India
15079,Marine Open Cover Insurance,Courier Shipment Clause,Basic,60,Yes,TEXTAREA,IIRM India
15079,Marine Open Cover Insurance,Registered Post Parcel Shipment Clause,Basic,61,Yes,TEXTAREA,IIRM India
15079,Marine Open Cover Insurance,Air Shipment Clause,Basic,62,Yes,TEXTAREA,IIRM India
15079,Marine Open Cover Insurance,Standard Terms Applicable For All Modes Of Shipments,Basic,63,Yes,TEXTAREA,IIRM India
15079,Marine Open Cover Insurance,Exclusions,Basic,64,Yes,TEXTAREA,IIRM India
15079,Marine Open Cover Insurance,Loading/Unloading on/off Vehicle/Vessel Clause,Basic,65,Yes,TEXTAREA,IIRM India
15079,Marine Open Cover Insurance,Transhipment clause,Basic,66,Yes,TEXTAREA,IIRM India
15079,Marine Open Cover Insurance,Contingent/Deemed Duty Clause,Basic,67,Yes,TEXTAREA,IIRM India
15079,Marine Open Cover Insurance,Debris removal Clause,Basic,68,Yes,TEXTAREA,IIRM India
15079,Marine Open Cover Insurance,“Claused Bill of Lading” Clause,Basic,69,Yes,TEXTAREA,IIRM India
15079,Marine Open Cover Insurance,Errors & Omissions Clause,Basic,70,Yes,TEXTAREA,IIRM India
15079,Marine Open Cover Insurance,Insufficiency of packing clause,Basic,71,Yes,TEXTAREA,IIRM India
15079,Marine Open Cover Insurance,Non-Cancellation Clause,Basic,72,Yes,TEXTAREA,IIRM India
15079,Marine Open Cover Insurance,Intermediate storage cover,Basic,73,Yes,TEXTAREA,IIRM India
15079,Marine Open Cover Insurance,Delay in opening clause,Basic,74,Yes,TEXTAREA,IIRM India
15079,Marine Open Cover Insurance,General Average Clause,Basic,75,Yes,TEXTAREA,IIRM India
15079,Marine Open Cover Insurance,Both to blame clause,Basic,76,Yes,TEXTAREA,IIRM India
15079,Marine Open Cover Insurance,Extra expense clause,Basic,77,Yes,TEXTAREA,IIRM India
15079,Marine Open Cover Insurance,Wilful misconduct clause,Basic,78,Yes,TEXTAREA,IIRM India
15079,Marine Open Cover Insurance,Shut out Cargo Coverage,Basic,79,Yes,TEXTAREA,IIRM India
15079,Marine Open Cover Insurance,Escalation,Basic,80,Yes,TEXTAREA,IIRM India
15079,Marine Open Cover Insurance,Brand and label clause,Basic,81,Yes,TEXTAREA,IIRM India
15079,Marine Open Cover Insurance,Other terms & conditions,Basic,82,Yes,TEXTAREA,IIRM India
15059,Marine Open Policy,Marine Open,Basic,1,Yes,TEXTAREA,IIRM India
15059,Marine Open Policy,Others,Asset,2,No,TEXTAREA,IIRM India
15077,Marine Sales trunover,Name of the Insured,Asset,1,No,TEXTAREA,IIRM India
15077,Marine Sales trunover,Address of Insured/Proposer,Asset,2,No,TEXTAREA,IIRM India
15077,Marine Sales trunover,Business Activities of Company,Asset,3,No,TEXTAREA,IIRM India
15077,Marine Sales trunover,Name of the Intermediary ( Existing & New if applicable ),Asset,4,No,TEXTAREA,IIRM India
15077,Marine Sales trunover,Contact Details including E Mail ID,Asset,5,No,TEXTAREA,IIRM India
15077,Marine Sales trunover,Expiring Policy Details,Asset,6,No,TEXTAREA,IIRM India
15077,Marine Sales trunover,Period of Insurance & Policy Number,Asset,7,No,TEXTAREA,IIRM India
15077,Marine Sales trunover,Insurer Details,Asset,8,No,TEXTAREA,IIRM India
15077,Marine Sales trunover,Expiring Policy Premium [w/o GST],Asset,9,No,TEXTAREA,IIRM India
15077,Marine Sales trunover,Claims History,Asset,10,No,TEXTAREA,IIRM India
15077,Marine Sales trunover,Renewal Policy Period,Asset,11,No,TEXTAREA,IIRM India
15077,Marine Sales trunover,Nature of Goods to be covered / Interest to be insured,Asset,12,No,TEXTAREA,IIRM India
15077,Marine Sales trunover,Nature of Packing,Asset,13,No,TEXTAREA,IIRM India
15077,Marine Sales trunover,Mode of Conveyance,Asset,14,No,TEXTAREA,IIRM India
15077,Marine Sales trunover,Voyage,Asset,15,No,TEXTAREA,IIRM India
15077,Marine Sales trunover,Annual Estimated Turnover,Asset,16,No,TEXTAREA,IIRM India
15077,Marine Sales trunover,Sum Insured,Asset,17,No,TEXTAREA,IIRM India
15077,Marine Sales trunover,Basis of Valuation,Asset,18,No,TEXTAREA,IIRM India
15077,Marine Sales trunover,PSL/Limit per Transit or Conveyance,Asset,19,No,TEXTAREA,IIRM India
15077,Marine Sales trunover,PLL/Limit per Location,Basic,20,Yes,TEXTAREA,IIRM India
15077,Marine Sales trunover,Coverage Type,Basic,21,Yes,TEXTAREA,IIRM India
15077,Marine Sales trunover,InstituteCargoClause(A),Basic,22,Yes,TEXTAREA,IIRM India
15077,Marine Sales trunover,InstituteWarClauses(Cargo),Basic,23,Yes,TEXTAREA,IIRM India
15077,Marine Sales trunover,InstituteStrikesClause(Cargo),Basic,24,Yes,TEXTAREA,IIRM India
15077,Marine Sales trunover,InstituteCargoClause(AirCargo),Basic,25,Yes,TEXTAREA,IIRM India
15077,Marine Sales trunover,InstituteWarClause(AirCargo),Basic,26,Yes,TEXTAREA,IIRM India
15077,Marine Sales trunover,InstituteStrikesClause(AirCargo),Basic,27,Yes,TEXTAREA,IIRM India
15077,Marine Sales trunover,InstituteClassificationClause,Basic,28,Yes,TEXTAREA,IIRM India
15077,Marine Sales trunover,CargoISMEndorsement,Basic,29,Yes,TEXTAREA,IIRM India
15077,Marine Sales trunover,InstituteReplacementclause,Basic,30,Yes,TEXTAREA,IIRM India
15077,Marine Sales trunover,InlandTransit(Rail/Road/Air)ClauseA,Basic,31,Yes,TEXTAREA,IIRM India
15077,Marine Sales trunover,StrikesRiotsandCivilCommotionClause,Basic,32,Yes,TEXTAREA,IIRM India
15077,Marine Sales trunover,TerminationofTransitClause(Terrorism),Basic,33,Yes,TEXTAREA,IIRM India
15077,Marine Sales trunover,Conceal Damage Clause,Basic,34,Yes,TEXTAREA,IIRM India
15077,Marine Sales trunover,Brands and Trade Marks Clause,Basic,35,Yes,TEXTAREA,IIRM India
15077,Marine Sales trunover,"SelfSurveyLimit:INR100,000",Basic,36,Yes,TEXTAREA,IIRM India
15077,Marine Sales trunover,"WaiverofFIR/SubrogationforlossesuptoINR100,000",Basic,37,Yes,TEXTAREA,IIRM India
15077,Marine Sales trunover,Shut Out Clause,Basic,38,Yes,TEXTAREA,IIRM India
15077,Marine Sales trunover,Duty Clause,Basic,39,Yes,TEXTAREA,IIRM India
15077,Marine Sales trunover,Container Demurrage Coverage,Basic,40,Yes,TEXTAREA,IIRM India
15077,Marine Sales trunover,AirfreightReplacement/ChargesClause,Basic,41,Yes,TEXTAREA,IIRM India
15077,Marine Sales trunover,Forwarding Charges Clause,Basic,42,Yes,TEXTAREA,IIRM India
15077,Marine Sales trunover,Seals Intact Clause,Basic,43,Yes,TEXTAREA,IIRM India
15077,Marine Sales trunover,Multi Transit Cover,Basic,44,Yes,TEXTAREA,IIRM India
15077,Marine Sales trunover,HighSeaSalesandPurchases,Basic,45,Yes,TEXTAREA,IIRM India
15077,Marine Sales trunover,50:50 Clause,Basic,46,Yes,TEXTAREA,IIRM India
15077,Marine Sales trunover,"Theft, Pilferage & Non-Delivery",Basic,47,Yes,TEXTAREA,IIRM India
15077,Marine Sales trunover,Risk of Loading & Unloading,Basic,48,Yes,TEXTAREA,IIRM India
15077,Marine Sales trunover,Error & Omission Clause,Basic,49,Yes,TEXTAREA,IIRM India
15077,Marine Sales trunover,Coverage of used items /damaged return/goods return / Faulty returns/second hand items,Basic,50,Yes,TEXTAREA,IIRM India
15077,Marine Sales trunover,Nominated Loss Adjuster Clause,Basic,51,Yes,TEXTAREA,IIRM India
15077,Marine Sales trunover,90% claim settlement in case consignment is carried by other than common carriers,Basic,52,Yes,TEXTAREA,IIRM India
15077,Marine Sales trunover,Transhipment risk covered if goods are subjected to transhipment,Basic,53,Yes,TEXTAREA,IIRM India
15077,Marine Sales trunover,All Non Standard Claims to be settled at 95%,Basic,54,Yes,TEXTAREA,IIRM India
15077,Marine Sales trunover,Other Terms & Covers,Basic,55,Yes,TEXTAREA,IIRM India
15077,Marine Sales trunover,Deductibles,Asset,56,No,TEXTAREA,IIRM India
15077,Marine Sales trunover,Exclusions,Asset,57,No,TEXTAREA,IIRM India
15058,Marine Specific Policy,Name of the Insured,Asset,1,No,TEXTAREA,IIRM India
15058,Marine Specific Policy,Communication Address,Asset,2,No,TEXTAREA,IIRM India
15058,Marine Specific Policy,Consignor Name & Address,Asset,3,No,TEXTAREA,IIRM India
15058,Marine Specific Policy,Consignee Name & Address,Asset,4,No,TEXTAREA,IIRM India
15058,Marine Specific Policy,Sum Insured,Asset,5,No,TEXTAREA,IIRM India
15058,Marine Specific Policy,Nature of goods to be covered: New/Old,Asset,6,No,TEXTAREA,IIRM India
15058,Marine Specific Policy,Type of Goods/Commodity Description,Asset,7,No,TEXTAREA,IIRM India
15058,Marine Specific Policy,Nature of Packing,Asset,8,No,TEXTAREA,IIRM India
15058,Marine Specific Policy,Mode of Transport: Export/Import/Domestic,Asset,9,No,TEXTAREA,IIRM India
15058,Marine Specific Policy,Mode of Conveyance,Asset,10,No,TEXTAREA,IIRM India
15058,Marine Specific Policy,Voyage: From & To,Asset,11,No,TEXTAREA,IIRM India
15058,Marine Specific Policy,Cargo Sum Insured,Asset,12,No,TEXTAREA,IIRM India
15058,Marine Specific Policy,Duty Sum Insured,Asset,13,No,TEXTAREA,IIRM India
15058,Marine Specific Policy,Basis of valuation,Asset,14,No,TEXTAREA,IIRM India
15058,Marine Specific Policy,Invoice No./ PO/ Ref. Doc & Date,Asset,15,No,TEXTAREA,IIRM India
15058,Marine Specific Policy,BL/ AWB/ LR/ RR No. & Date,Asset,16,No,TEXTAREA,IIRM India
15058,Marine Specific Policy,Expected Date of Transit,Asset,17,No,TEXTAREA,IIRM India
15058,Marine Specific Policy,All Risk+War+SRCC,Basic,18,Yes,TEXTAREA,IIRM India
15058,Marine Specific Policy,Institute Cargo Clauses (A),Basic,19,Yes,TEXTAREA,IIRM India
15058,Marine Specific Policy,Inland Transit (Rail/Road/Air) Clause A,Basic,20,Yes,TEXTAREA,IIRM India
15058,Marine Specific Policy,Other Tems & Conditions,Basic,21,Yes,TEXTAREA,IIRM India
15058,Marine Specific Policy,Exclusions,Asset,22,No,TEXTAREA,IIRM India
15058,Marine Specific Policy,Excess/Deductibles,Asset,23,No,TEXTAREA,IIRM India
18535,Marine Transit Insurance,Marine – Transit,Basic,1,Yes,TEXTAREA,IIRM India
18535,Marine Transit Insurance,Others,Asset,2,No,TEXTAREA,IIRM India
20872,Marine Transit Insurance,,,,,,
30055,Marine cum Erection Policy (MCE),Nature of Goods to be covered,Asset,1,Yes,TEXTAREA,IIRM India
30055,Marine cum Erection Policy (MCE),Nature of Packing,Asset,2,Yes,TEXTAREA,IIRM India
30055,Marine cum Erection Policy (MCE),Mode of Conveyance,Asset,3,Yes,TEXTAREA,IIRM India
30055,Marine cum Erection Policy (MCE),Sum Insured,Asset,4,Yes,TEXTAREA,IIRM India
30055,Marine cum Erection Policy (MCE),Voyage,Asset,5,Yes,TEXTAREA,IIRM India
30055,Marine cum Erection Policy (MCE),Basis of Valuation,Asset,6,Yes,TEXTAREA,IIRM India
30055,Marine cum Erection Policy (MCE),Limit per transit,Asset,7,Yes,TEXTAREA,IIRM India
30055,Marine cum Erection Policy (MCE),Limit per location,Asset,8,Yes,TEXTAREA,IIRM India
30055,Marine cum Erection Policy (MCE),Term of Sales by Vendor,Asset,9,Yes,TEXTAREA,IIRM India
30055,Marine cum Erection Policy (MCE),Institute Cargo Clauses (A) Cl 382 dated 1/1/2009,Basic,10,Yes,TEXTAREA,IIRM India
30055,Marine cum Erection Policy (MCE),Institute Strikes Clauses (Cargo) Cl 386 dated 1/1/2009,Basic,11,Yes,TEXTAREA,IIRM India
30055,Marine cum Erection Policy (MCE),Institute War Clauses (Cargo) 01.01.2009,Basic,12,Yes,TEXTAREA,IIRM India
30055,Marine cum Erection Policy (MCE),Inland Transit (Rail/Raod/Air) Clause A 2010 Clauses,Basic,13,Yes,TEXTAREA,IIRM India
30055,Marine cum Erection Policy (MCE),Inland Transit (Rail/Raod) Clause B,Basic,14,Yes,TEXTAREA,IIRM India
30055,Marine cum Erection Policy (MCE),"Strike, Riot & civil Commotion Clause ",Basic,15,Yes,TEXTAREA,IIRM India
30055,Marine cum Erection Policy (MCE),Institute Cargo Clauses (A) (Air) (Excl. Post)  01.01.2009,Basic,16,Yes,TEXTAREA,IIRM India
30055,Marine cum Erection Policy (MCE),Institute Strike Clause (Air Cargo) 01.01.2009,Basic,17,Yes,TEXTAREA,IIRM India
30055,Marine cum Erection Policy (MCE),Institute War Clauses (Air Cargo) (Excl. Post) 01.01.2009,Basic,18,Yes,TEXTAREA,IIRM India
30055,Marine cum Erection Policy (MCE),War & SRCC,Basic,19,Yes,TEXTAREA,IIRM India
30055,Marine cum Erection Policy (MCE),Loading and Unloading,Basic,20,Yes,TEXTAREA,IIRM India
30055,Marine cum Erection Policy (MCE),Institute Cargo Cluse 2009 ,Basic,21,Yes,TEXTAREA,IIRM India
30055,Marine cum Erection Policy (MCE),Institute Classification Clause; CL 354,Basic,22,Yes,TEXTAREA,IIRM India
30055,Marine cum Erection Policy (MCE),Cargo ISM Clause,Basic,23,Yes,TEXTAREA,IIRM India
30055,Marine cum Erection Policy (MCE),Termination of Transit (Terrorism) Clause,Basic,24,Yes,TEXTAREA,IIRM India
30055,Marine cum Erection Policy (MCE),Institute Replacement Clause/2nd Hand Replacement Clause,Basic,25,Yes,TEXTAREA,IIRM India
30055,Marine cum Erection Policy (MCE),Non LR/GR transit to be covered,Basic,26,Yes,TEXTAREA,IIRM India
30055,Marine cum Erection Policy (MCE),Termination of Risk,Basic,27,Yes,TEXTAREA,IIRM India
30055,Marine cum Erection Policy (MCE),Deferred unpacking clause,Basic,28,Yes,TEXTAREA,IIRM India
30055,Marine cum Erection Policy (MCE),Waiver of Subrogation,Basic,29,Yes,TEXTAREA,IIRM India
30055,Marine cum Erection Policy (MCE),Waiver of Contribution,Basic,30,Yes,TEXTAREA,IIRM India
30055,Marine cum Erection Policy (MCE),Non-Vitiation clause,Basic,31,Yes,TEXTAREA,IIRM India
30055,Marine cum Erection Policy (MCE),Multiple Insured clause,Basic,32,Yes,TEXTAREA,IIRM India
30055,Marine cum Erection Policy (MCE),ON/or under deck clause,Basic,33,Yes,TEXTAREA,IIRM India
30055,Marine cum Erection Policy (MCE),Accumulation clause,Basic,34,Yes,TEXTAREA,IIRM India
30055,Marine cum Erection Policy (MCE),Pair & Set Clause,Basic,35,Yes,TEXTAREA,IIRM India
30055,Marine cum Erection Policy (MCE),Conceal Damage Clause,Basic,36,Yes,TEXTAREA,IIRM India
30055,Marine cum Erection Policy (MCE),Payment on Account Clause,Basic,37,Yes,TEXTAREA,IIRM India
30055,Marine cum Erection Policy (MCE),Repacking Costs Clause,Basic,38,Yes,TEXTAREA,IIRM India
30055,Marine cum Erection Policy (MCE),Returns shall be covered,Basic,39,Yes,TEXTAREA,IIRM India
30055,Marine cum Erection Policy (MCE),Material sent for Fabrication/Job Work or any other transit,Basic,40,Yes,TEXTAREA,IIRM India
30055,Marine cum Erection Policy (MCE),Self Survey Limit,Basic,41,Yes,TEXTAREA,IIRM India
30055,Marine cum Erection Policy (MCE),Subrogation rights against inland carriers stands waived,Basic,42,Yes,TEXTAREA,IIRM India
30055,Marine cum Erection Policy (MCE),50:50 Clause,Basic,43,Yes,TEXTAREA,IIRM India
30055,Marine cum Erection Policy (MCE),Duty Insurance Clause,Basic,44,Yes,TEXTAREA,IIRM India
30055,Marine cum Erection Policy (MCE),Damage due to jerk & jolts,Basic,45,Yes,TEXTAREA,IIRM India
30055,Marine cum Erection Policy (MCE),Panel of Surveyor,Basic,46,Yes,TEXTAREA,IIRM India
30055,Marine cum Erection Policy (MCE),"In case of private carrier, Courier, owned vehicle/ unviability of Transit document",Basic,47,Yes,TEXTAREA,IIRM India
30055,Marine cum Erection Policy (MCE),Testing Condition,Basic,48,Yes,TEXTAREA,IIRM India
30055,Marine cum Erection Policy (MCE),"Theft, Pilferage, Non-delivery (TPND)",Basic,49,Yes,TEXTAREA,IIRM India
30055,Marine cum Erection Policy (MCE),Seal Intact Clause,Basic,50,Yes,TEXTAREA,IIRM India
30055,Marine cum Erection Policy (MCE),FIR Report from police stands waived,Basic,51,Yes,TEXTAREA,IIRM India
30055,Marine cum Erection Policy (MCE),Warehouse to Warehouse Basis,Basic,52,Yes,TEXTAREA,IIRM India
30055,Marine cum Erection Policy (MCE),"Theft, Pilferage, Short and / Or Non Delivery",Basic,53,Yes,TEXTAREA,IIRM India
30055,Marine cum Erection Policy (MCE),Container de-stuffing will be done at the Destination Port/Depot/site,Basic,54,Yes,TEXTAREA,IIRM India
30055,Marine cum Erection Policy (MCE),Agreed Bank Clause,Basic,55,Yes,TEXTAREA,IIRM India
30055,Marine cum Erection Policy (MCE),Loss Payee Clause,Basic,56,Yes,TEXTAREA,IIRM India
30055,Marine cum Erection Policy (MCE),Institute Replacement Clause,Basic,57,Yes,TEXTAREA,IIRM India
30055,Marine cum Erection Policy (MCE),Sea Shipment Clause,Basic,58,Yes,TEXTAREA,IIRM India
30055,Marine cum Erection Policy (MCE),Land Shipment Clause,Basic,59,Yes,TEXTAREA,IIRM India
30055,Marine cum Erection Policy (MCE),Courier Shipment Clause,Basic,60,Yes,TEXTAREA,IIRM India
30055,Marine cum Erection Policy (MCE),Registered Post Parcel Shipment Clause,Basic,61,Yes,TEXTAREA,IIRM India
30055,Marine cum Erection Policy (MCE),Air Shipment Clause,Basic,62,Yes,TEXTAREA,IIRM India
30055,Marine cum Erection Policy (MCE),Standard Terms Applicable For All Modes Of Shipments,Basic,63,Yes,TEXTAREA,IIRM India
30055,Marine cum Erection Policy (MCE),Exclusions,Basic,64,Yes,TEXTAREA,IIRM India
30055,Marine cum Erection Policy (MCE),Loading/Unloading on/off Vehicle/Vessel Clause,Basic,65,Yes,TEXTAREA,IIRM India
30055,Marine cum Erection Policy (MCE),Transhipment clause,Basic,66,Yes,TEXTAREA,IIRM India
30055,Marine cum Erection Policy (MCE),Contingent/Deemed Duty Clause,Basic,67,Yes,TEXTAREA,IIRM India
30055,Marine cum Erection Policy (MCE),Debris removal Clause,Basic,68,Yes,TEXTAREA,IIRM India
30055,Marine cum Erection Policy (MCE),“Claused Bill of Lading” Clause,Basic,69,Yes,TEXTAREA,IIRM India
30055,Marine cum Erection Policy (MCE),Errors & Omissions Clause,Basic,70,Yes,TEXTAREA,IIRM India
30055,Marine cum Erection Policy (MCE),Insufficiency of packing clause,Basic,71,Yes,TEXTAREA,IIRM India
30055,Marine cum Erection Policy (MCE),Non-Cancellation Clause,Basic,72,Yes,TEXTAREA,IIRM India
30055,Marine cum Erection Policy (MCE),Intermediate storage cover,Basic,73,Yes,TEXTAREA,IIRM India
30055,Marine cum Erection Policy (MCE),Delay in opening clause,Basic,74,Yes,TEXTAREA,IIRM India
30055,Marine cum Erection Policy (MCE),General Average Clause,Basic,75,Yes,TEXTAREA,IIRM India
30055,Marine cum Erection Policy (MCE),Both to blame clause,Basic,76,Yes,TEXTAREA,IIRM India
30055,Marine cum Erection Policy (MCE),Extra expense clause,Basic,77,Yes,TEXTAREA,IIRM India
30055,Marine cum Erection Policy (MCE),Wilful misconduct clause,Basic,78,Yes,TEXTAREA,IIRM India
30055,Marine cum Erection Policy (MCE),Shut out Cargo Coverage,Basic,79,Yes,TEXTAREA,IIRM India
30055,Marine cum Erection Policy (MCE),Escalation,Basic,80,Yes,TEXTAREA,IIRM India
30055,Marine cum Erection Policy (MCE),Brand and label clause,Basic,81,Yes,TEXTAREA,IIRM India
30055,Marine cum Erection Policy (MCE),Other terms & conditions,Basic,82,Yes,TEXTAREA,IIRM India
30055,Marine cum Erection Policy (MCE),FLEXA,Add On,83,Yes,TEXTAREA,IIRM India
30055,Marine cum Erection Policy (MCE),"Earthquake (Fire and Shock) +Tsunami, Storm, Typhon, Flood, Inundation and other AOG perils-",Add On,84,Yes,TEXTAREA,IIRM India
30055,Marine cum Erection Policy (MCE),STFI,Add On,85,Yes,TEXTAREA,IIRM India
30055,Marine cum Erection Policy (MCE),Third Party Liability with cross liability including extended maintenance period,Add On,86,Yes,TEXTAREA,IIRM India
30055,Marine cum Erection Policy (MCE),"Clearance and Removal of Debris including Foreign Debris, Demolition Expenses, and dewatering",Basis of SI,87,Yes,TEXTAREA,IIRM India
30055,Marine cum Erection Policy (MCE),Owners Surrounding Property with FLEXA including extended maintenance period,Deductable / copay,88,Yes,TEXTAREA,IIRM India
30055,Marine cum Erection Policy (MCE),Extended Maintenance Period,Add On,89,Yes,TEXTAREA,IIRM India
30055,Marine cum Erection Policy (MCE),Additional Customs duty,Add On,90,Yes,TEXTAREA,IIRM India
30055,Marine cum Erection Policy (MCE),Escalation,Add On,91,Yes,TEXTAREA,IIRM India
30055,Marine cum Erection Policy (MCE),Cover for offsite storage / fabrication,Add On,92,Yes,TEXTAREA,IIRM India
30055,Marine cum Erection Policy (MCE),"Architect, Surveyor Consulting engineers fee",Add On,93,Yes,TEXTAREA,IIRM India
30055,Marine cum Erection Policy (MCE),Waiver of subrogation Clause,Add On,94,Yes,TEXTAREA,IIRM India
30055,Marine cum Erection Policy (MCE),Design defect Cover as per Munich Re,Add On,95,Yes,TEXTAREA,IIRM India
30055,Marine cum Erection Policy (MCE),Valuable Documents Cover/Loss of Plans and Documents,Add On,96,Yes,TEXTAREA,IIRM India
30055,Marine cum Erection Policy (MCE),Continuity cover for part of contract works put into use or operation,Add On,97,Yes,TEXTAREA,IIRM India
30055,Marine cum Erection Policy (MCE),Waiver of FIR,Add On,98,Yes,TEXTAREA,IIRM India
30055,Marine cum Erection Policy (MCE),Loss minimization expenses,Add On,99,Yes,TEXTAREA,IIRM India
30055,Marine cum Erection Policy (MCE),Professional fees,Basic,100,Yes,TEXTAREA,IIRM India
30055,Marine cum Erection Policy (MCE),Free automatic Reinstatement Clause,Add On,101,Yes,TEXTAREA,IIRM India
30055,Marine cum Erection Policy (MCE),Waiver of Contribution Clause,Add On,102,Yes,TEXTAREA,IIRM India
30055,Marine cum Erection Policy (MCE),Amendment in firefighting endorsement,Add On,103,Yes,TEXTAREA,IIRM India
30055,Marine cum Erection Policy (MCE),Project Extension on Prorata basis irrespective of claim ratio,Add On,104,Yes,TEXTAREA,IIRM India
30055,Marine cum Erection Policy (MCE),Claim preparation cost,Add On,105,Yes,TEXTAREA,IIRM India
30055,Marine cum Erection Policy (MCE),Loss/Damage to Contractor Equipments and construction support items like shuttering and scaffolding etc,Add On,106,Yes,TEXTAREA,IIRM India
30055,Marine cum Erection Policy (MCE),"Cover for property belonging to or held in care, custody or control of the insured – over & above the project cost",Basis of SI,107,Yes,TEXTAREA,IIRM India
30055,Marine cum Erection Policy (MCE),Primary Insurance Clause,Deductable / copay,108,Yes,TEXTAREA,IIRM India
30055,Marine cum Erection Policy (MCE),"De-watering, De-silting, Sanding, Erosion, Mudding-up, Collapse",Add On,109,Yes,TEXTAREA,IIRM India
30055,Marine cum Erection Policy (MCE),Cessation of work cover,Add On,110,Yes,TEXTAREA,IIRM India
30055,Marine cum Erection Policy (MCE),Payment of on account clause,Add On,111,Yes,TEXTAREA,IIRM India
30055,Marine cum Erection Policy (MCE),Premium adjustment clause,Add On,112,Yes,TEXTAREA,IIRM India
30055,Marine cum Erection Policy (MCE),Refund Of Premium for Early Completion of The Project,Add On,113,Yes,TEXTAREA,IIRM India
30055,Marine cum Erection Policy (MCE),Non cancellation clause,Add On,114,Yes,TEXTAREA,IIRM India
30055,Marine cum Erection Policy (MCE),Cover for Reconstruction / Reinstatement including the cost of Demolition,Add On,115,Yes,TEXTAREA,IIRM India
30055,Marine cum Erection Policy (MCE),CPM equipments including sub-contractors equipments if any,Add On,116,Yes,TEXTAREA,IIRM India
30055,Marine cum Erection Policy (MCE),"Temporary works including roads, camps for workers, material storage place, Buildings/ sheds/site offices/ support structures, portacabins (separate Sum Insured)",Add On,117,Yes,TEXTAREA,IIRM India
30055,Marine cum Erection Policy (MCE),Temporary Access Road,Add On,118,Yes,TEXTAREA,IIRM India
30055,Marine cum Erection Policy (MCE),Temporary Repair clause,Add On,119,Yes,TEXTAREA,IIRM India
30055,Marine cum Erection Policy (MCE),Post loss modification cost / necessitated expenses for restoration works of affected items caused by any peril insured peril in the policy over and above the BOQ cost upto the specified limit in the policy & Involuntary Betterment civil,Basic,120,Yes,TEXTAREA,IIRM India
30055,Marine cum Erection Policy (MCE),Test leak and damage search costs,Add On,121,Yes,TEXTAREA,IIRM India
30055,Marine cum Erection Policy (MCE),Error and Omission clause,Add On,122,Yes,TEXTAREA,IIRM India
30055,Marine cum Erection Policy (MCE),Continuity of cover during operational phase for Unit and Integrated testing,Add On,123,Yes,TEXTAREA,IIRM India
30055,Marine cum Erection Policy (MCE),Pair and Sets / Consequential reduction in value,Add On,124,Yes,TEXTAREA,IIRM India
30055,Marine cum Erection Policy (MCE),Firefighting expenses,Add On,125,Yes,TEXTAREA,IIRM India
30055,Marine cum Erection Policy (MCE),"Cover of extra charges for overtime, night work, work on public holidays, express, expediting costs, Express freight including air freight",Add On,126,Yes,TEXTAREA,IIRM India
30055,Marine cum Erection Policy (MCE),Put to use clause,Basis of SI,127,Yes,TEXTAREA,IIRM India
30055,Marine cum Erection Policy (MCE),Escrow account clause,Deductable / copay,128,Yes,TEXTAREA,IIRM India
30055,Marine cum Erection Policy (MCE),Transit within project site,Add On,129,Yes,TEXTAREA,IIRM India
30055,Marine cum Erection Policy (MCE),"Accident, Overturning, Collision",Add On,130,Yes,TEXTAREA,IIRM India
30055,Marine cum Erection Policy (MCE),Contractors and Subcontractors,Add On,131,Yes,TEXTAREA,IIRM India
30055,Marine cum Erection Policy (MCE),Involuntary Betterment / Technology Advancement,Add On,132,Yes,TEXTAREA,IIRM India
30055,Marine cum Erection Policy (MCE),Waiver of improvement/betterment clause for replacement of selected machinery,Add On,133,Yes,TEXTAREA,IIRM India
30055,Marine cum Erection Policy (MCE),Crane hiring charges,Add On,134,Yes,TEXTAREA,IIRM India
30055,Marine cum Erection Policy (MCE),Burglary including theft & RSMD & SRCC,Add On,135,Yes,TEXTAREA,IIRM India
30055,Marine cum Erection Policy (MCE),Blockage of access to materials due to transit risks and losses,Add On,136,Yes,TEXTAREA,IIRM India
30055,Marine cum Erection Policy (MCE),Immediate repairs,Add On,137,Yes,TEXTAREA,IIRM India
30055,Marine cum Erection Policy (MCE),Leased equipment rental costs,Add On,138,Yes,TEXTAREA,IIRM India
30055,Marine cum Erection Policy (MCE),OEM clause,Add On,139,Yes,TEXTAREA,IIRM India
30055,Marine cum Erection Policy (MCE),Destruction of Sound Property,Basic,140,Yes,TEXTAREA,IIRM India
30055,Marine cum Erection Policy (MCE),Lender’s clauses,Add On,141,Yes,TEXTAREA,IIRM India
30055,Marine cum Erection Policy (MCE),Nominated Loss Adjuster's Clause,Add On,142,Yes,TEXTAREA,IIRM India
30055,Marine cum Erection Policy (MCE),Additional insured,Add On,143,Yes,TEXTAREA,IIRM India
30055,Marine cum Erection Policy (MCE),Non-Vitiation clause,Add On,144,Yes,TEXTAREA,IIRM India
30055,Marine cum Erection Policy (MCE),Loss payee clause,Add On,145,Yes,TEXTAREA,IIRM India
30055,Marine cum Erection Policy (MCE),50/50 Clause,Add On,146,Yes,TEXTAREA,IIRM India
30055,Marine cum Erection Policy (MCE),72 hours Clause,Basis of SI,147,Yes,TEXTAREA,IIRM India
30055,Marine cum Erection Policy (MCE),Agreed Bank Clause,Deductable / copay,148,Yes,TEXTAREA,IIRM India
30055,Marine cum Erection Policy (MCE),Civil / Public authority clause,Add On,149,Yes,TEXTAREA,IIRM India
30055,Marine cum Erection Policy (MCE),Designation of Property Clause,Add On,150,Yes,TEXTAREA,IIRM India
30055,Marine cum Erection Policy (MCE),No-control clause,Add On,151,Yes,TEXTAREA,IIRM India
30055,Marine cum Erection Policy (MCE),Non-invalidation clause,Add On,152,Yes,TEXTAREA,IIRM India
30055,Marine cum Erection Policy (MCE),Terms & Conditions,Add On,153,Yes,TEXTAREA,IIRM India
30055,Marine cum Erection Policy (MCE),Excess/Deductibles,Add On,154,Yes,TEXTAREA,IIRM India
18614,Max Life Guaranteed Lifetime Income Plan,Life – Annuity,Basic,1,Yes,TEXTAREA,IIRM India
18614,Max Life Guaranteed Lifetime Income Plan,Others,Asset,2,No,TEXTAREA,IIRM India
20706,Max Life Guaranteed Lifetime Income Plan,,,,,,
15063,Medical Travel Policy (MTP)),Travel + Health,Basic,1,Yes,TEXTAREA,IIRM India
15063,Medical Travel Policy (MTP)),Others,Asset,2,No,TEXTAREA,IIRM India
15081,Mega Fire / Package Policy,Property – Fire + Package,Basic,1,Yes,TEXTAREA,IIRM India
15081,Mega Fire / Package Policy,Others,Asset,2,No,TEXTAREA,IIRM India
20308,Miscellaneous,,,,,,
20314,Miscellaneous,,,,,,
15056,Miscellaneous Insurance,Miscellaneous,Basic,1,Yes,TEXTAREA,IIRM India
15056,Miscellaneous Insurance,Others,Asset,2,No,TEXTAREA,IIRM India
30011,Money In Transit,Business Occupation  :,Asset,2,Yes,TEXT,IIRM Sri Lanka
30011,Money In Transit,Risk Location 1,Asset,5,Yes,TEXTAREA,IIRM Sri Lanka
30011,Money In Transit,Description,Asset,6,Yes,TEXT,IIRM Sri Lanka
30011,Money In Transit,Estimated Annual Carrying,Asset,7,Yes,TEXTAREA,IIRM Sri Lanka
30011,Money In Transit,Cash in transit any one time,Asset,8,Yes,TEXTAREA,IIRM Sri Lanka
30011,Money In Transit,Cash in premises within business hours,Asset,9,Yes,TEXTAREA,IIRM Sri Lanka
30011,Money In Transit,Cash in safe,Asset,10,Yes,TEXTAREA,IIRM Sri Lanka
30011,Money In Transit,Cash in drawer for trade stall,Asset,11,Yes,TEXTAREA,IIRM Sri Lanka
30011,Money In Transit,Risk Location 2,Asset,12,Yes,TEXTAREA,IIRM Sri Lanka
30011,Money In Transit,Description,Asset,13,Yes,TEXT,IIRM Sri Lanka
30011,Money In Transit,Estimated Annual Carrying,Asset,14,Yes,TEXTAREA,IIRM Sri Lanka
30011,Money In Transit,Cash in transit any one time,Asset,15,Yes,TEXTAREA,IIRM Sri Lanka
30011,Money In Transit,Cash in premises within business hours,Asset,16,Yes,TEXTAREA,IIRM Sri Lanka
30011,Money In Transit,Cash in safe,Asset,17,Yes,TEXTAREA,IIRM Sri Lanka
30011,Money In Transit,Risk Location 3,Asset,18,Yes,TEXTAREA,IIRM Sri Lanka
30011,Money In Transit,Description,Asset,19,Yes,TEXT,IIRM Sri Lanka
30011,Money In Transit,Estimated Annual Carrying,Asset,20,Yes,TEXTAREA,IIRM Sri Lanka
30011,Money In Transit,Cash in transit any one time,Asset,21,Yes,TEXTAREA,IIRM Sri Lanka
30011,Money In Transit,Cash in premises within business hours,Asset,22,Yes,TEXTAREA,IIRM Sri Lanka
30011,Money In Transit,Cash in safe,Asset,23,Yes,TEXTAREA,IIRM Sri Lanka
30011,Money In Transit,Scope of Cover,Asset,24,Yes,TEXT,IIRM Sri Lanka
30011,Money In Transit,Money in the personal custody of authorized employees of the insured and whilst in transit form the above insured's premises to xxxxxxxxxxx,Basic,25,Yes,TEXTAREA,IIRM Sri Lanka
30011,Money In Transit,Extensions,Asset,26,Yes,TEXT,IIRM Sri Lanka
30011,Money In Transit,Personal Assault cover,Basic,27,Yes,TEXTAREA,IIRM Sri Lanka
30011,Money In Transit,Personal Effects - 02 Employees,Basic,28,Yes,TEXTAREA,IIRM Sri Lanka
30011,Money In Transit,Infidelity,Basic,29,Yes,TEXTAREA,IIRM Sri Lanka
30011,Money In Transit,Personal Accident cover (cover provides for two persons),Basic,30,Yes,TEXTAREA,IIRM Sri Lanka
30011,Money In Transit,Hold up cover,Basic,31,Yes,TEXTAREA,IIRM Sri Lanka
30011,Money In Transit,Deductibles/ Excess,Basic,32,Yes,TEXTAREA,IIRM Sri Lanka
30011,Money In Transit,Riot & Strike & Civil Commotion,Basic,33,Yes,TEXTAREA,IIRM Sri Lanka
30011,Money In Transit,Terrorism,Basic,34,Yes,TEXTAREA,IIRM Sri Lanka
30011,Money In Transit,Premium LKR,Basic,35,Yes,TEXT,IIRM Sri Lanka
30011,Money In Transit,Basic,Asset,36,Yes,TEXTAREA,IIRM Sri Lanka
30011,Money In Transit,Riot & Strike & Civil Commotion,Asset,37,Yes,TEXTAREA,IIRM Sri Lanka
30011,Money In Transit,Terrorism,Asset,38,Yes,TEXTAREA,IIRM Sri Lanka
30011,Money In Transit,Premium Exc. Taxes,Asset,39,Yes,TEXTAREA,IIRM Sri Lanka
30011,Money In Transit,Premium including Taxes,Asset,40,Yes,TEXTAREA,IIRM Sri Lanka
30011,Money In Transit,Warranties,Basic,41,Yes,TEXTAREA,IIRM Sri Lanka
30011,Money In Transit,Conditions,Basic,42,Yes,TEXTAREA,IIRM Sri Lanka
30011,Money In Transit,Exclusions,Basic,43,Yes,TEXTAREA,IIRM Sri Lanka
30011,Money In Transit,Subjectivities,Basic,44,Yes,TEXTAREA,IIRM Sri Lanka
30011,Money In Transit,Past Claims,Basic,45,Yes,TEXTAREA,IIRM Sri Lanka
18513,Money Insurance,Name of the Insured,Asset,1,Yes,TEXTAREA,IIRM India
18513,Money Insurance,Communication  Address,Asset,2,Yes,TEXTAREA,IIRM India
18513,Money Insurance,Occupancy Description,Asset,3,Yes,TEXTAREA,IIRM India
18513,Money Insurance,Location of Risk,Asset,4,Yes,TEXTAREA,IIRM India
18513,Money Insurance,Claims History,Asset,5,Yes,TEXTAREA,IIRM India
18513,Money Insurance,Expiring Insurer & Policy No.,Asset,6,Yes,TEXTAREA,IIRM India
18513,Money Insurance,Expiring Policy Period,Asset,7,Yes,TEXTAREA,IIRM India
18513,Money Insurance,Renewal Policy Period,Asset,8,Yes,TEXTAREA,IIRM India
18513,Money Insurance,Expiring Policy Premium,Asset,9,Yes,TEXTAREA,IIRM India
18513,Money Insurance,Sum Insured,Asset,10,Yes,TEXTAREA,IIRM India
18513,Money Insurance,Money Insurance,Basic,11,Yes,TEXTAREA,IIRM India
18513,Money Insurance,Single Carrying Limit - In Transit,Basic,12,Yes,TEXTAREA,IIRM India
18513,Money Insurance,Annual Carrying Limit,Basic,13,Yes,TEXTAREA,IIRM India
18513,Money Insurance,Money in Safe,Basic,14,Yes,TEXTAREA,IIRM India
18513,Money Insurance,Money in counter/till,Basic,15,Yes,TEXTAREA,IIRM India
18513,Money Insurance,Theft & RSMD,Basic,16,Yes,TEXTAREA,IIRM India
18513,Money Insurance,Infidelity of the cash carrying employee,Basic,17,Yes,TEXTAREA,IIRM India
18513,Money Insurance,Assault cover for cash carrying employee /s,Basic,18,Yes,TEXTAREA,IIRM India
18513,Money Insurance,loss or damage to employees personal property during the during any fortituos act,Basic,19,Yes,TEXTAREA,IIRM India
18513,Money Insurance,Damage to assets during the act or attempt there at the time of Burglary and/or theft,Basic,20,Yes,TEXTAREA,IIRM India
18513,Money Insurance,Damage to locker/ safe / almairah during the incident,Basic,21,Yes,TEXTAREA,IIRM India
18513,Money Insurance,Cost of change of Keys,Basic,22,Yes,TEXTAREA,IIRM India
18513,Money Insurance,Other terms & covers,Basic,23,Yes,TEXTAREA,IIRM India
18513,Money Insurance,Excess/Deductibles,Basic,24,Yes,TEXTAREA,IIRM India
20674,Money Insurance,,,,,,
19039,Motor,,,,,,
19029,Motor,,,,,,
18527,Motor 3-Wheeler Goods Carrying Vehicle Insurance,Motor – 3-Wheeler Goods,Basic,1,Yes,TEXTAREA,IIRM India
18527,Motor 3-Wheeler Goods Carrying Vehicle Insurance,Others,Asset,2,No,TEXTAREA,IIRM India
20865,Motor 3-Wheeler Goods Carrying Vehicle Insurance,,,,,,
18528,Motor 3-Wheeler Passenger Carrying Vehicle Insurance,Motor – 3-Wheeler Passenger,Basic,1,Yes,TEXTAREA,IIRM India
18528,Motor 3-Wheeler Passenger Carrying Vehicle Insurance,Others,Asset,2,No,TEXTAREA,IIRM India
20866,Motor 3-Wheeler Passenger Carrying Vehicle Insurance,,,,,,
18533,Motor Commercial Vehicle Insurance,Motor – Commercial,Basic,1,Yes,TEXTAREA,IIRM India
18533,Motor Commercial Vehicle Insurance,Others,Asset,2,No,TEXTAREA,IIRM India
20870,Motor Commercial Vehicle Insurance,,,,,,
18502,Motor Goods Carrying Vehicle Insurance,Motor – Commercial,Basic,1,Yes,TEXTAREA,IIRM India
18502,Motor Goods Carrying Vehicle Insurance,Others,Asset,2,No,TEXTAREA,IIRM India
20668,Motor Goods Carrying Vehicle Insurance,,,,,,
30024,Motor Insurance,Vehicle No.,Basic,1,Yes,TEXTAREA,IIRM Sri Lanka
30024,Motor Insurance,Usage,Basic,2,Yes,TEXTAREA,IIRM Sri Lanka
30024,Motor Insurance,Sum Insured,Basic,3,Yes,TEXTAREA,IIRM Sri Lanka
30024,Motor Insurance,Chasis Number,Basic,4,Yes,TEXTAREA,IIRM Sri Lanka
30024,Motor Insurance,Engine Number,Basic,5,Yes,TEXTAREA,IIRM Sri Lanka
30024,Motor Insurance,Make,Basic,6,Yes,TEXTAREA,IIRM Sri Lanka
30024,Motor Insurance,Model,Basic,7,Yes,TEXTAREA,IIRM Sri Lanka
30024,Motor Insurance,Years of Make,Basic,8,Yes,TEXTAREA,IIRM Sri Lanka
30024,Motor Insurance,Hire Purchase,Basic,9,Yes,TEXTAREA,IIRM Sri Lanka
30024,Motor Insurance,"~ Comprehensive cover- Accidental External Means,Fire,Burglary and Theft",Basic,10,Yes,TEXTAREA,IIRM Sri Lanka
30024,Motor Insurance,~ 3rd party bodily injury or death cover  - unlimited~,Basic,11,Yes,TEXTAREA,IIRM Sri Lanka
30024,Motor Insurance,~ 3rd party property damage cover,Basic,12,Yes,TEXTAREA,IIRM Sri Lanka
30024,Motor Insurance,"~ Strikes, Riots and Civil Commotion (SRCC) & Terrorism Cover (TC)",Basic,13,Yes,TEXTAREA,IIRM Sri Lanka
30024,Motor Insurance,~ Flood and Natural Perils,Basic,14,Yes,TEXTAREA,IIRM Sri Lanka
30024,Motor Insurance,~ Free Air Bag Cover 100%,Basic,15,Yes,TEXTAREA,IIRM Sri Lanka
30024,Motor Insurance,~ Towing Cover,Basic,16,Yes,TEXTAREA,IIRM Sri Lanka
30024,Motor Insurance,~ Special Windscreen Cover,Basic,17,Yes,TEXTAREA,IIRM Sri Lanka
30024,Motor Insurance,~ Personal Accident Benefit Cover,Basic,18,Yes,TEXTAREA,IIRM Sri Lanka
30024,Motor Insurance,~ Call and Go Facility,Basic,19,Yes,TEXTAREA,IIRM Sri Lanka
30024,Motor Insurance,~ Brand New Spare Parts Replacement Cover (No Owner's account contribution)  Brand New Vehicle,Basic,20,Yes,TEXTAREA,IIRM Sri Lanka
30024,Motor Insurance,"~ Alternative Transportation - Private Car  (If exceed 4 labour days, Maximum up to 10 days)",Basic,21,Yes,TEXTAREA,IIRM Sri Lanka
30024,Motor Insurance,Excess,Basic,22,Yes,TEXTAREA,IIRM Sri Lanka
30024,Motor Insurance,Others,Asset,23,No,TEXTAREA,IIRM Sri Lanka
18519,Motor Liability Policy – Commercial Vehicle,Motor – Liability Only,Basic,1,Yes,TEXTAREA,IIRM India
18519,Motor Liability Policy – Commercial Vehicle,Others,Asset,2,No,TEXTAREA,IIRM India
20859,Motor Liability Policy – Commercial Vehicle,,,,,,
18532,Motor Liability Policy – Private Car,Motor – Liability Only,Basic,1,Yes,TEXTAREA,IIRM India
18532,Motor Liability Policy – Private Car,Others,Asset,2,No,TEXTAREA,IIRM India
20869,Motor Liability Policy – Private Car,,,,,,
18526,Motor Liability Policy – Two Wheeler,Motor – Liability Only,Basic,1,Yes,TEXTAREA,IIRM India
18526,Motor Liability Policy – Two Wheeler,Others,Asset,2,No,TEXTAREA,IIRM India
20864,Motor Liability Policy – Two Wheeler,,,,,,
18511,Motor Private Car Insurance,Motor – Private Car,Basic,1,Yes,TEXTAREA,IIRM India
18511,Motor Private Car Insurance,Others,Asset,2,No,TEXTAREA,IIRM India
20673,Motor Private Car Insurance,,,,,,
18577,Motor Trade Road Risk Package Policy – Class F,Motor Trade Package,Basic,1,Yes,TEXTAREA,IIRM India
18577,Motor Trade Road Risk Package Policy – Class F,Others,Asset,2,No,TEXTAREA,IIRM India
20680,Motor Trade Road Risk Package Policy – Class F,,,,,,
18505,Motor Two Wheeler Insurance,Motor – Two Wheeler,Basic,1,Yes,TEXTAREA,IIRM India
18505,Motor Two Wheeler Insurance,Others,Asset,2,No,TEXTAREA,IIRM India
20670,Motor Two Wheeler Insurance,,,,,,
20763,Motor_Commercial_vehicle_Package_Policy,,,,,,
18565,Neon Sign Insurance,Specialty – Neon Sign,Basic,1,Yes,TEXTAREA,IIRM India
18565,Neon Sign Insurance,Others,Asset,2,No,TEXTAREA,IIRM India
20898,Neon Sign Insurance,,,,,,
18545,Office Package Policy,Name of the Insured,Asset,1,Yes,TEXTAREA,IIRM India
18545,Office Package Policy,Communication  Address,Asset,2,Yes,TEXTAREA,IIRM India
18545,Office Package Policy,Occupancy Description,Asset,3,Yes,TEXTAREA,IIRM India
18545,Office Package Policy,Location of Risk,Asset,4,Yes,TEXTAREA,IIRM India
18545,Office Package Policy,Claims History,Asset,5,Yes,TEXTAREA,IIRM India
18545,Office Package Policy,Expiring Insurer & Policy No.,Asset,6,Yes,TEXTAREA,IIRM India
18545,Office Package Policy,Expiring Policy Period,Asset,7,Yes,TEXTAREA,IIRM India
18545,Office Package Policy,Renewal Policy Period,Asset,8,Yes,TEXTAREA,IIRM India
18545,Office Package Policy,Expiring Policy Premium,Asset,9,Yes,TEXTAREA,IIRM India
18545,Office Package Policy,Details of Assets or Subject Matter to be insured,Asset,10,Yes,TEXTAREA,IIRM India
18545,Office Package Policy,Total Sum Insured,Asset,11,Yes,TEXTAREA,IIRM India
18545,Office Package Policy,Sum Insured Break-Up/Section-Wise,Asset,12,Yes,TEXTAREA,IIRM India
18545,Office Package Policy,"1.Fire, including due to its own fermentation, or natural  heating or spontaneous combustion;",Basic,13,Yes,TEXTAREA,IIRM India
18545,Office Package Policy,2.Explosion or Implosion;,Basic,14,Yes,TEXTAREA,IIRM India
18545,Office Package Policy,3.Lightning;,Basic,15,Yes,TEXTAREA,IIRM India
18545,Office Package Policy,"4.Earthquake, volcanic eruption, or other convulsions of nature;",Basic,16,Yes,TEXTAREA,IIRM India
18545,Office Package Policy,"5.Storm, Cyclone, Typhoon, Tempest, Hurricane, Tornado, Tsunami, Flood and Inundation;",Basic,17,Yes,TEXTAREA,IIRM India
18545,Office Package Policy,"6.Subsidence of the land on which Your Premises stand, Landslide, Rockslide;",Basic,18,Yes,TEXTAREA,IIRM India
18545,Office Package Policy,"7.Bush Fire, Forest Fire, Jungle Fire;",Basic,19,Yes,TEXTAREA,IIRM India
18545,Office Package Policy,"8.Impact damage of any kind, i.e., damage caused by impact of, or collision caused by, any external physical object (e.g. vehicle, falling trees, aircraft, wall );",Basic,20,Yes,TEXTAREA,IIRM India
18545,Office Package Policy,9.Missile testing operations;,Basic,21,Yes,TEXTAREA,IIRM India
18545,Office Package Policy,"10.Riot, Strikes, Malicious Damages;",Basic,22,Yes,TEXTAREA,IIRM India
18545,Office Package Policy,11.Bursting or overflowing of water tanks apparatus and pipes;,Basic,23,Yes,TEXTAREA,IIRM India
18545,Office Package Policy,12.Leakage from automatic sprinkler installations;,Basic,24,Yes,TEXTAREA,IIRM India
18545,Office Package Policy,"13.Theft within 7 days from the occurrence of, and proximately caused by, any of the above Insured Events",Basic,25,Yes,TEXTAREA,IIRM India
18545,Office Package Policy,"1.Additions, alterations or extensions;",Basic,26,Yes,TEXTAREA,IIRM India
18545,Office Package Policy,2.Stocks at many locations on floater basis;,Basic,27,Yes,TEXTAREA,IIRM India
18545,Office Package Policy,3.Temporary removal of stocks;,Basic,28,Yes,TEXTAREA,IIRM India
18545,Office Package Policy,4.Cover for Specific Contents;,Basic,29,Yes,TEXTAREA,IIRM India
18545,Office Package Policy,5.Start-Up Expenses;,Basic,30,Yes,TEXTAREA,IIRM India
18545,Office Package Policy,6.Professional fees;,Basic,31,Yes,TEXTAREA,IIRM India
18545,Office Package Policy,7.Costs for removal of debris;,Basic,32,Yes,TEXTAREA,IIRM India
18545,Office Package Policy,8.Costs compelled by Municipal Regulations;,Basic,33,Yes,TEXTAREA,IIRM India
18545,Office Package Policy,Theft Extension,Basic,36,Yes,TEXTAREA,IIRM India
18545,Office Package Policy,"Riot, Strike & Malicious Damage (RSMD)",Basic,37,Yes,TEXTAREA,IIRM India
18545,Office Package Policy,First loss limit/Full Sum Insured,Basic,38,Yes,TEXTAREA,IIRM India
18545,Office Package Policy,"Goods held in care, custody, control of the insured",Basic,39,Yes,TEXTAREA,IIRM India
18545,Office Package Policy,Damage to assets during the act or attempt there at the time of Burglary and/or theft,Basic,40,Yes,TEXTAREA,IIRM India
18545,Office Package Policy,Waiver of FIR,Basic,41,Yes,TEXTAREA,IIRM India
18545,Office Package Policy,Wavier for Final investigation report for settlement of claim,Basic,42,Yes,TEXTAREA,IIRM India
18545,Office Package Policy,Escalation,Basic,43,Yes,TEXTAREA,IIRM India
18545,Office Package Policy,Express freight,Basic,44,Yes,TEXTAREA,IIRM India
18545,Office Package Policy,Third party liability,Basic,47,Yes,TEXTAREA,IIRM India
18545,Office Package Policy,Additional customs duty,Basic,48,Yes,TEXTAREA,IIRM India
18545,Office Package Policy,"Cover for foundation, masonry, brickwork",Basic,49,Yes,TEXTAREA,IIRM India
18545,Office Package Policy,"Consumables like transformer oil, etc.",Basic,50,Yes,TEXTAREA,IIRM India
18545,Office Package Policy,Air freight,Basic,55,Yes,TEXTAREA,IIRM India
18545,Office Package Policy,Owners surrounding property,Basic,56,Yes,TEXTAREA,IIRM India
18545,Office Package Policy,Omission to Insure,Basic,59,Yes,TEXTAREA,IIRM India
18545,Office Package Policy,Waiver of under insurance,Basic,60,Yes,TEXTAREA,IIRM India
18545,Office Package Policy,Goods held in trust,Basic,61,Yes,TEXTAREA,IIRM India
18545,Office Package Policy,Burglary & Theft,Basic,63,Yes,TEXTAREA,IIRM India
18545,Office Package Policy,Reinstatement value clause,Basic,64,Yes,TEXTAREA,IIRM India
18545,Office Package Policy,All accidental damage,Basic,65,Yes,TEXTAREA,IIRM India
18545,Office Package Policy,Electrical and Mechanical Breakdown,Basic,66,Yes,TEXTAREA,IIRM India
18545,Office Package Policy,"Waiver of Police Intimation up to INR 25,000 & Waiver of FIR Up to INR 1 Lakh",Basic,67,Yes,TEXTAREA,IIRM India
18545,Office Package Policy,Money Insurance,Basic,69,Yes,TEXTAREA,IIRM India
18545,Office Package Policy,Single Carrying Limit - In Transit,Basic,70,Yes,TEXTAREA,IIRM India
18545,Office Package Policy,Annual Carrying Limit,Basic,71,Yes,TEXTAREA,IIRM India
18545,Office Package Policy,Money in Safe,Basic,72,Yes,TEXTAREA,IIRM India
18545,Office Package Policy,Money in counter/till,Basic,73,Yes,TEXTAREA,IIRM India
18545,Office Package Policy,Theft & RSMD,Basic,74,Yes,TEXTAREA,IIRM India
18545,Office Package Policy,Infidelity of the cash carrying employee,Basic,75,Yes,TEXTAREA,IIRM India
18545,Office Package Policy,Assault cover for cash carrying employee /s,Basic,76,Yes,TEXTAREA,IIRM India
18545,Office Package Policy,loss or damage to employees personal property during the during any fortituos act,Basic,77,Yes,TEXTAREA,IIRM India
18545,Office Package Policy,Damage to locker/ safe / almairah during the incident,Basic,79,Yes,TEXTAREA,IIRM India
18545,Office Package Policy,Cost of change of Keys,Basic,80,Yes,TEXTAREA,IIRM India
18545,Office Package Policy,Cover to include permanent employees / temporary / contractual/off-roll employees,Basic,81,Yes,TEXTAREA,IIRM India
18545,Office Package Policy,Automatic reinstatement of sum insured,Basic,84,Yes,TEXTAREA,IIRM India
18545,Office Package Policy,Un-named Basis / Floater Basis,Basic,85,Yes,TEXTAREA,IIRM India
18545,Office Package Policy,Total no. of employees to be coveres,Basic,86,Yes,TEXTAREA,IIRM India
18545,Office Package Policy,Limits of Cash/Goods Handled,Basic,87,Yes,TEXTAREA,IIRM India
18545,Office Package Policy,Mode of travel to deliver the goods if any,Basic,88,Yes,TEXTAREA,IIRM India
18545,Office Package Policy,Other Terms & Covers,Basic,89,Yes,TEXTAREA,IIRM India
18545,Office Package Policy,Excess/Deductibles,Basic,90,Yes,TEXTAREA,IIRM India
20879,Office Package Policy,,,,,,
15078,Outpatient Department Health Insurance (OPD),Health – OPD / Outpatient,Basic,1,Yes,TEXTAREA,IIRM India
15078,Outpatient Department Health Insurance (OPD),Others,Asset,2,No,TEXTAREA,IIRM India
30044,PROPERTY_INSURANCE,,,,,,
15060,Package Policy,Name of the Insured,Asset,1,Yes,TEXTAREA,IIRM India
15060,Package Policy,Communication  Address,Asset,2,Yes,TEXTAREA,IIRM India
15060,Package Policy,Occupancy Description,Asset,3,Yes,TEXTAREA,IIRM India
15060,Package Policy,Location of Risk,Asset,4,Yes,TEXTAREA,IIRM India
15060,Package Policy,Claims History,Asset,5,Yes,TEXTAREA,IIRM India
15060,Package Policy,Expiring Insurer & Policy No.,Asset,6,Yes,TEXTAREA,IIRM India
15060,Package Policy,Expiring Policy Period,Asset,7,Yes,TEXTAREA,IIRM India
15060,Package Policy,Renewal Policy Period,Asset,8,Yes,TEXTAREA,IIRM India
15060,Package Policy,Expiring Policy Premium,Asset,9,Yes,TEXTAREA,IIRM India
15060,Package Policy,Details of Assets or Subject Matter to be insured,Asset,10,Yes,TEXTAREA,IIRM India
15060,Package Policy,Total Sum Insured,Asset,11,Yes,TEXTAREA,IIRM India
15060,Package Policy,Sum Insured Break-Up/Section-Wise,Asset,12,Yes,TEXTAREA,IIRM India
15060,Package Policy,"1.Fire, including due to its own fermentation, or natural  heating or spontaneous combustion;",Basic,13,Yes,TEXTAREA,IIRM India
15060,Package Policy,2.Explosion or Implosion;,Basic,14,Yes,TEXTAREA,IIRM India
15060,Package Policy,3.Lightning;,Basic,15,Yes,TEXTAREA,IIRM India
15060,Package Policy,"4.Earthquake, volcanic eruption, or other convulsions of nature;",Basic,16,Yes,TEXTAREA,IIRM India
15060,Package Policy,"5.Storm, Cyclone, Typhoon, Tempest, Hurricane, Tornado, Tsunami, Flood and Inundation;",Basic,17,Yes,TEXTAREA,IIRM India
15060,Package Policy,"6.Subsidence of the land on which Your Premises stand, Landslide, Rockslide;",Basic,18,Yes,TEXTAREA,IIRM India
15060,Package Policy,"7.Bush Fire, Forest Fire, Jungle Fire;",Basic,19,Yes,TEXTAREA,IIRM India
15060,Package Policy,"8.Impact damage of any kind, i.e., damage caused by impact of, or collision caused by, any external physical object (e.g. vehicle, falling trees, aircraft, wall );",Basic,20,Yes,TEXTAREA,IIRM India
15060,Package Policy,9.Missile testing operations;,Basic,21,Yes,TEXTAREA,IIRM India
15060,Package Policy,"10.Riot, Strikes, Malicious Damages;",Basic,22,Yes,TEXTAREA,IIRM India
15060,Package Policy,11.Bursting or overflowing of water tanks apparatus and pipes;,Basic,23,Yes,TEXTAREA,IIRM India
15060,Package Policy,12.Leakage from automatic sprinkler installations;,Basic,24,Yes,TEXTAREA,IIRM India
15060,Package Policy,"13.Theft within 7 days from the occurrence of, and proximately caused by, any of the above Insured Events",Basic,25,Yes,TEXTAREA,IIRM India
15060,Package Policy,"1.Additions, alterations or extensions;",Basic,26,Yes,TEXTAREA,IIRM India
15060,Package Policy,2.Stocks at many locations on floater basis;,Basic,27,Yes,TEXTAREA,IIRM India
15060,Package Policy,3.Temporary removal of stocks;,Basic,28,Yes,TEXTAREA,IIRM India
15060,Package Policy,4.Cover for Specific Contents;,Basic,29,Yes,TEXTAREA,IIRM India
15060,Package Policy,5.Start-Up Expenses;,Basic,30,Yes,TEXTAREA,IIRM India
15060,Package Policy,6.Professional fees;,Basic,31,Yes,TEXTAREA,IIRM India
15060,Package Policy,7.Costs for removal of debris;,Basic,32,Yes,TEXTAREA,IIRM India
15060,Package Policy,8.Costs compelled by Municipal Regulations;,Basic,33,Yes,TEXTAREA,IIRM India
15060,Package Policy,"Reinstatement Value Clause (For Building, Plant and Machinery, Furniture, Fixture and Fittings and any other contents other than stocks)",Basic,34,Yes,TEXTAREA,IIRM India
15060,Package Policy,Waiver of Under Insurance,Basic,35,Yes,TEXTAREA,IIRM India
15060,Package Policy,Theft Extension,Basic,36,Yes,TEXTAREA,IIRM India
15060,Package Policy,"Riot, Strike & Malicious Damage (RSMD)",Basic,37,Yes,TEXTAREA,IIRM India
15060,Package Policy,First loss limit/Full Sum Insured,Basic,38,Yes,TEXTAREA,IIRM India
15060,Package Policy,"Goods held in care, custody, control of the insured",Basic,39,Yes,TEXTAREA,IIRM India
15060,Package Policy,Damage to assets during the act or attempt there at the time of Burglary and/or theft,Basic,40,Yes,TEXTAREA,IIRM India
15060,Package Policy,Waiver of FIR,Basic,41,Yes,TEXTAREA,IIRM India
15060,Package Policy,Wavier for Final investigation report for settlement of claim,Basic,42,Yes,TEXTAREA,IIRM India
15060,Package Policy,Escalation,Basic,43,Yes,TEXTAREA,IIRM India
15060,Package Policy,Express freight,Basic,44,Yes,TEXTAREA,IIRM India
15060,Package Policy,Air freight,Basic,45,Yes,TEXTAREA,IIRM India
15060,Package Policy,Owners surrounding property,Basic,46,Yes,TEXTAREA,IIRM India
15060,Package Policy,Third party liability,Basic,47,Yes,TEXTAREA,IIRM India
15060,Package Policy,Additional customs duty,Basic,48,Yes,TEXTAREA,IIRM India
15060,Package Policy,"Cover for foundation, masonry, brickwork",Basic,49,Yes,TEXTAREA,IIRM India
15060,Package Policy,"Consumables like transformer oil, etc.",Basic,50,Yes,TEXTAREA,IIRM India
15060,Package Policy,Burglary & Theft,Basic,51,Yes,TEXTAREA,IIRM India
15060,Package Policy,Electrical and Mechanical Breakdown,Basic,52,Yes,TEXTAREA,IIRM India
15060,Package Policy,Escalation,Basic,53,Yes,TEXTAREA,IIRM India
15060,Package Policy,Express freight,Basic,54,Yes,TEXTAREA,IIRM India
15060,Package Policy,Air freight,Basic,55,Yes,TEXTAREA,IIRM India
15060,Package Policy,Owners surrounding property,Basic,56,Yes,TEXTAREA,IIRM India
15060,Package Policy,Third party liability,Basic,57,Yes,TEXTAREA,IIRM India
15060,Package Policy,Additional custom duty,Basic,58,Yes,TEXTAREA,IIRM India
15060,Package Policy,Omission to Insure,Basic,59,Yes,TEXTAREA,IIRM India
15060,Package Policy,Waiver of under insurance,Basic,60,Yes,TEXTAREA,IIRM India
15060,Package Policy,Goods held in trust,Basic,61,Yes,TEXTAREA,IIRM India
15060,Package Policy,Reinstatment value clause,Basic,62,Yes,TEXTAREA,IIRM India
15060,Package Policy,Burglary & Theft,Basic,63,Yes,TEXTAREA,IIRM India
15060,Package Policy,Reinstatement value clause,Basic,64,Yes,TEXTAREA,IIRM India
15060,Package Policy,All accidental damage,Basic,65,Yes,TEXTAREA,IIRM India
15060,Package Policy,Electrical and Mechanical Breakdown,Basic,66,Yes,TEXTAREA,IIRM India
15060,Package Policy,"Waiver of Police Intimation up to INR 25,000 & Waiver of FIR Up to INR 1 Lakh",Basic,67,Yes,TEXTAREA,IIRM India
15060,Package Policy,Reinstatement value clause,Basic,68,Yes,TEXTAREA,IIRM India
15060,Package Policy,Money Insurance,Basic,69,Yes,TEXTAREA,IIRM India
15060,Package Policy,Single Carrying Limit - In Transit,Basic,70,Yes,TEXTAREA,IIRM India
15060,Package Policy,Annual Carrying Limit,Basic,71,Yes,TEXTAREA,IIRM India
15060,Package Policy,Money in Safe,Basic,72,Yes,TEXTAREA,IIRM India
15060,Package Policy,Money in counter/till,Basic,73,Yes,TEXTAREA,IIRM India
15060,Package Policy,Theft & RSMD,Basic,74,Yes,TEXTAREA,IIRM India
15060,Package Policy,Infidelity of the cash carrying employee,Basic,75,Yes,TEXTAREA,IIRM India
15060,Package Policy,Assault cover for cash carrying employee /s,Basic,76,Yes,TEXTAREA,IIRM India
15060,Package Policy,loss or damage to employees personal property during the during any fortituos act,Basic,77,Yes,TEXTAREA,IIRM India
15060,Package Policy,Damage to assets during the act or attempt there at the time of Burglary and/or theft,Basic,78,Yes,TEXTAREA,IIRM India
15060,Package Policy,Damage to locker/ safe / almairah during the incident,Basic,79,Yes,TEXTAREA,IIRM India
15060,Package Policy,Cost of change of Keys,Basic,80,Yes,TEXTAREA,IIRM India
15060,Package Policy,Cover to include permanent employees / temporary / contractual/off-roll employees,Basic,81,Yes,TEXTAREA,IIRM India
15060,Package Policy,Waiver of FIR,Basic,82,Yes,TEXTAREA,IIRM India
15060,Package Policy,Wavier for Final investigation report for settlement of claim,Basic,83,Yes,TEXTAREA,IIRM India
15060,Package Policy,Automatic reinstatement of sum insured,Basic,84,Yes,TEXTAREA,IIRM India
15060,Package Policy,Un-named Basis / Floater Basis,Basic,85,Yes,TEXTAREA,IIRM India
15060,Package Policy,Total no. of employees to be coveres,Basic,86,Yes,TEXTAREA,IIRM India
15060,Package Policy,Limits of Cash/Goods Handled,Basic,87,Yes,TEXTAREA,IIRM India
15060,Package Policy,Mode of travel to deliver the goods if any,Basic,88,Yes,TEXTAREA,IIRM India
15060,Package Policy,Other Terms & Covers,Basic,89,Yes,TEXTAREA,IIRM India
15060,Package Policy,Excess/Deductibles,Basic,90,Yes,TEXTAREA,IIRM India
15006,Performance Security Bond Insurance,Contractual obligations,Add On,1,Yes,TEXT,IIRM India
15006,Performance Security Bond Insurance,Default by the contractor,Add On,2,Yes,TEXT,IIRM India
15006,Performance Security Bond Insurance,Expenses incurred to complete the work,Add On,3,Yes,TEXT,IIRM India
15006,Performance Security Bond Insurance,Penalties for delay,Add On,4,Yes,TEXT,IIRM India
15006,Performance Security Bond Insurance,Cost of rectifying defects,Add On,5,Yes,TEXT,IIRM India
15006,Performance Security Bond Insurance,Terms & Conditions,Add On,6,Yes,TEXT,IIRM India
15006,Performance Security Bond Insurance,Deductibles/Excess,Add On,7,Yes,TEXT,IIRM India
15006,Performance Security Bond Insurance,Others,Asset,8,No,TEXTAREA,IIRM India
30013,Personal Accident,Age Limit,Asset,4,Yes,TEXTAREA,IIRM Sri Lanka
30013,Personal Accident,Category of Employees,Asset,5,Yes,TEXT,IIRM Sri Lanka
30013,Personal Accident,Total No of Employees,Asset,6,Yes,TEXTAREA,IIRM Sri Lanka
30013,Personal Accident,Total Sum Insured,Asset,7,Yes,TEXTAREA,IIRM Sri Lanka
30013,Personal Accident,Scope of Cover,Asset,8,Yes,TEXT,IIRM Sri Lanka
30013,Personal Accident,Accidental Death,Basic,9,Yes,TEXTAREA,IIRM Sri Lanka
30013,Personal Accident,Permanent Total Disablement,Basic,10,Yes,TEXTAREA,IIRM Sri Lanka
30013,Personal Accident,Permanent Partial Disablement,Basic,11,Yes,TEXTAREA,IIRM Sri Lanka
30013,Personal Accident,Temporary Total Disablement,Basic,12,Yes,TEXTAREA,IIRM Sri Lanka
30013,Personal Accident,Temporary Partial Disablement,Basic,13,Yes,TEXTAREA,IIRM Sri Lanka
30013,Personal Accident,Extensions,Asset,14,Yes,TEXT,IIRM Sri Lanka
30013,Personal Accident,"Strike , Riot  Civil Commotion",Basic,15,Yes,TEXTAREA,IIRM Sri Lanka
30013,Personal Accident,Terrorism,Basic,16,Yes,TEXTAREA,IIRM Sri Lanka
30013,Personal Accident,Funeral & Cremation Expenses,Basic,17,Yes,TEXTAREA,IIRM Sri Lanka
30013,Personal Accident,Motor Cycle Cover,Basic,18,Yes,TEXTAREA,IIRM Sri Lanka
30013,Personal Accident,Worldwide Cover,Basic,19,Yes,TEXTAREA,IIRM Sri Lanka
30013,Personal Accident,24 Hour Cover,Basic,20,Yes,TEXTAREA,IIRM Sri Lanka
30013,Personal Accident,Accidental bodily injury due to sport activities whilst participating / representing in Company,Basic,21,Yes,TEXTAREA,IIRM Sri Lanka
30013,Personal Accident,Past Claims,Basic,22,Yes,TEXTAREA,IIRM Sri Lanka
18598,Pet Insurance Policy,Specialty – Pet,Basic,1,Yes,TEXTAREA,IIRM India
18598,Pet Insurance Policy,Others,Asset,2,No,TEXTAREA,IIRM India
20917,Pet Insurance Policy,,,,,,
18559,Plate Glass Insurance,Name of the Insured,Asset,1,Yes,TEXTAREA,IIRM India
18559,Plate Glass Insurance,Communication  Address,Asset,2,Yes,TEXTAREA,IIRM India
18559,Plate Glass Insurance,Occupancy Description,Asset,3,Yes,TEXTAREA,IIRM India
18559,Plate Glass Insurance,Location of Risk,Asset,4,Yes,TEXTAREA,IIRM India
18559,Plate Glass Insurance,Claims History,Asset,5,Yes,TEXTAREA,IIRM India
18559,Plate Glass Insurance,Expiring Insurer & Policy No.,Asset,6,Yes,TEXTAREA,IIRM India
18559,Plate Glass Insurance,Expiring Policy Period,Asset,7,Yes,TEXTAREA,IIRM India
18559,Plate Glass Insurance,Renewal Policy Period,Asset,8,Yes,TEXTAREA,IIRM India
18559,Plate Glass Insurance,Expiring Policy Premium,Asset,9,Yes,TEXTAREA,IIRM India
18559,Plate Glass Insurance,Sum Insured,Asset,10,Yes,TEXTAREA,IIRM India
18559,Plate Glass Insurance,All accidental damage,Basic,11,Yes,TEXTAREA,IIRM India
18559,Plate Glass Insurance,All fixed plate glasses on the insured premises,Basic,12,Yes,TEXTAREA,IIRM India
18559,Plate Glass Insurance,"Including frames, designer glass, works",Basic,13,Yes,TEXTAREA,IIRM India
18559,Plate Glass Insurance,Terrorism,Basic,14,Yes,TEXTAREA,IIRM India
18559,Plate Glass Insurance,Other terms & covers,Basic,15,Yes,TEXTAREA,IIRM India
18559,Plate Glass Insurance,Excess/Deductibles,Basic,16,Yes,TEXTAREA,IIRM India
20892,Plate Glass Insurance,,,,,,
18575,Port Package Insurance,Marine + Liability + Property,Basic,1,Yes,TEXTAREA,IIRM India
18575,Port Package Insurance,Others,Asset,2,No,TEXTAREA,IIRM India
20678,Port Package Insurance,,,,,,
18562,Pradhan Mantri Fasal Bima Yojana (PMFBY) Crop Insurance,Agriculture / Crop,Basic,1,Yes,TEXTAREA,IIRM India
18562,Pradhan Mantri Fasal Bima Yojana (PMFBY) Crop Insurance,Others,Asset,2,No,TEXTAREA,IIRM India
20895,Pradhan Mantri Fasal Bima Yojana (PMFBY) Crop Insurance,,,,,,
18552,Private Car Insurance – Electric Vehicle,Motor – Private Car EV,Basic,1,Yes,TEXTAREA,IIRM India
18552,Private Car Insurance – Electric Vehicle,Others,Asset,2,No,TEXTAREA,IIRM India
20886,Private Car Insurance – Electric Vehicle,,,,,,
30025,Product Lability,Sum Insured,Asset,5,Yes,TEXT,IIRM Sri Lanka
30025,Product Lability,Products Covered,Asset,6,Yes,TEXT,IIRM Sri Lanka
30025,Product Lability,Claims Trigger,Asset,7,Yes,TEXT,IIRM Sri Lanka
30025,Product Lability,Policy Territory,Asset,8,Yes,TEXT,IIRM Sri Lanka
30025,Product Lability,Jurisdiction,Asset,9,Yes,TEXT,IIRM Sri Lanka
30025,Product Lability,Retroactive Date,Asset,10,Yes,TEXT,IIRM Sri Lanka
30025,Product Lability,Scope of Cover,Asset,11,Yes,TEXT,IIRM Sri Lanka
30025,Product Lability,"Legal liability to pay as compensation in respect of Personal Injury, and/or Property Damage; and/or Advertising Injury  arising from any defect in the Insured's products.",Basic,12,Yes,TEXTAREA,IIRM Sri Lanka
30025,Product Lability,Extensions,Asset,13,Yes,TEXT,IIRM Sri Lanka
30025,Product Lability,Product Recall expences,Basic,14,Yes,TEXTAREA,IIRM Sri Lanka
30025,Product Lability,Excess/ Deductibles,Asset,15,Yes,TEXT,IIRM Sri Lanka
30025,Product Lability,Deductibles,Basic,16,Yes,TEXTAREA,IIRM Sri Lanka
30025,Product Lability,Premium LKR,Asset,17,Yes,TEXT,IIRM Sri Lanka
30025,Product Lability,Premium excl. taxes,Basic,18,Yes,TEXTAREA,IIRM Sri Lanka
30025,Product Lability,Premium including Taxes,Basic,19,Yes,TEXTAREA,IIRM Sri Lanka
30025,Product Lability,Warranties,Basic,20,Yes,TEXTAREA,IIRM Sri Lanka
30025,Product Lability,Conditions,Basic,21,Yes,TEXTAREA,IIRM Sri Lanka
30025,Product Lability,Exclusions,Basic,22,Yes,TEXTAREA,IIRM Sri Lanka
30025,Product Lability,Subjectivities,Basic,23,Yes,TEXTAREA,IIRM Sri Lanka
15092,Product Liability Insurance,Other terms & coverages,Basic,1,Yes,TEXTAREA,IIRM India
15092,Product Liability Insurance,Others,Asset,3,No,TEXTAREA,IIRM India
30026,Professional Indemnity,Occupation of the insured,Asset,3,Yes,TEXT,IIRM Sri Lanka
30026,Professional Indemnity,Territorial Scope,Asset,5,Yes,TEXT,IIRM Sri Lanka
30026,Professional Indemnity,Jurisdiction,Asset,6,Yes,TEXT,IIRM Sri Lanka
30026,Professional Indemnity,Retroactive Date,Asset,7,Yes,TEXT,IIRM Sri Lanka
30026,Professional Indemnity,Claims Trigger :,Asset,8,Yes,TEXT,IIRM Sri Lanka
30026,Professional Indemnity,Limit of Liability,Asset,9,Yes,TEXT,IIRM Sri Lanka
30026,Professional Indemnity,Per Event & in the aggrege,Basic,10,Yes,TEXTAREA,IIRM Sri Lanka
30026,Professional Indemnity,Scope of Cover,Asset,11,Yes,TEXT,IIRM Sri Lanka
30026,Professional Indemnity,The Insurer will indemnify the Insured against all sums which the Insured shall become legally liable to pay as compensation in respect of any claim first made against the Insured during the Policy Period arising out of the Insured's Professional Services rendered or failure to render Professional Services,Basic,12,Yes,TEXTAREA,IIRM Sri Lanka
30026,Professional Indemnity,Extensions,Asset,13,Yes,TEXT,IIRM Sri Lanka
30026,Professional Indemnity,Loss of Documents Extension,Basic,14,Yes,TEXTAREA,IIRM Sri Lanka
30026,Professional Indemnity,Defamation Extension,Basic,15,Yes,TEXTAREA,IIRM Sri Lanka
30026,Professional Indemnity,Vicarious Liability cover,Basic,16,Yes,TEXTAREA,IIRM Sri Lanka
30026,Professional Indemnity,Principal’s Indemnity Extension,Basic,17,Yes,TEXTAREA,IIRM Sri Lanka
30026,Professional Indemnity,Loss Rectification & Mitigation,Basic,18,Yes,TEXTAREA,IIRM Sri Lanka
30026,Professional Indemnity,Intellectual Property Rights,Basic,19,Yes,TEXTAREA,IIRM Sri Lanka
30026,Professional Indemnity,Fraud and Dishonestly Extension,Basic,20,Yes,TEXTAREA,IIRM Sri Lanka
30026,Professional Indemnity,Professional Inquiries,Basic,21,Yes,TEXTAREA,IIRM Sri Lanka
30026,Professional Indemnity,Pollution,Basic,22,Yes,TEXTAREA,IIRM Sri Lanka
30026,Professional Indemnity,Consequential Loss,Basic,23,Yes,TEXTAREA,IIRM Sri Lanka
30026,Professional Indemnity,Pure Economic Loss,Basic,24,Yes,TEXTAREA,IIRM Sri Lanka
30026,Professional Indemnity,Estate & Legal Representative,Basic,25,Yes,TEXTAREA,IIRM Sri Lanka
30026,Professional Indemnity,Waiver of subrogation against Principal,Basic,26,Yes,TEXTAREA,IIRM Sri Lanka
30026,Professional Indemnity,Premium LKR,Asset,27,Yes,TEXT,IIRM Sri Lanka
30026,Professional Indemnity,Excluding Taxes,Basic,28,Yes,TEXTAREA,IIRM Sri Lanka
30026,Professional Indemnity,Including Taxes,Basic,29,Yes,TEXTAREA,IIRM Sri Lanka
30026,Professional Indemnity,Retention,Asset,30,Yes,TEXT,IIRM Sri Lanka
30026,Professional Indemnity,Each & ever Claim,Basic,31,Yes,TEXTAREA,IIRM Sri Lanka
30026,Professional Indemnity,Conditions,Asset,32,Yes,TEXT,IIRM Sri Lanka
30026,Professional Indemnity,Conditions,Basic,33,Yes,TEXTAREA,IIRM Sri Lanka
18556,Professional Indemnity Insurance (PI),Name of the Insured,Asset,1,Yes,TEXTAREA,IIRM India
18556,Professional Indemnity Insurance (PI),Communication  Address,Asset,2,Yes,TEXTAREA,IIRM India
18556,Professional Indemnity Insurance (PI),Occupancy Description,Asset,3,Yes,TEXTAREA,IIRM India
18556,Professional Indemnity Insurance (PI),Location of Risk,Asset,4,Yes,TEXTAREA,IIRM India
18556,Professional Indemnity Insurance (PI),Claims History,Asset,5,Yes,TEXTAREA,IIRM India
18556,Professional Indemnity Insurance (PI),Expiring Insurer & Policy No.,Asset,6,Yes,TEXTAREA,IIRM India
18556,Professional Indemnity Insurance (PI),Expiring Policy Period,Asset,7,Yes,TEXTAREA,IIRM India
18556,Professional Indemnity Insurance (PI),Renewal Policy Period,Asset,8,Yes,TEXTAREA,IIRM India
18556,Professional Indemnity Insurance (PI),Expiring Policy Premium,Asset,9,Yes,TEXTAREA,IIRM India
18556,Professional Indemnity Insurance (PI),Policy Type (Claims-Made Basis or Occurrence-Based),Asset,10,Yes,TEXTAREA,IIRM India
18556,Professional Indemnity Insurance (PI),Territory,Asset,11,Yes,TEXTAREA,IIRM India
18556,Professional Indemnity Insurance (PI),Jurisdiction,Asset,12,Yes,TEXTAREA,IIRM India
18556,Professional Indemnity Insurance (PI),Retroactive Date,Asset,13,Yes,TEXTAREA,IIRM India
18556,Professional Indemnity Insurance (PI),Limit of Liability/Indemnity,Asset,14,Yes,TEXTAREA,IIRM India
18556,Professional Indemnity Insurance (PI),Limit Any One Accident: Limit Any One Year (AOA:AOY),Asset,15,Yes,TEXTAREA,IIRM India
18556,Professional Indemnity Insurance (PI),Professional Liability,Basic,16,Yes,TEXTAREA,IIRM India
18556,Professional Indemnity Insurance (PI),Technological Products,Basic,17,Yes,TEXTAREA,IIRM India
18556,Professional Indemnity Insurance (PI),Libel and Slander,Basic,18,Yes,TEXTAREA,IIRM India
18556,Professional Indemnity Insurance (PI),Breach of Confidentiality,Basic,19,Yes,TEXTAREA,IIRM India
18556,Professional Indemnity Insurance (PI),"Consultants, Sub-contractors and Agents",Basic,20,Yes,TEXTAREA,IIRM India
18556,Professional Indemnity Insurance (PI),Cross Liability Clause,Basic,21,Yes,TEXTAREA,IIRM India
18556,Professional Indemnity Insurance (PI),Inadvertent Negligence,Basic,22,Yes,TEXTAREA,IIRM India
18556,Professional Indemnity Insurance (PI),Right to Defend,Basic,23,Yes,TEXTAREA,IIRM India
18556,Professional Indemnity Insurance (PI),Risk Locations,Basic,24,Yes,TEXTAREA,IIRM India
18556,Professional Indemnity Insurance (PI),Defense Costs,Basic,25,Yes,TEXTAREA,IIRM India
18556,Professional Indemnity Insurance (PI),Additional Insured / Certificate of insurance,Basic,26,Yes,TEXTAREA,IIRM India
18556,Professional Indemnity Insurance (PI),Outgoing Principals,Basic,27,Yes,TEXTAREA,IIRM India
18556,Professional Indemnity Insurance (PI),Intellectual Property Rights,Basic,28,Yes,TEXTAREA,IIRM India
18556,Professional Indemnity Insurance (PI),Auto Acquisition Threshold,Basic,29,Yes,TEXTAREA,IIRM India
18556,Professional Indemnity Insurance (PI),Discovery Period,Basic,30,Yes,TEXTAREA,IIRM India
18556,Professional Indemnity Insurance (PI),Loss of data,Basic,31,Yes,TEXTAREA,IIRM India
18556,Professional Indemnity Insurance (PI),Joint Ventures,Basic,32,Yes,TEXTAREA,IIRM India
18556,Professional Indemnity Insurance (PI),"Consultants, Sub-contractors and Agents",Basic,33,Yes,TEXTAREA,IIRM India
18556,Professional Indemnity Insurance (PI),Costs Inclusive Clause,Basic,34,Yes,TEXTAREA,IIRM India
18556,Professional Indemnity Insurance (PI),Defence costs on actuals,Basic,35,Yes,TEXTAREA,IIRM India
18556,Professional Indemnity Insurance (PI),Professional Negligence,Basic,36,Yes,TEXTAREA,IIRM India
18556,Professional Indemnity Insurance (PI),Breach of Intellectual Property,Basic,37,Yes,TEXTAREA,IIRM India
18556,Professional Indemnity Insurance (PI),Defamation including libel and slander,Basic,38,Yes,TEXTAREA,IIRM India
18556,Professional Indemnity Insurance (PI),Loss of documents / computer records including loss caused to computer records by virus and recreation/ replacement cost of documents and /or Computer Records,Basic,39,Yes,TEXTAREA,IIRM India
18556,Professional Indemnity Insurance (PI),Advancement of defense costs cover,Basic,40,Yes,TEXTAREA,IIRM India
18556,Professional Indemnity Insurance (PI),Emergency costs advancement,Basic,41,Yes,TEXTAREA,IIRM India
18556,Professional Indemnity Insurance (PI),Legal representation costs cover,Basic,42,Yes,TEXTAREA,IIRM India
18556,Professional Indemnity Insurance (PI),Vicarious liability,Basic,43,Yes,TEXTAREA,IIRM India
18556,Professional Indemnity Insurance (PI),Loss rectification and mitigation expenses,Basic,44,Yes,TEXTAREA,IIRM India
18556,Professional Indemnity Insurance (PI),Unauthorised Access cover,Basic,45,Yes,TEXTAREA,IIRM India
18556,Professional Indemnity Insurance (PI),"Fraud and dishonesty of own employees, employees of contactors , sub contractors or outsourced employees",Basic,46,Yes,TEXTAREA,IIRM India
18556,Professional Indemnity Insurance (PI),Professional inquiries,Basic,47,Yes,TEXTAREA,IIRM India
18556,Professional Indemnity Insurance (PI),Pollution including cleanup cost,Basic,48,Yes,TEXTAREA,IIRM India
18556,Professional Indemnity Insurance (PI),Consequential losses.,Basic,49,Yes,TEXTAREA,IIRM India
18556,Professional Indemnity Insurance (PI),Fines and penalties including exemplary fines & Penalties.,Basic,50,Yes,TEXTAREA,IIRM India
18556,Professional Indemnity Insurance (PI),Court attendance expenses,Basic,51,Yes,TEXTAREA,IIRM India
18556,Professional Indemnity Insurance (PI),Personal & Advertising Liability.,Basic,52,Yes,TEXTAREA,IIRM India
18556,Professional Indemnity Insurance (PI),Investigation Cost.,Basic,53,Yes,TEXTAREA,IIRM India
18556,Professional Indemnity Insurance (PI),"Additional Insured, wherever required by contract",Basic,54,Yes,TEXTAREA,IIRM India
18556,Professional Indemnity Insurance (PI),Defamation including libel and slander,Basic,55,Yes,TEXTAREA,IIRM India
18556,Professional Indemnity Insurance (PI),"Waiver of subrogation, wherever required by contract",Basic,56,Yes,TEXTAREA,IIRM India
18556,Professional Indemnity Insurance (PI),Control Group clause,Basic,57,Yes,TEXTAREA,IIRM India
18556,Professional Indemnity Insurance (PI),Non cancellation clause,Basic,58,Yes,TEXTAREA,IIRM India
18556,Professional Indemnity Insurance (PI),Outstanding fees cover,Basic,59,Yes,TEXTAREA,IIRM India
18556,Professional Indemnity Insurance (PI),Other terms & covers,Basic,60,Yes,TEXTAREA,IIRM India
18556,Professional Indemnity Insurance (PI),Excess/Deductibles,Basic,61,Yes,TEXTAREA,IIRM India
20889,Professional Indemnity Insurance (PI),,,,,,
30027,Property All Risk,Business Occupation  :,Asset,2,Yes,TEXT,IIRM Sri Lanka
30027,Property All Risk,Risk Location 1,Asset,5,Yes,TEXTAREA,IIRM Sri Lanka
30027,Property All Risk,Occupation,Asset,6,Yes,TEXTAREA,IIRM Sri Lanka
30027,Property All Risk,Description,Asset,7,Yes,TEXT,IIRM Sri Lanka
30027,Property All Risk,Risk Location 1 description,Asset,8,Yes,TEXTAREA,IIRM Sri Lanka
30027,Property All Risk,Total Sum Insured of Location,Asset,9,Yes,TEXT,IIRM Sri Lanka
30027,Property All Risk,Risk Location 2,Asset,10,Yes,TEXTAREA,IIRM Sri Lanka
30027,Property All Risk,Occupation,Asset,11,Yes,TEXTAREA,IIRM Sri Lanka
30027,Property All Risk,Description,Asset,12,Yes,TEXT,IIRM Sri Lanka
30027,Property All Risk,Risk Location 2 description,Asset,13,Yes,TEXTAREA,IIRM Sri Lanka
30027,Property All Risk,Total Sum Insured of Location,Asset,14,Yes,TEXT,IIRM Sri Lanka
30027,Property All Risk,Grand Total - All Locations,Asset,15,Yes,TEXTAREA,IIRM Sri Lanka
30027,Property All Risk,Scope of Cover,Asset,16,Yes,TEXT,IIRM Sri Lanka
30027,Property All Risk,All risks of direct physical loss and / or damage as more specifically described in the Property All Risks ABI Wording.,Basic,17,Yes,TEXTAREA,IIRM Sri Lanka
30027,Property All Risk,Burglary (Hold Up/ Forcible entry/Exist),Basic,18,Yes,TEXTAREA,IIRM Sri Lanka
30027,Property All Risk,Extensions,Asset,19,Yes,TEXT,IIRM Sri Lanka
30027,Property All Risk,Riot & Strike,Basic,20,Yes,TEXTAREA,IIRM Sri Lanka
30027,Property All Risk,Terrorism,Basic,21,Yes,TEXTAREA,IIRM Sri Lanka
30027,Property All Risk,Theft,Basic,22,Yes,TEXTAREA,IIRM Sri Lanka
30027,Property All Risk,Machinery Breakdown,Basic,23,Yes,TEXTAREA,IIRM Sri Lanka
30027,Property All Risk,Boiler Explosion/  Implosion & collapse,Basic,24,Yes,TEXTAREA,IIRM Sri Lanka
30027,Property All Risk,Loss or damage to Plate/ Fixed Glass,Basic,25,Yes,TEXTAREA,IIRM Sri Lanka
30027,Property All Risk,Electrical Inclusion with Burn/ Fire Marks,Basic,26,Yes,TEXTAREA,IIRM Sri Lanka
30027,Property All Risk,Electrical Inclusion without Burn/ Fire Marks,Basic,27,Yes,TEXTAREA,IIRM Sri Lanka
30027,Property All Risk,"Loss or damage due to Fire & Explosion Resulting from Construction, Installation, Renovations, Dismantling of plant & machinery",Basic,28,Yes,TEXTAREA,IIRM Sri Lanka
30027,Property All Risk,Loss or damage due to Landslide & Subsidence,Basic,29,Yes,TEXTAREA,IIRM Sri Lanka
30027,Property All Risk,"Loss or Damage due to Goods in open due to Cyclone, Storm,Tempest,Flood, Earthquake and other Natural Perils (including Name Board, Canopy , Lamppost Etc.)",Basic,30,Yes,TEXTAREA,IIRM Sri Lanka
30027,Property All Risk,Additional Clause,Basic,31,Yes,TEXT,IIRM Sri Lanka
30027,Property All Risk,All other contents,Basic,32,Yes,TEXTAREA,IIRM Sri Lanka
30027,Property All Risk,Alterations & Repairs,Basic,33,Yes,TEXTAREA,IIRM Sri Lanka
30027,Property All Risk,Appraisement,Basic,34,Yes,TEXTAREA,IIRM Sri Lanka
30027,Property All Risk,Architects’ & Surveyors’ & Consultant Engineers Fees,Basic,35,Yes,TEXTAREA,IIRM Sri Lanka
30027,Property All Risk,Automatic Reinstatement of the Sum Insured,Basic,36,Yes,TEXTAREA,IIRM Sri Lanka
30027,Property All Risk,Average relief Clause,Basic,37,Yes,TEXTAREA,IIRM Sri Lanka
30027,Property All Risk,Brand & Label,Basic,38,Yes,TEXTAREA,IIRM Sri Lanka
30027,Property All Risk,Breach of Condition,Basic,39,Yes,TEXTAREA,IIRM Sri Lanka
30027,Property All Risk,Capital Addition,Basic,40,Yes,TEXTAREA,IIRM Sri Lanka
30027,Property All Risk,Civil Authorities,Basic,41,Yes,TEXTAREA,IIRM Sri Lanka
30027,Property All Risk,Contract price,Basic,42,Yes,TEXTAREA,IIRM Sri Lanka
30027,Property All Risk,Cost of re erection,Basic,43,Yes,TEXTAREA,IIRM Sri Lanka
30027,Property All Risk,Cost of recompiling records and claims preparation,Basic,44,Yes,TEXTAREA,IIRM Sri Lanka
30027,Property All Risk,Customer Goods,Basic,45,Yes,TEXTAREA,IIRM Sri Lanka
30027,Property All Risk,Description of property insured,Basic,46,Yes,TEXTAREA,IIRM Sri Lanka
30027,Property All Risk,Designation of the Property,Basic,47,Yes,TEXTAREA,IIRM Sri Lanka
30027,Property All Risk,Errors & Omissions,Basic,48,Yes,TEXTAREA,IIRM Sri Lanka
30027,Property All Risk,Escalation,Basic,49,Yes,TEXTAREA,IIRM Sri Lanka
30027,Property All Risk,Expediting Expenses (Inc. Air Freight),Basic,50,Yes,TEXTAREA,IIRM Sri Lanka
30027,Property All Risk,Fire Brigade Clause,Basic,51,Yes,TEXTAREA,IIRM Sri Lanka
30027,Property All Risk,Fire Extinguishing Cost,Basic,52,Yes,TEXTAREA,IIRM Sri Lanka
30027,Property All Risk,Hazardous Goods,Basic,53,Yes,TEXTAREA,IIRM Sri Lanka
30027,Property All Risk,Heating & Power,Basic,54,Yes,TEXTAREA,IIRM Sri Lanka
30027,Property All Risk,Internal Removal,Basic,55,Yes,TEXTAREA,IIRM Sri Lanka
30027,Property All Risk,Involuntary betterment Clause,Basic,56,Yes,TEXTAREA,IIRM Sri Lanka
30027,Property All Risk,Loss Notification,Basic,57,Yes,TEXTAREA,IIRM Sri Lanka
30027,Property All Risk,Loss of rent and Alternative Accommodation,Basic,58,Yes,TEXTAREA,IIRM Sri Lanka
30027,Property All Risk,Minor Alteration,Basic,59,Yes,TEXTAREA,IIRM Sri Lanka
30027,Property All Risk,Misdescription,Basic,60,Yes,TEXTAREA,IIRM Sri Lanka
30027,Property All Risk,Nominated Loss Adjuster,Basic,61,Yes,TEXTAREA,IIRM Sri Lanka
30027,Property All Risk,Non-invalidation,Basic,62,Yes,TEXTAREA,IIRM Sri Lanka
30027,Property All Risk,"Out Buildings including Fences, Compound walls, Roads & Electrical Installation",Basic,63,Yes,TEXTAREA,IIRM Sri Lanka
30027,Property All Risk,Payment on account clause,Basic,64,Yes,TEXTAREA,IIRM Sri Lanka
30027,Property All Risk,Premises,Basic,65,Yes,TEXTAREA,IIRM Sri Lanka
30027,Property All Risk,Property temporary removed/  stored,Basic,66,Yes,TEXTAREA,IIRM Sri Lanka
30027,Property All Risk,Public Authorities,Basic,67,Yes,TEXTAREA,IIRM Sri Lanka
30027,Property All Risk,Removal of Debris (excl. SRCC & TC),Basic,68,Yes,TEXTAREA,IIRM Sri Lanka
30027,Property All Risk,Services & utilities (Inc. Under Ground Property),Basic,69,Yes,TEXTAREA,IIRM Sri Lanka
30027,Property All Risk,Smoke damage,Basic,70,Yes,TEXTAREA,IIRM Sri Lanka
30027,Property All Risk,Sprinkler Leakage,Basic,71,Yes,TEXTAREA,IIRM Sri Lanka
30027,Property All Risk,Temporary Removal,Basic,72,Yes,TEXTAREA,IIRM Sri Lanka
30027,Property All Risk,Vehicle Load,Basic,73,Yes,TEXTAREA,IIRM Sri Lanka
30027,Property All Risk,Deductibles/ Excess,Basic,74,Yes,TEXTAREA,IIRM Sri Lanka
30027,Property All Risk,Riot & Strike & Civil Commotion,Basic,75,Yes,TEXTAREA,IIRM Sri Lanka
30027,Property All Risk,Terrorism,Basic,76,Yes,TEXTAREA,IIRM Sri Lanka
30027,Property All Risk,All other claims,Basic,77,Yes,TEXTAREA,IIRM Sri Lanka
30027,Property All Risk,Premium LKR,Basic,78,Yes,TEXT,IIRM Sri Lanka
30027,Property All Risk,Basic,Asset,79,Yes,TEXTAREA,IIRM Sri Lanka
30027,Property All Risk,Riot & Strike & Civil Commotion,Asset,80,Yes,TEXTAREA,IIRM Sri Lanka
30027,Property All Risk,Terrorism,Asset,81,Yes,TEXTAREA,IIRM Sri Lanka
30027,Property All Risk,Premium Exc. Taxes,Asset,82,Yes,TEXTAREA,IIRM Sri Lanka
30027,Property All Risk,Premium including Taxes,Asset,83,Yes,TEXTAREA,IIRM Sri Lanka
30027,Property All Risk,Warranties,Basic,84,Yes,TEXTAREA,IIRM Sri Lanka
30027,Property All Risk,Conditions,Basic,85,Yes,TEXTAREA,IIRM Sri Lanka
30027,Property All Risk,Exclusions,Basic,86,Yes,TEXTAREA,IIRM Sri Lanka
30027,Property All Risk,Subjectivities,Basic,87,Yes,TEXTAREA,IIRM Sri Lanka
30027,Property All Risk,Past Claims,Basic,88,Yes,TEXTAREA,IIRM Sri Lanka
30028,Public Lability,Risk Loaction,Asset,4,Yes,TEXT,IIRM Sri Lanka
30028,Public Lability,Limit of Liability,Asset,5,Yes,TEXT,IIRM Sri Lanka
30028,Public Lability,Per Event & in aggregate,Asset,6,Yes,TEXTAREA,IIRM Sri Lanka
30028,Public Lability,Scope of Cover,Asset,7,Yes,TEXT,IIRM Sri Lanka
30028,Public Lability,Insured's legal liability to third party property damage and third party death & bodily injury in connection with the business carried out at the insured's business premises,Basic,8,Yes,TEXTAREA,IIRM Sri Lanka
30028,Public Lability,Additional Covers,Asset,9,Yes,TEXT,IIRM Sri Lanka
30028,Public Lability,Car Park Liability,Basic,10,Yes,TEXTAREA,IIRM Sri Lanka
30028,Public Lability,Cross Liability,Basic,11,Yes,TEXTAREA,IIRM Sri Lanka
30028,Public Lability,Defective sanitary Arrangements,Basic,12,Yes,TEXTAREA,IIRM Sri Lanka
30028,Public Lability,Fire and Explosion,Basic,13,Yes,TEXTAREA,IIRM Sri Lanka
30028,Public Lability,Food & Drink Poisoning,Basic,14,Yes,TEXTAREA,IIRM Sri Lanka
30028,Public Lability,Land Lord’s Liability,Basic,15,Yes,TEXTAREA,IIRM Sri Lanka
30028,Public Lability,Tenants Liability,Basic,16,Yes,TEXTAREA,IIRM Sri Lanka
30028,Public Lability,Loading And Unloading of Vehicles,Basic,17,Yes,TEXTAREA,IIRM Sri Lanka
30028,Public Lability,Neon/ Advertising Signs Boards,Basic,18,Yes,TEXTAREA,IIRM Sri Lanka
30028,Public Lability,Repairs and Alterations,Basic,19,Yes,TEXTAREA,IIRM Sri Lanka
30028,Public Lability,Use of Lift & Elevators,Basic,20,Yes,TEXTAREA,IIRM Sri Lanka
30028,Public Lability,Use of Plant & Machinery,Basic,21,Yes,TEXTAREA,IIRM Sri Lanka
30028,Public Lability,Outside Catering,Basic,22,Yes,TEXTAREA,IIRM Sri Lanka
30028,Public Lability,Fire Brigade and Water Damage,Basic,23,Yes,TEXTAREA,IIRM Sri Lanka
30028,Public Lability,Sudden and Accidental Pollutions (72 hours),Basic,24,Yes,TEXTAREA,IIRM Sri Lanka
30028,Public Lability,Vendors Extension,Basic,25,Yes,TEXTAREA,IIRM Sri Lanka
30028,Public Lability,Loss of Customer Belongings Due to Burglary / Hold up in the Location,Basic,26,Yes,TEXTAREA,IIRM Sri Lanka
30028,Public Lability,"Cover for Goods in the care, Custody and Control of the Insured (When customers hand over their belongings to insured locations security points any losses arise to the customers belongings)",Basic,27,Yes,TEXTAREA,IIRM Sri Lanka
30028,Public Lability,Valet Parking Liability,Basic,28,Yes,TEXTAREA,IIRM Sri Lanka
30028,Public Lability,Swimming Pool Liability,Basic,29,Yes,TEXTAREA,IIRM Sri Lanka
30028,Public Lability,First Aid Treatment Liability,Basic,30,Yes,TEXTAREA,IIRM Sri Lanka
30028,Public Lability,Act of God,Basic,31,Yes,TEXTAREA,IIRM Sri Lanka
30028,Public Lability,Personal & Advertising Injury caused to others,Basic,32,Yes,TEXTAREA,IIRM Sri Lanka
30028,Public Lability,Out Door Activities Liability,Basic,33,Yes,TEXTAREA,IIRM Sri Lanka
30028,Public Lability,Liability arising out of animal/insect reptile bites or attackes within the insured's premises,Basic,34,Yes,TEXTAREA,IIRM Sri Lanka
30028,Public Lability,Deductibles,Asset,35,Yes,TEXT,IIRM Sri Lanka
30028,Public Lability,Deductibles,Basic,36,Yes,TEXTAREA,IIRM Sri Lanka
30028,Public Lability,Premium LKR,Asset,37,Yes,TEXT,IIRM Sri Lanka
30028,Public Lability,Excluding Taxes,Asset,38,Yes,TEXTAREA,IIRM Sri Lanka
30028,Public Lability,Including Taxes,Asset,39,Yes,TEXTAREA,IIRM Sri Lanka
30028,Public Lability,Warranties,Basic,40,Yes,TEXTAREA,IIRM Sri Lanka
30028,Public Lability,Conditions,Basic,41,Yes,TEXTAREA,IIRM Sri Lanka
30028,Public Lability,Exclusions,Basic,42,Yes,TEXTAREA,IIRM Sri Lanka
30028,Public Lability,Subjectivities,Basic,43,Yes,TEXTAREA,IIRM Sri Lanka
15073,Public Liability Insurance,Territory,Basic,1,yes,TEXTAREA,IIRM India
15073,Public Liability Insurance,Jurisdiction,Basic,2,yes,TEXTAREA,IIRM India
15073,Public Liability Insurance,Risk Location,Asset,3,yes,TEXTAREA,IIRM India
15073,Public Liability Insurance,Business Description,Asset,4,yes,TEXTAREA,IIRM India
15073,Public Liability Insurance,Indemnity Limit,Basic,5,yes,TEXT,IIRM India
15073,Public Liability Insurance,AOA : AOY,Basic,6,yes,TEXT,IIRM India
15073,Public Liability Insurance,Defense cost within the limit of indemnity,Basic,7,yes,TEXT,IIRM India
15073,Public Liability Insurance,Right to defend,Basic,8,yes,TEXT,IIRM India
15073,Public Liability Insurance,Medical Expense Limit,Add On,9,yes,TEXT,IIRM India
15073,Public Liability Insurance,Fire Damage Limit,Add On,10,yes,TEXT,IIRM India
15073,Public Liability Insurance,Cross Liability,Basic,11,yes,TEXTAREA,IIRM India
15073,Public Liability Insurance,Lift Liability,Basic,12,yes,TEXTAREA,IIRM India
15073,Public Liability Insurance,Liability arising out of the work being done by subcontractor/contractor on behalf of the Insured,Basic,13,yes,TEXTAREA,IIRM India
15073,Public Liability Insurance,"Legal liability for BI/PD arising out of Employee engagement, Marketing and promotional activities conducted by the insured during the policy period",Basic,14,yes,TEXTAREA,IIRM India
15073,Public Liability Insurance,Liability arising out of minor civil works,Basic,15,yes,TEXT,IIRM India
15073,Public Liability Insurance,"Personal Property under Care, Custody and Control Cover",Basic,16,yes,TEXT,IIRM India
15073,Public Liability Insurance,BIPD,Basic,17,yes,TEXT,IIRM India
15073,Public Liability Insurance,Designated premises cover,Basic,18,yes,TEXT,IIRM India
15073,Public Liability Insurance,Extended claim reporting period,Add On,19,yes,TEXT,IIRM India
15073,Public Liability Insurance,Additional insured & Waiver for subrogation,Add On,20,yes,TEXT,IIRM India
15073,Public Liability Insurance,72 hours sudden and accident pollution,Basic,21,yes,TEXTAREA,IIRM India
15073,Public Liability Insurance,Liability arising out of AOG peril,Basic,22,yes,TEXTAREA,IIRM India
15073,Public Liability Insurance,Food Beverage Extension,Basic,23,yes,TEXTAREA,IIRM India
15073,Public Liability Insurance,Waiver of Subrogation,Basic,24,yes,TEXTAREA,IIRM India
15073,Public Liability Insurance,Transport Extension,Basic,25,yes,TEXT,IIRM India
15073,Public Liability Insurance,Terrorism Extension,Basic,26,yes,TEXT,IIRM India
15073,Public Liability Insurance,Basis of claim,Basic,27,yes,TEXT,IIRM India
15073,Public Liability Insurance,Claims History,Asset,28,yes,TEXT,IIRM India
15073,Public Liability Insurance,Deductibles/Excess,Asset,29,yes,TEXT,IIRM India
15073,Public Liability Insurance,Other Terms & Conditions,Add On,30,yes,TEXT,IIRM India
18541,Public Liability Insurance – Industrial,Other terms & coverages,Basic,1,Yes,TEXTAREA,IIRM India
18541,Public Liability Insurance – Industrial,Others,Asset,3,No,TEXTAREA,IIRM India
20876,Public Liability Insurance – Industrial,,,,,,
18574,Public Liability Insurance – Non-Industrial,Territory,Basic,1,yes,TEXTAREA,IIRM India
18574,Public Liability Insurance – Non-Industrial,Jurisdiction,Basic,2,yes,TEXTAREA,IIRM India
18574,Public Liability Insurance – Non-Industrial,Risk Location,Asset,3,yes,TEXTAREA,IIRM India
18574,Public Liability Insurance – Non-Industrial,Business Description,Asset,4,yes,TEXTAREA,IIRM India
18574,Public Liability Insurance – Non-Industrial,Indemnity Limit,Basic,5,yes,TEXT,IIRM India
18574,Public Liability Insurance – Non-Industrial,AOA : AOY,Basic,6,yes,TEXT,IIRM India
18574,Public Liability Insurance – Non-Industrial,Defense cost within the limit of indemnity,Basic,7,yes,TEXT,IIRM India
18574,Public Liability Insurance – Non-Industrial,Right to defend,Basic,8,yes,TEXT,IIRM India
18574,Public Liability Insurance – Non-Industrial,Medical Expense Limit,Add On,9,yes,TEXT,IIRM India
18574,Public Liability Insurance – Non-Industrial,Fire Damage Limit,Add On,10,yes,TEXT,IIRM India
18574,Public Liability Insurance – Non-Industrial,Cross Liability,Basic,11,yes,TEXTAREA,IIRM India
18574,Public Liability Insurance – Non-Industrial,Lift Liability,Basic,12,yes,TEXTAREA,IIRM India
18574,Public Liability Insurance – Non-Industrial,Liability arising out of the work being done by subcontractor/contractor on behalf of the Insured,Basic,13,yes,TEXTAREA,IIRM India
18574,Public Liability Insurance – Non-Industrial,"Legal liability for BI/PD arising out of Employee engagement, Marketing and promotional activities conducted by the insured during the policy period",Basic,14,yes,TEXTAREA,IIRM India
18574,Public Liability Insurance – Non-Industrial,Liability arising out of minor civil works,Basic,15,yes,TEXT,IIRM India
18574,Public Liability Insurance – Non-Industrial,"Personal Property under Care, Custody and Control Cover",Basic,16,yes,TEXT,IIRM India
18574,Public Liability Insurance – Non-Industrial,BIPD,Basic,17,yes,TEXT,IIRM India
18574,Public Liability Insurance – Non-Industrial,Designated premises cover,Basic,18,yes,TEXT,IIRM India
18574,Public Liability Insurance – Non-Industrial,Extended claim reporting period,Add On,19,yes,TEXT,IIRM India
18574,Public Liability Insurance – Non-Industrial,Additional insured & Waiver for subrogation,Add On,20,yes,TEXT,IIRM India
18574,Public Liability Insurance – Non-Industrial,72 hours sudden and accident pollution,Basic,21,yes,TEXTAREA,IIRM India
18574,Public Liability Insurance – Non-Industrial,Liability arising out of AOG peril,Basic,22,yes,TEXTAREA,IIRM India
18574,Public Liability Insurance – Non-Industrial,Food Beverage Extension,Basic,23,yes,TEXTAREA,IIRM India
18574,Public Liability Insurance – Non-Industrial,Waiver of Subrogation,Basic,24,yes,TEXTAREA,IIRM India
18574,Public Liability Insurance – Non-Industrial,Transport Extension,Basic,25,yes,TEXT,IIRM India
18574,Public Liability Insurance – Non-Industrial,Terrorism Extension,Basic,26,yes,TEXT,IIRM India
18574,Public Liability Insurance – Non-Industrial,Basis of claim,Basic,27,yes,TEXT,IIRM India
18574,Public Liability Insurance – Non-Industrial,Claims History,Asset,28,yes,TEXT,IIRM India
18574,Public Liability Insurance – Non-Industrial,Deductibles/Excess,Asset,29,yes,TEXT,IIRM India
18574,Public Liability Insurance – Non-Industrial,Other Terms & Conditions,Add On,30,yes,TEXT,IIRM India
20907,Public Liability Insurance – Non-Industrial,,,,,,
15031,Public Offer Securities Insurance (POSI),Liability – Financial Lines / D&O,Basic,1,Yes,TEXTAREA,IIRM India
15031,Public Offer Securities Insurance (POSI),Others,Asset,2,No,TEXTAREA,IIRM India
20772,Public_Liability_Insurance_-_Act,,,,,,
19030,Reinsurance,,,,,,
19040,Reinsurance,,,,,,
15164,Reinsurance Agriculture Stop Loss Treaty,Reinsurance – Agriculture Stop Loss,Basic,1,Yes,TEXTAREA,IIRM India
15164,Reinsurance Agriculture Stop Loss Treaty,Others,Asset,2,No,TEXTAREA,IIRM India
15147,Reinsurance Airstrip Liability,Reinsurance – Aviation Liability,Basic,1,Yes,TEXTAREA,IIRM India
15147,Reinsurance Airstrip Liability,Others,Asset,2,No,TEXTAREA,IIRM India
15142,Reinsurance All Risk Insurance,Reinsurance – All Risk,Basic,1,Yes,TEXTAREA,IIRM India
15142,Reinsurance All Risk Insurance,Others,Asset,2,No,TEXTAREA,IIRM India
15161,Reinsurance Aviation Excess of Loss,Reinsurance – Aviation XL,Basic,1,Yes,TEXTAREA,IIRM India
15161,Reinsurance Aviation Excess of Loss,Others,Asset,2,No,TEXTAREA,IIRM India
15146,"Reinsurance Aviation Passenger, Baggage, Cargo & 3rd Party Liability",Reinsurance – Aviation Liability,Basic,1,Yes,TEXTAREA,IIRM India
15146,"Reinsurance Aviation Passenger, Baggage, Cargo & 3rd Party Liability",Others,Asset,2,No,TEXTAREA,IIRM India
15114,Reinsurance Aviation Surplus,Reinsurance – Aviation Surplus,Basic,1,Yes,TEXTAREA,IIRM India
15114,Reinsurance Aviation Surplus,Others,Asset,2,No,TEXTAREA,IIRM India
15124,"Reinsurance BBB, Professional Indemnity & Crime",Reinsurance – Financial Lines,Basic,1,Yes,TEXTAREA,IIRM India
15124,"Reinsurance BBB, Professional Indemnity & Crime",Others,Asset,2,No,TEXTAREA,IIRM India
15109,Reinsurance Bond Excess XL,Reinsurance – Bond XL,Basic,1,Yes,TEXTAREA,IIRM India
15109,Reinsurance Bond Excess XL,Others,Asset,2,No,TEXTAREA,IIRM India
15120,Reinsurance Burglary Insurance,Reinsurance – Burglary,Basic,1,Yes,TEXTAREA,IIRM India
15120,Reinsurance Burglary Insurance,Others,Asset,2,No,TEXTAREA,IIRM India
15134,Reinsurance Catastrophe Excess XL,Reinsurance – Catastrophe XL,Basic,1,Yes,TEXTAREA,IIRM India
15134,Reinsurance Catastrophe Excess XL,Others,Asset,2,No,TEXTAREA,IIRM India
15155,Reinsurance Catastrophe Excess XL Layer 1–3,Reinsurance – Catastrophe XL,Basic,1,Yes,TEXTAREA,IIRM India
15155,Reinsurance Catastrophe Excess XL Layer 1–3,Others,Asset,2,No,TEXTAREA,IIRM India
15156,Reinsurance Catastrophe Excess XL Top Layer,Reinsurance – Catastrophe XL,Basic,1,Yes,TEXTAREA,IIRM India
15156,Reinsurance Catastrophe Excess XL Top Layer,Others,Asset,2,No,TEXTAREA,IIRM India
15171,Reinsurance Catastrophe XL Cover,Reinsurance – Catastrophe Excess of Loss,Basic,1,Yes,TEXTAREA,IIRM India
15171,Reinsurance Catastrophe XL Cover,Others,Asset,2,No,TEXTAREA,IIRM India
15172,Reinsurance Catastrophe XL Equipment 4th Layer,Reinsurance – Catastrophe XL (Layer 4),Basic,1,Yes,TEXTAREA,IIRM India
15172,Reinsurance Catastrophe XL Equipment 4th Layer,Others,Asset,2,No,TEXTAREA,IIRM India
15123,Reinsurance Commercial General Liability,Reinsurance – CGL,Basic,1,Yes,TEXTAREA,IIRM India
15123,Reinsurance Commercial General Liability,Others,Asset,2,No,TEXTAREA,IIRM India
15113,Reinsurance Contractors All Risk,Reinsurance – CAR,Basic,1,Yes,TEXTAREA,IIRM India
15122,Reinsurance Contractors All Risk,Reinsurance Contractors All Risk,Basic,1,Yes,TEXTAREA,IIRM India
15122,Reinsurance Contractors All Risk,Others,Asset,2,No,TEXTAREA,IIRM India
15113,Reinsurance Contractors All Risk,Others,Asset,2,No,TEXTAREA,IIRM India
15168,Reinsurance Contractors Plant & Machinery,Reinsurance – CPM,Basic,1,Yes,TEXTAREA,IIRM India
15168,Reinsurance Contractors Plant & Machinery,Others,Asset,2,No,TEXTAREA,IIRM India
15104,Reinsurance Crop Insurance,Reinsurance – Agriculture / Crop,Basic,1,Yes,TEXTAREA,IIRM India
15104,Reinsurance Crop Insurance,Others,Asset,2,No,TEXTAREA,IIRM India
15111,Reinsurance Cyber Security,Reinsurance – Cyber Liability,Basic,1,Yes,TEXTAREA,IIRM India
15111,Reinsurance Cyber Security,Others,Asset,2,No,TEXTAREA,IIRM India
15128,Reinsurance Directors & Officers,Reinsurance – D&O,Basic,1,Yes,TEXTAREA,IIRM India
15132,Reinsurance Directors & Officers,Reinsurance Directors Officers,Basic,1,Yes,TEXTAREA,IIRM India
15132,Reinsurance Directors & Officers,Others,Asset,2,No,TEXTAREA,IIRM India
15128,Reinsurance Directors & Officers,Others,Asset,2,No,TEXTAREA,IIRM India
15138,Reinsurance Engineering 1st Surplus,Reinsurance – Engineering Surplus,Basic,1,Yes,TEXTAREA,IIRM India
15138,Reinsurance Engineering 1st Surplus,Others,Asset,2,No,TEXTAREA,IIRM India
15149,Reinsurance Engineering 2nd Surplus,Reinsurance – Engineering Surplus,Basic,1,Yes,TEXTAREA,IIRM India
15149,Reinsurance Engineering 2nd Surplus,Others,Asset,2,No,TEXTAREA,IIRM India
15137,Reinsurance Engineering Quota Share,Reinsurance – Engineering Quota Share,Basic,1,Yes,TEXTAREA,IIRM India
15137,Reinsurance Engineering Quota Share,Others,Asset,2,No,TEXTAREA,IIRM India
15119,Reinsurance Engineering Surplus,Reinsurance – Engineering Surplus,Basic,1,Yes,TEXTAREA,IIRM India
15119,Reinsurance Engineering Surplus,Others,Asset,2,No,TEXTAREA,IIRM India
15100,Reinsurance Engineering Surplus Treaty,Reinsurance – Engineering Surplus,Basic,1,Yes,TEXTAREA,IIRM India
15100,Reinsurance Engineering Surplus Treaty,Others,Asset,2,No,TEXTAREA,IIRM India
15169,Reinsurance Equipment Catastrophe XL,Reinsurance – Equipment XL,Basic,1,Yes,TEXTAREA,IIRM India
15169,Reinsurance Equipment Catastrophe XL,Others,Asset,2,No,TEXTAREA,IIRM India
15179,Reinsurance Equipment Excess XL,Reinsurance – Engineering / Equipment Excess of Loss,Basic,1,Yes,TEXTAREA,IIRM India
15179,Reinsurance Equipment Excess XL,Others,Asset,2,No,TEXTAREA,IIRM India
15107,Reinsurance Fire & Engineering Catastrophe XL,Reinsurance – Catastrophe XL,Basic,1,Yes,TEXTAREA,IIRM India
15107,Reinsurance Fire & Engineering Catastrophe XL,Others,Asset,2,No,TEXTAREA,IIRM India
15139,Reinsurance Fire 1st Surplus,Reinsurance – Fire Surplus,Basic,1,Yes,TEXTAREA,IIRM India
15139,Reinsurance Fire 1st Surplus,Others,Asset,2,No,TEXTAREA,IIRM India
15148,Reinsurance Fire 2nd Surplus,Reinsurance – Fire Surplus,Basic,1,Yes,TEXTAREA,IIRM India
15148,Reinsurance Fire 2nd Surplus,Others,Asset,2,No,TEXTAREA,IIRM India
15101,Reinsurance Fire Surplus Treaty,Reinsurance – Fire Surplus,Basic,1,Yes,TEXTAREA,IIRM India
15101,Reinsurance Fire Surplus Treaty,Others,Asset,2,No,TEXTAREA,IIRM India
15173,Reinsurance Foreign Inward Retro XL,Reinsurance – Retrocession Excess of Loss,Basic,1,Yes,TEXTAREA,IIRM India
15173,Reinsurance Foreign Inward Retro XL,Others,Asset,2,No,TEXTAREA,IIRM India
15170,Reinsurance Foreign Inward Retro XL Layers 1–4,Reinsurance – Retro XL,Basic,1,Yes,TEXTAREA,IIRM India
15170,Reinsurance Foreign Inward Retro XL Layers 1–4,Others,Asset,2,No,TEXTAREA,IIRM India
15151,Reinsurance Group Personal Accident,Reinsurance – GPA,Basic,1,Yes,TEXTAREA,IIRM India
15151,Reinsurance Group Personal Accident,Others,Asset,2,No,TEXTAREA,IIRM India
15145,Reinsurance Hotel Operators Liability,Reinsurance – Hospitality Liability,Basic,1,Yes,TEXTAREA,IIRM India
15145,Reinsurance Hotel Operators Liability,Others,Asset,2,No,TEXTAREA,IIRM India
15143,Reinsurance Individual Accident & Machinery Breakdown,Reinsurance – PA + MBD,Basic,1,Yes,TEXTAREA,IIRM India
15143,Reinsurance Individual Accident & Machinery Breakdown,Others,Asset,2,No,TEXTAREA,IIRM India
15099,Reinsurance Individual Accident & Risk,Reinsurance – Personal Accident,Basic,1,Yes,TEXTAREA,IIRM India
15099,Reinsurance Individual Accident & Risk,Others,Asset,2,No,TEXTAREA,IIRM India
15154,Reinsurance Industrial All Risk,Reinsurance – Industrial All Risk,Basic,1,Yes,TEXTAREA,IIRM India
15154,Reinsurance Industrial All Risk,Others,Asset,2,No,TEXTAREA,IIRM India
15129,Reinsurance Investment Managers Insurance Policy,Reinsurance – Financial Lines,Basic,1,Yes,TEXTAREA,IIRM India
15129,Reinsurance Investment Managers Insurance Policy,Others,Asset,2,No,TEXTAREA,IIRM India
15153,Reinsurance Liability Excess XL Layer 1–4,Reinsurance – Liability XL,Basic,1,Yes,TEXTAREA,IIRM India
15153,Reinsurance Liability Excess XL Layer 1–4,Others,Asset,2,No,TEXTAREA,IIRM India
15094,Reinsurance Liability Excess of Loss,Reinsurance – Liability XL,Basic,1,Yes,TEXTAREA,IIRM India
15094,Reinsurance Liability Excess of Loss,Others,Asset,2,No,TEXTAREA,IIRM India
15095,Reinsurance Marine & Energy XL,Reinsurance – Marine & Energy XL,Basic,1,Yes,TEXTAREA,IIRM India
15095,Reinsurance Marine & Energy XL,Others,Asset,2,No,TEXTAREA,IIRM India
15102,Reinsurance Marine Cargo,Reinsurance – Marine Cargo,Basic,1,Yes,TEXTAREA,IIRM India
15102,Reinsurance Marine Cargo,Others,Asset,2,No,TEXTAREA,IIRM India
15108,Reinsurance Marine Excess XL,Reinsurance – Marine XL,Basic,1,Yes,TEXTAREA,IIRM India
15108,Reinsurance Marine Excess XL,Others,Asset,2,No,TEXTAREA,IIRM India
15097,Reinsurance Marine Hull Surplus Treaty,Reinsurance – Marine Hull Surplus,Basic,1,Yes,TEXTAREA,IIRM India
15097,Reinsurance Marine Hull Surplus Treaty,Others,Asset,2,No,TEXTAREA,IIRM India
15144,Reinsurance Marine Quota Share Treaty,Reinsurance – Marine Quota Share,Basic,1,Yes,TEXTAREA,IIRM India
15144,Reinsurance Marine Quota Share Treaty,Others,Asset,2,No,TEXTAREA,IIRM India
15110,Reinsurance Marine Surplus Treaty,Reinsurance – Marine Surplus,Basic,1,Yes,TEXTAREA,IIRM India
15110,Reinsurance Marine Surplus Treaty,Others,Asset,2,No,TEXTAREA,IIRM India
15103,Reinsurance Miscellaneous Accident Surplus,Reinsurance – Miscellaneous Accident,Basic,1,Yes,TEXTAREA,IIRM India
15103,Reinsurance Miscellaneous Accident Surplus,Others,Asset,2,No,TEXTAREA,IIRM India
15150,Reinsurance Miscellaneous Liability & Specialty,Reinsurance – Liability,Basic,1,Yes,TEXTAREA,IIRM India
15150,Reinsurance Miscellaneous Liability & Specialty,Others,Asset,2,No,TEXTAREA,IIRM India
15105,Reinsurance Miscellaneous Quota Share,Reinsurance – Miscellaneous Quota Share,Basic,1,Yes,TEXTAREA,IIRM India
15105,Reinsurance Miscellaneous Quota Share,Others,Asset,2,No,TEXTAREA,IIRM India
15116,Reinsurance Miscellaneous Surplus,Reinsurance – Miscellaneous Surplus,Basic,1,Yes,TEXTAREA,IIRM India
15116,Reinsurance Miscellaneous Surplus,Others,Asset,2,No,TEXTAREA,IIRM India
15106,Reinsurance Motor Excess XL,Reinsurance – Motor XL,Basic,1,Yes,TEXTAREA,IIRM India
15106,Reinsurance Motor Excess XL,Others,Asset,2,No,TEXTAREA,IIRM India
15165,Reinsurance Non-Marine Catastrophe XL,Reinsurance – Non-Marine Cat XL,Basic,1,Yes,TEXTAREA,IIRM India
15165,Reinsurance Non-Marine Catastrophe XL,Others,Asset,2,No,TEXTAREA,IIRM India
15166,Reinsurance Non-Marine Combined XL,Reinsurance – Non-Marine XL,Basic,1,Yes,TEXTAREA,IIRM India
15166,Reinsurance Non-Marine Combined XL,Others,Asset,2,No,TEXTAREA,IIRM India
15163,Reinsurance Non-Marine Risk XL,Reinsurance – Non-Marine Risk XL,Basic,1,Yes,TEXTAREA,IIRM India
15163,Reinsurance Non-Marine Risk XL,Others,Asset,2,No,TEXTAREA,IIRM India
15162,Reinsurance Oil & Energy XL,Reinsurance – Energy XL,Basic,1,Yes,TEXTAREA,IIRM India
15162,Reinsurance Oil & Energy XL,Others,Asset,2,No,TEXTAREA,IIRM India
15118,Reinsurance Private Quota Treaty,Reinsurance – Specialty Quota Share,Basic,1,Yes,TEXTAREA,IIRM India
15118,Reinsurance Private Quota Treaty,Others,Asset,2,No,TEXTAREA,IIRM India
15117,Reinsurance Private Surplus Treaty,Reinsurance – Specialty Surplus,Basic,1,Yes,TEXTAREA,IIRM India
15117,Reinsurance Private Surplus Treaty,Others,Asset,2,No,TEXTAREA,IIRM India
15126,Reinsurance Product Liability,Reinsurance – Product Liability,Basic,1,Yes,TEXTAREA,IIRM India
15126,Reinsurance Product Liability,Others,Asset,2,No,TEXTAREA,IIRM India
15131,Reinsurance Professional Indemnity,Reinsurance – PI,Basic,1,Yes,TEXTAREA,IIRM India
15131,Reinsurance Professional Indemnity,Others,Asset,2,No,TEXTAREA,IIRM India
15135,Reinsurance Property,Reinsurance – Property,Basic,1,Yes,TEXTAREA,IIRM India
15135,Reinsurance Property,Others,Asset,2,No,TEXTAREA,IIRM India
15177,Reinsurance Property & Equipment Quota Share Treaty,Reinsurance – Property Quota Share,Basic,1,Yes,TEXTAREA,IIRM India
15177,Reinsurance Property & Equipment Quota Share Treaty,Others,Asset,2,No,TEXTAREA,IIRM India
15112,Reinsurance Property All Risk,Reinsurance – Property All Risk,Basic,1,Yes,TEXTAREA,IIRM India
15112,Reinsurance Property All Risk,Others,Asset,2,No,TEXTAREA,IIRM India
15140,Reinsurance Property All Risk & Machinery Breakdown,Reinsurance – Property + MBD,Basic,1,Yes,TEXTAREA,IIRM India
15140,Reinsurance Property All Risk & Machinery Breakdown,Others,Asset,2,No,TEXTAREA,IIRM India
15141,Reinsurance Property All Risk / Equipment Breakdown & Contractors Plant & Machinery,Reinsurance – Property + Equipment,Basic,1,Yes,TEXTAREA,IIRM India
15141,Reinsurance Property All Risk / Equipment Breakdown & Contractors Plant & Machinery,Others,Asset,2,No,TEXTAREA,IIRM India
15178,Reinsurance Property Quota Share,Reinsurance – Property Quota Share,Basic,1,Yes,TEXTAREA,IIRM India
15178,Reinsurance Property Quota Share,Others,Asset,2,No,TEXTAREA,IIRM India
15176,Reinsurance Property Surplus & Equipment Quota Share,Reinsurance – Property & Engineering Quota / Surplus,Basic,1,Yes,TEXTAREA,IIRM India
15176,Reinsurance Property Surplus & Equipment Quota Share,Others,Asset,2,No,TEXTAREA,IIRM India
15115,Reinsurance Quota Share Treaty,Reinsurance – Quota Share,Basic,1,Yes,TEXTAREA,IIRM India
15115,Reinsurance Quota Share Treaty,Others,Asset,2,No,TEXTAREA,IIRM India
15167,Reinsurance Risk Cum Cat XL,Reinsurance – Risk + Cat XL,Basic,1,Yes,TEXTAREA,IIRM India
15167,Reinsurance Risk Cum Cat XL,Others,Asset,2,No,TEXTAREA,IIRM India
15136,Reinsurance Risk Excess XL,Reinsurance – Risk XL,Basic,1,Yes,TEXTAREA,IIRM India
15136,Reinsurance Risk Excess XL,Others,Asset,2,No,TEXTAREA,IIRM India
15159,Reinsurance Sabotage & Terrorism,Reinsurance – Terrorism,Basic,1,Yes,TEXTAREA,IIRM India
15159,Reinsurance Sabotage & Terrorism,Others,Asset,2,No,TEXTAREA,IIRM India
15133,Reinsurance Satellite / Specialty,Reinsurance – Aviation / Space,Basic,1,Yes,TEXTAREA,IIRM India
15133,Reinsurance Satellite / Specialty,Others,Asset,2,No,TEXTAREA,IIRM India
15130,Reinsurance Single Project PI,Reinsurance – Professional Indemnity (Project),Basic,1,Yes,TEXTAREA,IIRM India
15130,Reinsurance Single Project PI,Others,Asset,2,No,TEXTAREA,IIRM India
15098,Reinsurance Standard Fire & Special Perils,Reinsurance – Fire,Basic,1,Yes,TEXTAREA,IIRM India
15098,Reinsurance Standard Fire & Special Perils,Others,Asset,2,No,TEXTAREA,IIRM India
15158,Reinsurance Terrorism,Reinsurance – Terrorism,Basic,1,Yes,TEXTAREA,IIRM India
15158,Reinsurance Terrorism,Others,Asset,2,No,TEXTAREA,IIRM India
15160,Reinsurance Terrorism Pool XL,Reinsurance – Terrorism XL,Basic,1,Yes,TEXTAREA,IIRM India
15160,Reinsurance Terrorism Pool XL,Others,Asset,2,No,TEXTAREA,IIRM India
15096,Reinsurance Top Risk Excess XL,Reinsurance – Excess of Loss,Basic,1,Yes,TEXTAREA,IIRM India
15096,Reinsurance Top Risk Excess XL,Others,Asset,2,No,TEXTAREA,IIRM India
15152,Reinsurance UK Liability Excess XL,Reinsurance – Liability XL,Basic,1,Yes,TEXTAREA,IIRM India
15152,Reinsurance UK Liability Excess XL,Others,Asset,2,No,TEXTAREA,IIRM India
15157,Reinsurance UK Risk XL Layer 1,Reinsurance – Risk XL,Basic,1,Yes,TEXTAREA,IIRM India
15157,Reinsurance UK Risk XL Layer 1,Others,Asset,2,No,TEXTAREA,IIRM India
15127,Reinsurance Umbrella Excess Comprehensive,Other terms & coverages,Basic,1,Yes,TEXTAREA,IIRM India
15127,Reinsurance Umbrella Excess Comprehensive,Others,Asset,3,No,TEXTAREA,IIRM India
15174,Reinsurance Whole Account Quota Share,Reinsurance – Quota Share (Whole Account),Basic,1,Yes,TEXTAREA,IIRM India
15174,Reinsurance Whole Account Quota Share,Others,Asset,2,No,TEXTAREA,IIRM India
15175,Reinsurance Workmen Compensation,Reinsurance – Workmen Compensation,Basic,1,Yes,TEXTAREA,IIRM India
15175,Reinsurance Workmen Compensation,Others,Asset,2,No,TEXTAREA,IIRM India
15030,Reinsurance – Technology Errors & Omissions & Network Risks Liability,Reinsurance – Liability (Cyber / Tech E&O),Basic,1,Yes,TEXTAREA,IIRM India
15030,Reinsurance – Technology Errors & Omissions & Network Risks Liability,Others,Asset,2,No,TEXTAREA,IIRM India
30043,SURETY INSURANCE POLICY,,,,,,
18566,Sales Turnover Insurance,Specialty – Sales Turnover,Basic,1,Yes,TEXTAREA,IIRM India
18566,Sales Turnover Insurance,Others,Asset,2,No,TEXTAREA,IIRM India
20899,Sales Turnover Insurance,,,,,,
18605,Sampoorna Raksha Supreme,Life – Term,Basic,1,Yes,TEXTAREA,IIRM India
18605,Sampoorna Raksha Supreme,Others,Asset,2,No,TEXTAREA,IIRM India
20700,Sampoorna Raksha Supreme,,,,,,
18607,Savings Suraksha,Life – Endowment / Savings,Basic,1,Yes,TEXTAREA,IIRM India
18607,Savings Suraksha,Others,Asset,2,No,TEXTAREA,IIRM India
20702,Savings Suraksha,,,,,,
18568,Senior Citizens Health Insurance,Health – Senior Citizen,Basic,1,Yes,TEXTAREA,IIRM India
18568,Senior Citizens Health Insurance,Others,Asset,2,No,TEXTAREA,IIRM India
20901,Senior Citizens Health Insurance,,,,,,
18560,Shopkeeper Package Policy,Package – Retail / SME,Basic,1,Yes,TEXTAREA,IIRM India
18560,Shopkeeper Package Policy,Others,Asset,2,No,TEXTAREA,IIRM India
20893,Shopkeeper Package Policy,,,,,,
18557,Signage Insurance,Specialty – Signage,Basic,1,Yes,TEXTAREA,IIRM India
18557,Signage Insurance,Others,Asset,2,No,TEXTAREA,IIRM India
20890,Signage Insurance,,,,,,
18592,Signature Professional Indemnity Insurance,Liability – Professional Indemnity,Basic,1,Yes,TEXTAREA,IIRM India
18592,Signature Professional Indemnity Insurance,Others,Asset,2,No,TEXTAREA,IIRM India
20912,Signature Professional Indemnity Insurance,,,,,,
18573,Special Contingency Insurance,Specialty – Contingency,Basic,1,Yes,TEXTAREA,IIRM India
18573,Special Contingency Insurance,Others,Asset,2,No,TEXTAREA,IIRM India
20906,Special Contingency Insurance,,,,,,
18538,Standalone Terrorism Policy,Specialty – Terrorism,Basic,1,Yes,TEXTAREA,IIRM India
18538,Standalone Terrorism Policy,Others,Asset,2,No,TEXTAREA,IIRM India
20874,Standalone Terrorism Policy,,,,,,
18547,Standard Fire & Special Perils Policy,Earthquake (Fire & Shock),Add On,1,Yes,TEXTAREA,IIRM India
18547,Standard Fire & Special Perils Policy,"Storm, Tempest, Flood and Inundation (STFI) Tsunami",Basic,2,Yes,TEXTAREA,IIRM India
18547,Standard Fire & Special Perils Policy,Riot Strike Malicious Damage/SRCC,Basic,3,Yes,TEXTAREA,IIRM India
18547,Standard Fire & Special Perils Policy,Impact Damage due to any reason,Basic,4,Yes,TEXTAREA,IIRM India
18547,Standard Fire & Special Perils Policy,Boiler explosion and Machinery breakdown-Breakdown (Physical/ mechanical) due to failure of computer controlled equipment,Basic,5,Yes,TEXTAREA,IIRM India
18547,Standard Fire & Special Perils Policy,Removal of Debris including external debris & foreign debris,Basic,6,Yes,TEXTAREA,IIRM India
18547,Standard Fire & Special Perils Policy,Reinstatement Value Clause (other than stocks),Basic,7,Yes,TEXTAREA,IIRM India
18547,Standard Fire & Special Perils Policy,Local Authorities Clause,Basic,8,Yes,TEXTAREA,IIRM India
18547,Standard Fire & Special Perils Policy,72 hours clause,Basis of SI,9,Yes,TEXTAREA,IIRM India
18547,Standard Fire & Special Perils Policy,"Omission to Insure Additions, Alterations or Extensions Clause - 5% of BMA sum insured ",Add On,10,Yes,TEXTAREA,IIRM India
18547,Standard Fire & Special Perils Policy,Escalation Clause – 5% of MD sum insured,Add On,11,Yes,TEXTAREA,IIRM India
18547,Standard Fire & Special Perils Policy,"Goods held in trust Clause /Care, Custody and control of property/commission - Does the SI include the electrical works",Add On,12,Yes,TEXTAREA,IIRM India
18547,Standard Fire & Special Perils Policy,Trace and Access/Exploratory Cost ,Add On,13,Yes,TEXTAREA,IIRM India
18547,Standard Fire & Special Perils Policy,Leak Search and Finding Cost,Add On,14,Yes,TEXTAREA,IIRM India
18547,Standard Fire & Special Perils Policy,Loss Minimisation Expenses,Add On,15,Yes,TEXTAREA,IIRM India
18547,Standard Fire & Special Perils Policy,Leakage and contamination ,Add On,16,Yes,TEXTAREA,IIRM India
18547,Standard Fire & Special Perils Policy,Spoilage and Material Damage cover for Plant and Machinery ,Add On,17,Yes,TEXTAREA,IIRM India
18547,Standard Fire & Special Perils Policy,Start Up & Shutdown Expenses ,Add On,18,Yes,TEXTAREA,IIRM India
18547,Standard Fire & Special Perils Policy,Protection & preservation of property /Sue & Labour ,Add On,19,Yes,TEXTAREA,IIRM India
18547,Standard Fire & Special Perils Policy,Leakage & overflowing cover,Add On,20,Yes,TEXTAREA,IIRM India
18547,Standard Fire & Special Perils Policy,Expediting Expenses Including Air Freight and Express Frieght/ Extra Expense Cover,Add On,21,Yes,TEXTAREA,IIRM India
18547,Standard Fire & Special Perils Policy,Fire Fighting Expenses/Fire extinguishing & foam consumption expenses ,Add On,22,Yes,TEXTAREA,IIRM India
18547,Standard Fire & Special Perils Policy,Temporary Removal (excluding stocks) /property not an insured's premises or offsite storage ,Add On,23,Yes,TEXTAREA,IIRM India
18547,Standard Fire & Special Perils Policy,Preparation of Lost Records/valuable documents & records clause/cost of rewriting records clause ,Add On,24,Yes,TEXTAREA,IIRM India
18547,Standard Fire & Special Perils Policy,Destruction of sound property ,Add On,25,Yes,TEXTAREA,IIRM India
18547,Standard Fire & Special Perils Policy,Inadvertent Errors & Omissions Clause/Non- Invalidation /mis-decription Clause,Add On,26,Yes,TEXTAREA,IIRM India
18547,Standard Fire & Special Perils Policy,Claim Preparation costs (for both sections: MD & BI),Add On,27,Yes,TEXTAREA,IIRM India
18547,Standard Fire & Special Perils Policy,Temporary repairs Clause,Add On,28,Yes,TEXTAREA,IIRM India
18547,Standard Fire & Special Perils Policy,Waiver of Subrogation Clause,Add On,29,Yes,TEXTAREA,IIRM India
18547,Standard Fire & Special Perils Policy,Automatic Re-Instatement Clause,Add On,30,Yes,TEXTAREA,IIRM India
18547,Standard Fire & Special Perils Policy,Obsolete Equipment/ spare parts Clause,Add On,31,Yes,TEXTAREA,IIRM India
18547,Standard Fire & Special Perils Policy,"Goods held in trust Clause /Care, Custody and control of property/commission - Start up Expenses",Add On,32,Yes,TEXTAREA,IIRM India
18547,Standard Fire & Special Perils Policy,"Cleaning up, decontamination and other costs ",Add On,33,Yes,TEXTAREA,IIRM India
18547,Standard Fire & Special Perils Policy,Minor works / Property In Course of Construction,Add On,34,Yes,TEXTAREA,IIRM India
18547,Standard Fire & Special Perils Policy,Testing & Commissioning,Add On,35,Yes,TEXTAREA,IIRM India
18547,Standard Fire & Special Perils Policy,Capital additions ,Add On,36,Yes,TEXTAREA,IIRM India
18547,Standard Fire & Special Perils Policy,Additional Customs Duty,Add On,37,Yes,TEXTAREA,IIRM India
18547,Standard Fire & Special Perils Policy,Margin Clause ,Add On,38,Yes,TEXTAREA,IIRM India
18547,Standard Fire & Special Perils Policy,Contract Price Insurance Clause,Add On,39,Yes,TEXTAREA,IIRM India
18547,Standard Fire & Special Perils Policy,Smoke Damage Clause,Add On,40,Yes,TEXTAREA,IIRM India
18547,Standard Fire & Special Perils Policy,Accidental Damage cover ,Add On,41,Yes,TEXTAREA,IIRM India
18547,Standard Fire & Special Perils Policy,Multiple Insured Clause,Add On,42,Yes,TEXTAREA,IIRM India
18547,Standard Fire & Special Perils Policy,Professional Fees ,Deductable / copay,43,Yes,TEXTAREA,IIRM India
18547,Standard Fire & Special Perils Policy,Immediate Repairs Clause,Anyothercovers,44,Yes,TEXTAREA,IIRM India
18547,Standard Fire & Special Perils Policy,Outbuilding Clause,Anyothercovers,45,Yes,TEXTAREA,IIRM India
18547,Standard Fire & Special Perils Policy,Brands / Trades/Labels Clause,Anyothercovers,46,Yes,TEXTAREA,IIRM India
18547,Standard Fire & Special Perils Policy,Electrical Apparatus Clause/Electrical Installation Clause,Basis of SI,47,Yes,TEXTAREA,IIRM India
18547,Standard Fire & Special Perils Policy,Demolition and Increased Cost of Construction ,Add On,48,Yes,TEXTAREA,IIRM India
18547,Standard Fire & Special Perils Policy,Waiver of underinsurance,Basic,49,Yes,TEXTAREA,IIRM India
18547,Standard Fire & Special Perils Policy,Non - Vitiation Clause,Basic,50,Yes,TEXTAREA,IIRM India
18547,Standard Fire & Special Perils Policy,Un-occupancy Clause ,Basic,51,Yes,TEXTAREA,IIRM India
18547,Standard Fire & Special Perils Policy,Green Clause ,Basic,52,Yes,TEXTAREA,IIRM India
18547,Standard Fire & Special Perils Policy,Leased Building/Plant & Machinery covered as per Temporary Removal Clause & 60 days for repair ,Basic,53,Yes,TEXTAREA,IIRM India
18547,Standard Fire & Special Perils Policy,Pair and set Clause ,Basic,54,Yes,TEXTAREA,IIRM India
18547,Standard Fire & Special Perils Policy,Original Equipment Manufacturer Parts Clause,Basic,55,Yes,TEXTAREA,IIRM India
18547,Standard Fire & Special Perils Policy,Sprinkler Upgradation cost ,Basis of SI,56,Yes,TEXTAREA,IIRM India
18547,Standard Fire & Special Perils Policy,Nominated Loss Adjusters Clause,Add On,57,Yes,TEXTAREA,IIRM India
18547,Standard Fire & Special Perils Policy,Payment on Account Clause ,Add On,58,Yes,TEXTAREA,IIRM India
18547,Standard Fire & Special Perils Policy,Agreed Bank Clause - Does the SI include the electrical works,Add On,59,Yes,TEXTAREA,IIRM India
18547,Standard Fire & Special Perils Policy,Primary & Non contributory Clause,Add On,60,Yes,TEXTAREA,IIRM India
18547,Standard Fire & Special Perils Policy,Leakage from Automatic Sprinkler installations,Add On,61,Yes,TEXTAREA,IIRM India
18547,Standard Fire & Special Perils Policy,Contract works,Add On,62,Yes,TEXTAREA,IIRM India
18547,Standard Fire & Special Perils Policy,Control of damaged goods/ property clause,Add On,63,Yes,TEXTAREA,IIRM India
18547,Standard Fire & Special Perils Policy,Undamaged Foundations,Add On,64,Yes,TEXTAREA,IIRM India
18547,Standard Fire & Special Perils Policy,Damage to Underground Services,Add On,65,Yes,TEXTAREA,IIRM India
18547,Standard Fire & Special Perils Policy,Involuntary betterment,Add On,66,Yes,TEXTAREA,IIRM India
18547,Standard Fire & Special Perils Policy,Modification cost for Incompatibility of equipment ,Add On,67,Yes,TEXTAREA,IIRM India
18547,Standard Fire & Special Perils Policy,Unoccupancy clause,Add On,68,Yes,TEXTAREA,IIRM India
18547,Standard Fire & Special Perils Policy,Inadvertent exclusion of assets,Add On,69,Yes,TEXTAREA,IIRM India
18547,Standard Fire & Special Perils Policy,"Restoration of computer systems, records, plans & documents",Add On,70,Yes,TEXTAREA,IIRM India
18547,Standard Fire & Special Perils Policy,Capital Work in progress,Add On,71,Yes,TEXTAREA,IIRM India
18547,Standard Fire & Special Perils Policy,Any loss arising out of any Hired/leased machinery/equipment Placed under insured Property,Add On,72,Yes,TEXTAREA,IIRM India
18547,Standard Fire & Special Perils Policy,"Cover for lubricant, oil, oil in transformers, machine foundations, refrigerants, etc",Add On,73,Yes,TEXTAREA,IIRM India
18547,Standard Fire & Special Perils Policy,Appraisement clause,Add On,74,Yes,TEXTAREA,IIRM India
18547,Standard Fire & Special Perils Policy,Accidental discharge of gas flooding system costs,Add On,75,Yes,TEXTAREA,IIRM India
18547,Standard Fire & Special Perils Policy,Un-repaired Damage Clause,Add On,76,Yes,TEXTAREA,IIRM India
18547,Standard Fire & Special Perils Policy,Technological Improvements ,Add On,77,Yes,TEXTAREA,IIRM India
18547,Standard Fire & Special Perils Policy,Agreed Bank Clause - Insurance Of Additional Expenses of  Rent For An Alternative Accommodation,Add On,78,Yes,TEXTAREA,IIRM India
18547,Standard Fire & Special Perils Policy,Designation of Property Clause,Add On,79,Yes,TEXTAREA,IIRM India
18547,Standard Fire & Special Perils Policy,Civil/Local Authorities Clause,Add On,80,Yes,TEXTAREA,IIRM India
18547,Standard Fire & Special Perils Policy,Additional Expenses of Rent for Alternative Accommodation,Add On,81,Yes,TEXTAREA,IIRM India
18547,Standard Fire & Special Perils Policy,Others,Asset,82,No,TEXTAREA,IIRM India
20881,Standard Fire & Special Perils Policy,,,,,,
18595,Stevedores Legal Liability Insurance,Liability – Marine / Port Ops,Basic,1,Yes,TEXTAREA,IIRM India
18595,Stevedores Legal Liability Insurance,Others,Asset,2,No,TEXTAREA,IIRM India
20914,Stevedores Legal Liability Insurance,,,,,,
15032,Stock Broker Indemnity Insurance,Liability – Professional Indemnity / Financial,Basic,1,Yes,TEXTAREA,IIRM India
15032,Stock Broker Indemnity Insurance,Others,Asset,2,No,TEXTAREA,IIRM India
30029,Stock Throughput,Interest (items to be covered),Asset,4,Yes,TEXT,IIRM Sri Lanka
30029,Stock Throughput,Mode of  Conveyance,Asset,5,Yes,TEXT,IIRM Sri Lanka
30029,Stock Throughput,Limit of Liability,Asset,6,Yes,TEXT,IIRM Sri Lanka
30029,Stock Throughput,Estimated Annual Turnover,Basic,7,Yes,TEXTAREA,IIRM Sri Lanka
30029,Stock Throughput,Mode of Conveyance,Basic,8,Yes,TEXTAREA,IIRM Sri Lanka
30029,Stock Throughput,Maximum limit per transit,Basic,9,Yes,TEXTAREA,IIRM Sri Lanka
30029,Stock Throughput,Maximum Limit Per Any one shipment,Basic,10,Yes,TEXTAREA,IIRM Sri Lanka
30029,Stock Throughput,Maximum Limit Per Any one vessel,Basic,11,Yes,TEXTAREA,IIRM Sri Lanka
30029,Stock Throughput,Maximum Limit Per Any one Land Conveyance,Basic,12,Yes,TEXTAREA,IIRM Sri Lanka
30029,Stock Throughput,Maximum Storage Limit at Location/ warehouse,Basic,13,Yes,TEXTAREA,IIRM Sri Lanka
30029,Stock Throughput,Maximum Period of Storage,Basic,14,Yes,TEXTAREA,IIRM Sri Lanka
30029,Stock Throughput,Description of transit,Basic,15,Yes,TEXTAREA,IIRM Sri Lanka
30029,Stock Throughput,Scope of Cover,Asset,16,Yes,TEXT,IIRM Sri Lanka
30029,Stock Throughput,APPLICABLE TO SHIPMENT BY SEA,Asset,17,Yes,TEXT,IIRM Sri Lanka
30029,Stock Throughput,Institute Cargo Clauses (A) 1.1.82,Basic,18,Yes,TEXTAREA,IIRM Sri Lanka
30029,Stock Throughput,Institute War Clauses (Cargo) 1.1.82,Basic,19,Yes,TEXTAREA,IIRM Sri Lanka
30029,Stock Throughput,Institute Strikes Clauses (Cargo) 1.1.82,Basic,20,Yes,TEXTAREA,IIRM Sri Lanka
30029,Stock Throughput,Institute classification clause,Basic,21,Yes,TEXTAREA,IIRM Sri Lanka
30029,Stock Throughput,cargo ism endorsement clause,Basic,22,Yes,TEXTAREA,IIRM Sri Lanka
30029,Stock Throughput,Premium adjustment clause,Basic,23,Yes,TEXTAREA,IIRM Sri Lanka
30029,Stock Throughput,BY AIR FREIGHT OR COURIER,Asset,24,Yes,TEXT,IIRM Sri Lanka
30029,Stock Throughput,Institute Cargo Clauses (Air) 1.1.82,Basic,25,Yes,TEXTAREA,IIRM Sri Lanka
30029,Stock Throughput,Institute Strikes Clauses (Air Cargo) 1.1.82,Basic,26,Yes,TEXTAREA,IIRM Sri Lanka
30029,Stock Throughput,Institute War Clauses (Air) 1.1.82,Basic,27,Yes,TEXTAREA,IIRM Sri Lanka
30029,Stock Throughput,Parcel Post /Air Freight Clause,Basic,28,Yes,TEXTAREA,IIRM Sri Lanka
30029,Stock Throughput,BY RAIL/ ROAD,Asset,29,Yes,TEXT,IIRM Sri Lanka
30029,Stock Throughput,Institute Transit Clauses (A) 1.1.82,Basic,30,Yes,TEXTAREA,IIRM Sri Lanka
30029,Stock Throughput,Institute Strikes Clauses (Cargo) 1.1.82,Basic,31,Yes,TEXTAREA,IIRM Sri Lanka
30029,Stock Throughput,TC Cover for locations as per NITF Guidelines 5.2 **,Basic,32,Yes,TEXTAREA,IIRM Sri Lanka
30029,Stock Throughput,WHILST AT STORAGE,Asset,33,Yes,TEXT,IIRM Sri Lanka
30029,Stock Throughput,Institute Cargo Clauses (A) 1.1.82,Basic,34,Yes,TEXTAREA,IIRM Sri Lanka
30029,Stock Throughput,SRCC Institute Strikes Clauses (Cargo) 1.1.82,Basic,35,Yes,TEXTAREA,IIRM Sri Lanka
30029,Stock Throughput,TC Cover for locations as per NITF Guidelines 5.2,Basic,36,Yes,TEXTAREA,IIRM Sri Lanka
30029,Stock Throughput,Cover During the Process,Basic,37,Yes,TEXTAREA,IIRM Sri Lanka
30029,Stock Throughput,Basis of valuation for settlement of claims,Basic,38,Yes,TEXTAREA,IIRM Sri Lanka
30029,Stock Throughput,Extensions,Asset,39,Yes,TEXT,IIRM Sri Lanka
30029,Stock Throughput,Unexplained losses and/or mysterious disappearance and/or losses to the interest revealed on taking inventory,Basic,40,Yes,TEXTAREA,IIRM Sri Lanka
30029,Stock Throughput,Loading & Unloading,Basic,41,Yes,TEXTAREA,IIRM Sri Lanka
30029,Stock Throughput,Excess/ Deductibles,Asset,42,Yes,TEXT,IIRM Sri Lanka
30029,Stock Throughput,Excess/ Deductibles,Basic,43,Yes,TEXTAREA,IIRM Sri Lanka
15070,Student Insurance,Travel + Health + Personal Accident,Basic,1,Yes,TEXTAREA,IIRM India
15070,Student Insurance,Others,Asset,2,No,TEXTAREA,IIRM India
18539,Super Top-Up Health Policy,Health – Super Top-up,Basic,1,Yes,TEXTAREA,IIRM India
18539,Super Top-Up Health Policy,Others,Asset,2,No,TEXTAREA,IIRM India
20875,Super Top-Up Health Policy,,,,,,
30030,Surgical & Hospital Insurance,Class of Insurance,Asset,1,Yes,TEXT,IIRM Sri Lanka
30030,Surgical & Hospital Insurance,Name of Insured,Asset,2,Yes,TEXT,IIRM Sri Lanka
30030,Surgical & Hospital Insurance,Section 01 - Surgical & Hospitalization Benefit (Indoor),Asset,4,Yes,TEXT,IIRM Sri Lanka
30030,Surgical & Hospital Insurance,Maximum Limit per Year / Per Individual/Family,Basic,5,Yes,TEXTAREA,IIRM Sri Lanka
30030,Surgical & Hospital Insurance,Maximum Limit per Event Per / Individual/Family,Basic,6,Yes,TEXTAREA,IIRM Sri Lanka
30030,Surgical & Hospital Insurance,Basic Life Cover,Basic,7,Yes,TEXTAREA,IIRM Sri Lanka
30030,Surgical & Hospital Insurance,Maximum room charges per day,Basic,8,Yes,TEXTAREA,IIRM Sri Lanka
30030,Surgical & Hospital Insurance,Hospital or nursing home maintenance charges including admission Fees.,Basic,9,Yes,TEXTAREA,IIRM Sri Lanka
30030,Surgical & Hospital Insurance,"All other expenses necessarily incurred following hospitalization in an approved hospital/ nursing home and include expenses for treatment/ surgery, investigations, Surgeon's & anaesthetist's fees, Consultant's & specialist fees/services and nursing provided on the recommendation of a consultant specialist per event.",Basic,10,Yes,TEXTAREA,IIRM Sri Lanka
30030,Surgical & Hospital Insurance,"Specialized services including deep therapy treatment, x-rays, radiological and radium examination and treatment, electrical  treatment and physiotherapy due to illness or whist being hospitalized.",Basic,11,Yes,TEXTAREA,IIRM Sri Lanka
30030,Surgical & Hospital Insurance,Expenses incurred on drugs purchased & tests scans & x-rays etc  Undergone whilst being an inpatient in a non paying ward,Basic,12,Yes,TEXTAREA,IIRM Sri Lanka
30030,Surgical & Hospital Insurance,"Dental surgeries due to sickness or accident under general or local anaesthesia [excluding ordinary fillings and extraction], ENT and eye surgeries",Basic,13,Yes,TEXTAREA,IIRM Sri Lanka
30030,Surgical & Hospital Insurance,Expenses incurred for travel within Sri Lanka to obtain emergency treatment Except outdoor Treatments (Ambulance charges only),Basic,14,Yes,TEXTAREA,IIRM Sri Lanka
30030,Surgical & Hospital Insurance,Hospitalization in a non-paying ward of a government hospital up to a maximum of 30 days (per event/per annum) - per day. (Non paying wards  one night considered as a day),Basic,15,Yes,TEXTAREA,IIRM Sri Lanka
30030,Surgical & Hospital Insurance,Maternity Benefit  -Covered under indoor,Basic,16,Yes,TEXT,IIRM Sri Lanka
30030,Surgical & Hospital Insurance,Normal Child Birth Cover,Basic,17,Yes,TEXTAREA,IIRM Sri Lanka
30030,Surgical & Hospital Insurance,Abnormal Child Birth Cover -        Forceps/Vacuum & Caesarean,Basic,18,Yes,TEXTAREA,IIRM Sri Lanka
30030,Surgical & Hospital Insurance,Cash grant for Birth of Twins,Basic,19,Yes,TEXTAREA,IIRM Sri Lanka
30030,Surgical & Hospital Insurance,"Pregnancy related ailments and complications including miscarriages which necessitate hospitalization are covered within indoor limit including infertility and subfertility treatments [including IUI, IVF & embryo transplantations)",Basic,20,Yes,TEXTAREA,IIRM Sri Lanka
30030,Surgical & Hospital Insurance,"Complications in pregnancy including findings of all complications / abnormalities / deformities / scans /tests/x-rays/et, medicine and vitamin are covered - subject to followed by a hospitalization",Basic,21,Yes,TEXTAREA,IIRM Sri Lanka
30030,Surgical & Hospital Insurance,Children below one year,Basic,22,Yes,TEXTAREA,IIRM Sri Lanka
30030,Surgical & Hospital Insurance,Spectacles and Dental & Eye Surgeries  - Covered under indoor or separate limit,Basic,23,Yes,TEXT,IIRM Sri Lanka
30030,Surgical & Hospital Insurance,Cost of spectacles (Including lenses) –  Employee only - Prescribed by an eye surgeon only excluding sunglasses and the like (Claimable once in two years) Under the indoor limit,Basic,24,Yes,TEXTAREA,IIRM Sri Lanka
30030,Surgical & Hospital Insurance,"Dental treatment - filling/nerve fillings and extractions, dental x-rays covered (excluding cleaning, polishing, scaling, dentures, crowns, bridges etc).",Basic,25,Yes,TEXTAREA,IIRM Sri Lanka
30030,Surgical & Hospital Insurance,Cataract Operation Including Lenses and Laser Treatments with in indoor limit,Basic,26,Yes,TEXTAREA,IIRM Sri Lanka
30030,Surgical & Hospital Insurance,Other Benefits - Covered under indoor,Basic,27,Yes,TEXT,IIRM Sri Lanka
30030,Surgical & Hospital Insurance,Expenses for Ayurvedic Treatment (In patient)  obtained  on Reimbursement basis,Basic,28,Yes,TEXTAREA,IIRM Sri Lanka
30030,Surgical & Hospital Insurance,Vitamins & vaccinations prescribed by a specialist/consultant whilst hospitalization,Basic,29,Yes,TEXTAREA,IIRM Sri Lanka
30030,Surgical & Hospital Insurance,Cover for day surgeries (Less than 12 hours hospitalization),Basic,30,Yes,TEXTAREA,IIRM Sri Lanka
30030,Surgical & Hospital Insurance,Expenses for tests on the recommendation of the doctor without admission to the hospital on reimbursement basis (Payable under indoor limit),Basic,31,Yes,TEXTAREA,IIRM Sri Lanka
30030,Surgical & Hospital Insurance,"Pre hospitalization, Follow up Drugs",Basic,32,Yes,TEXTAREA,IIRM Sri Lanka
30030,Surgical & Hospital Insurance,"Post hospitalization, Follow up Drugs",Basic,33,Yes,TEXTAREA,IIRM Sri Lanka
30030,Surgical & Hospital Insurance,Recurring ailments,Basic,34,Yes,TEXTAREA,IIRM Sri Lanka
30030,Surgical & Hospital Insurance,Pre-existing Conditions,Basic,35,Yes,TEXTAREA,IIRM Sri Lanka
30030,Surgical & Hospital Insurance,Congenital Conditions,Basic,36,Yes,TEXTAREA,IIRM Sri Lanka
30030,Surgical & Hospital Insurance,Psychiatric and Psychology Treatments Recommended by A Qualified Practitioner whilst Hospitalized,Basic,37,Yes,TEXTAREA,IIRM Sri Lanka
30030,Surgical & Hospital Insurance,Unusual conditions of wisdom tooth  under General Anaesthesia,Basic,38,Yes,TEXTAREA,IIRM Sri Lanka
30030,Surgical & Hospital Insurance,Cataract Operation Including Lenses and Laser Treatments with in indoor limit,Basic,39,Yes,TEXTAREA,IIRM Sri Lanka
30030,Surgical & Hospital Insurance,Precautionary vaccines/vitamins prescribed by a MBBS qualified doctor,Basic,40,Yes,TEXTAREA,IIRM Sri Lanka
30030,Surgical & Hospital Insurance,Coverage for Lasik  / Laser Treatments Consultant / Specialist,Basic,41,Yes,TEXTAREA,IIRM Sri Lanka
30030,Surgical & Hospital Insurance,Routine Vaccines & immunization prescribed by a MBBS Qualified doctor,Basic,42,Yes,TEXTAREA,IIRM Sri Lanka
30030,Surgical & Hospital Insurance,Hospitalization expenses for peri-menopause conditions,Basic,43,Yes,TEXTAREA,IIRM Sri Lanka
30030,Surgical & Hospital Insurance,Acquired immune deficiency syndrome (aids) or aids related complex (arc),Basic,44,Yes,TEXTAREA,IIRM Sri Lanka
30030,Surgical & Hospital Insurance,"Homeopathy treatment accepted provided treatment is from following doctors only. Claims will be settled on reimbursement basis A) DR.Naleen Perera,Church Street,Nugegoda B) DR.Anandaraja,Wellawatte C) DR.Yasmin Latiff,Colombo 05 ,D) DR.C Sathasivam.Colombo 07 , E) DR.T C Peris,Deans Road,Maradana",Basic,45,Yes,TEXTAREA,IIRM Sri Lanka
30030,Surgical & Hospital Insurance,Cosmetics treatments subject to injury or illnesses related. (prescribed by a consultant whilst being hospital) Excluding Pure cosmetics treatments,Basic,46,Yes,TEXTAREA,IIRM Sri Lanka
30030,Surgical & Hospital Insurance,"Hospitalization expenses due to COVID-19, (Private Hospital)",Basic,47,Yes,TEXT,IIRM Sri Lanka
30030,Surgical & Hospital Insurance,Admission for private hospital or any facilities run by approved Private hospital due to epidemic & pandemic cover would be payable within inpatient limit subject to provide details breakup of hospital bill,Basic,48,Yes,TEXTAREA,IIRM Sri Lanka
30030,Surgical & Hospital Insurance,"Hospitalization expenses due to COVID-19, (Government Hospital)",Basic,49,Yes,TEXT,IIRM Sri Lanka
30030,Surgical & Hospital Insurance,Non-paying ward of a government hospital Pay day limit,Basic,50,Yes,TEXTAREA,IIRM Sri Lanka
30030,Surgical & Hospital Insurance,Section 2 - Out patient Benefits (OPD),Asset,51,Yes,TEXT,IIRM Sri Lanka
30030,Surgical & Hospital Insurance,Per Event/Annual Limit,Basic,52,Yes,TEXTAREA,IIRM Sri Lanka
30030,Surgical & Hospital Insurance,"General practitioner’s fees, special consultant’s fee, cost of drugs prescribed by a general practitioners and/or a special consultant, specialized services/tests.",Basic,53,Yes,TEXTAREA,IIRM Sri Lanka
30030,Surgical & Hospital Insurance,Vitamins prescribed by a MBBS qualified doctor or general practitioner for an ailment.,Basic,54,Yes,TEXTAREA,IIRM Sri Lanka
30030,Surgical & Hospital Insurance,Cost incurred on consultation fees/specialist fees in respect of maternity routine visits.,Basic,55,Yes,TEXTAREA,IIRM Sri Lanka
30030,Surgical & Hospital Insurance,"Dental treatment - filling/nerve fillings and extractions, dental x-rays covered (excluding cleaning, polishing, scaling, dentures, crowns, bridges etc).",Basic,56,Yes,TEXTAREA,IIRM Sri Lanka
30030,Surgical & Hospital Insurance,Precautionary vaccines/vitamins prescribed by a MBBS qualified doctor,Basic,57,Yes,TEXTAREA,IIRM Sri Lanka
30030,Surgical & Hospital Insurance,Routine Vaccines & immunization prescribed by a MBBS Qualified doctor,Basic,58,Yes,TEXTAREA,IIRM Sri Lanka
30030,Surgical & Hospital Insurance,Medical check ups prescribed by a physician or general practitioner for an ailment,Basic,59,Yes,TEXTAREA,IIRM Sri Lanka
30030,Surgical & Hospital Insurance,Skin treatment prescribed by demonologist other than cosmetic treatments,Basic,60,Yes,TEXTAREA,IIRM Sri Lanka
30030,Surgical & Hospital Insurance,Psychiatric treatment recommended by a qualified practitioner,Basic,61,Yes,TEXTAREA,IIRM Sri Lanka
30030,Surgical & Hospital Insurance,"Pregnancy related tests, medicines, vitamins and treatment prescribed by consultant including infertility & sub fertility [excluding iui, ivf & embryo transplantations].",Basic,62,Yes,TEXTAREA,IIRM Sri Lanka
30030,Surgical & Hospital Insurance,Ayurvedic treatment under any government registered ayurvedic practitioner,Basic,63,Yes,TEXTAREA,IIRM Sri Lanka
30030,Surgical & Hospital Insurance,Cosmetics treatments subject to injury or illnesses related Excluding Pure cosmetics treatments,Basic,64,Yes,TEXTAREA,IIRM Sri Lanka
30030,Surgical & Hospital Insurance,Critical illness cover - First come first serve Basis - Separate Limit,Basic,65,Yes,TEXT,IIRM Sri Lanka
30030,Surgical & Hospital Insurance,Limit per Employee,Basic,66,Yes,TEXTAREA,IIRM Sri Lanka
30030,Surgical & Hospital Insurance,Annual Aggregate,Basic,67,Yes,TEXTAREA,IIRM Sri Lanka
30030,Surgical & Hospital Insurance,No of Illnesses covered,Basic,68,Yes,TEXTAREA,IIRM Sri Lanka
30030,Surgical & Hospital Insurance,Waiting Period Applicable for CIC,Basic,69,Yes,TEXTAREA,IIRM Sri Lanka
30030,Surgical & Hospital Insurance,Conditions for CIC,Basic,70,Yes,TEXTAREA,IIRM Sri Lanka
30030,Surgical & Hospital Insurance,Conditions,Basic,71,Yes,TEXT,IIRM Sri Lanka
30030,Surgical & Hospital Insurance,Excess for Each and every Claim,Basic,72,Yes,TEXTAREA,IIRM Sri Lanka
30030,Surgical & Hospital Insurance,Waiting Period for 30 days  (for new employees),Basic,73,Yes,TEXTAREA,IIRM Sri Lanka
30030,Surgical & Hospital Insurance,Waiting period for maternity claims (for new employees),Basic,74,Yes,TEXTAREA,IIRM Sri Lanka
30030,Surgical & Hospital Insurance,Geographical limits,Basic,75,Yes,TEXTAREA,IIRM Sri Lanka
30030,Surgical & Hospital Insurance,Age Limit,Basic,76,Yes,TEXTAREA,IIRM Sri Lanka
30030,Surgical & Hospital Insurance,Family Unit Consist of,Basic,77,Yes,TEXTAREA,IIRM Sri Lanka
30030,Surgical & Hospital Insurance,Claims Intimation Period,Basic,78,Yes,TEXTAREA,IIRM Sri Lanka
30030,Surgical & Hospital Insurance,Claims settlement Period (After bill submitted to the insurer),Basic,79,Yes,TEXTAREA,IIRM Sri Lanka
30030,Surgical & Hospital Insurance,Other Benefits,Basic,80,Yes,TEXT,IIRM Sri Lanka
30030,Surgical & Hospital Insurance,Medical Card Facility,Basic,81,Yes,TEXTAREA,IIRM Sri Lanka
30030,Surgical & Hospital Insurance,Claims settlement Period (After bill submitted to the insurer),Basic,82,Yes,TEXTAREA,IIRM Sri Lanka
30030,Surgical & Hospital Insurance,"Claims should be settled inclusive of VAT amount charged, within the respective Indoor benefit limit",Basic,83,Yes,TEXTAREA,IIRM Sri Lanka
30030,Surgical & Hospital Insurance,Current Insurer,Basic,84,Yes,TEXTAREA,IIRM Sri Lanka
30030,Surgical & Hospital Insurance,Past Claims As at,Basic,85,Yes,TEXTAREA,IIRM Sri Lanka
18600,Term Life Insurance,Life – Term,Basic,1,Yes,TEXTAREA,IIRM India
18600,Term Life Insurance,Others,Asset,2,No,TEXTAREA,IIRM India
20695,Term Life Insurance,,,,,,
30031,Tour Operators Liability,Name of Insured,Asset,2,Yes,TEXT,IIRM Sri Lanka
30031,Tour Operators Liability,Business Occupation,Asset,3,Yes,TEXT,IIRM Sri Lanka
30031,Tour Operators Liability,Jurisdiction,Asset,4,Yes,TEXT,IIRM Sri Lanka
30031,Tour Operators Liability,Territorial Limit,Asset,5,Yes,TEXT,IIRM Sri Lanka
30031,Tour Operators Liability,Estimated No. of Guests,Asset,6,Yes,TEXT,IIRM Sri Lanka
30031,Tour Operators Liability,"Indemnity to the Insured (the tour operator) for legal liability to third parties arising from Personal injury, illness, or death to customers & Loss of or damage to third-party property caused by the actions or omissions of the Insured in the course of their business operations",Asset,7,Yes,TEXT,IIRM Sri Lanka
30031,Tour Operators Liability,Extensions,Asset,8,Yes,TEXT,IIRM Sri Lanka
30031,Tour Operators Liability,Food & Drink poisoning,Basic,9,Yes,TEXTAREA,IIRM Sri Lanka
30031,Tour Operators Liability,Cross Liability,Basic,10,Yes,TEXTAREA,IIRM Sri Lanka
30031,Tour Operators Liability,Liability arising out of sudden and accidental pollusion,Basic,11,Yes,TEXTAREA,IIRM Sri Lanka
30031,Tour Operators Liability,Waiver of subrogation clause,Basic,12,Yes,TEXTAREA,IIRM Sri Lanka
30031,Tour Operators Liability,Loss or damage to guest or guest property due to Burglary,Basic,13,Yes,TEXTAREA,IIRM Sri Lanka
30031,Tour Operators Liability,Burglary/Theft of Guest Property (whilst under care and custody of the insured),Basic,14,Yes,TEXTAREA,IIRM Sri Lanka
30031,Tour Operators Liability,Extended following activities,Asset,15,Yes,TEXT,IIRM Sri Lanka
30031,Tour Operators Liability,1.Aerial Tram,Basic,16,Yes,TEXTAREA,IIRM Sri Lanka
30031,Tour Operators Liability,2.ATV’s,Basic,17,Yes,TEXTAREA,IIRM Sri Lanka
30031,Tour Operators Liability,3.Banana Boats,Basic,18,Yes,TEXTAREA,IIRM Sri Lanka
30031,Tour Operators Liability,4.Beach Equipment Rental,Basic,19,Yes,TEXTAREA,IIRM Sri Lanka
30031,Tour Operators Liability,5.Beach Tours,Basic,20,Yes,TEXTAREA,IIRM Sri Lanka
30031,Tour Operators Liability,6.Biking,Basic,21,Yes,TEXTAREA,IIRM Sri Lanka
30031,Tour Operators Liability,7.Bird Watching,Basic,22,Yes,TEXTAREA,IIRM Sri Lanka
30031,Tour Operators Liability,8.Cave/River Tubing,Basic,23,Yes,TEXTAREA,IIRM Sri Lanka
30031,Tour Operators Liability,9.Cultural / Historical Tours,Basic,24,Yes,TEXTAREA,IIRM Sri Lanka
30031,Tour Operators Liability,10.Deep Sea Fishing,Basic,25,Yes,TEXTAREA,IIRM Sri Lanka
30031,Tour Operators Liability,11.Golfing,Basic,26,Yes,TEXTAREA,IIRM Sri Lanka
30031,Tour Operators Liability,12.Hiking,Basic,27,Yes,TEXTAREA,IIRM Sri Lanka
30031,Tour Operators Liability,13.Horseback Riding,Basic,28,Yes,TEXTAREA,IIRM Sri Lanka
30031,Tour Operators Liability,14.Safari Jeep Parks/Yala + Minneriya,Basic,29,Yes,TEXTAREA,IIRM Sri Lanka
30031,Tour Operators Liability,15.Kayaking / Canoeing,Basic,30,Yes,TEXTAREA,IIRM Sri Lanka
30031,Tour Operators Liability,16.Museum Tours,Basic,31,Yes,TEXTAREA,IIRM Sri Lanka
30031,Tour Operators Liability,17.Nature Tours,Basic,32,Yes,TEXTAREA,IIRM Sri Lanka
30031,Tour Operators Liability,18.Party Cruises,Basic,33,Yes,TEXTAREA,IIRM Sri Lanka
30031,Tour Operators Liability,19.Rafting,Basic,34,Yes,TEXTAREA,IIRM Sri Lanka
30031,Tour Operators Liability,20.Rock Wall Climbing,Basic,35,Yes,TEXTAREA,IIRM Sri Lanka
30031,Tour Operators Liability,21.Sailing,Basic,36,Yes,TEXTAREA,IIRM Sri Lanka
30031,Tour Operators Liability,Sigiriya/Adams Peak tour,Basic,37,Yes,TEXTAREA,IIRM Sri Lanka
30031,Tour Operators Liability,22.Sightseeing Tours – Land,Basic,38,Yes,TEXTAREA,IIRM Sri Lanka
30031,Tour Operators Liability,23.Sightseeing Tours – Water,Basic,39,Yes,TEXTAREA,IIRM Sri Lanka
30031,Tour Operators Liability,24.Snorkeling,Basic,40,Yes,TEXTAREA,IIRM Sri Lanka
30031,Tour Operators Liability,25.Scuba,Basic,41,Yes,TEXTAREA,IIRM Sri Lanka
30031,Tour Operators Liability,26.Spearfishing,Basic,42,Yes,TEXTAREA,IIRM Sri Lanka
30031,Tour Operators Liability,27.Surfing /Paddleboarding,Basic,43,Yes,TEXTAREA,IIRM Sri Lanka
30031,Tour Operators Liability,28.Swim With Dolphins Stingrays,Basic,44,Yes,TEXTAREA,IIRM Sri Lanka
30031,Tour Operators Liability,29.Train Tours,Basic,45,Yes,TEXTAREA,IIRM Sri Lanka
30031,Tour Operators Liability,30.Transportation / Transfers by Automobile,Basic,46,Yes,TEXTAREA,IIRM Sri Lanka
30031,Tour Operators Liability,31.Transportation / Transfers by Watercraft,Basic,47,Yes,TEXTAREA,IIRM Sri Lanka
30031,Tour Operators Liability,32.Walking Tours,Basic,48,Yes,TEXTAREA,IIRM Sri Lanka
30031,Tour Operators Liability,33.Waterskiing /Wake Boarding,Basic,49,Yes,TEXTAREA,IIRM Sri Lanka
30031,Tour Operators Liability,34.Other : Hot Air Ballooning,Basic,50,Yes,TEXTAREA,IIRM Sri Lanka
30031,Tour Operators Liability,Whale watching,Basic,51,Yes,TEXTAREA,IIRM Sri Lanka
30031,Tour Operators Liability,Zip Lining,Basic,52,Yes,TEXTAREA,IIRM Sri Lanka
30031,Tour Operators Liability,Nature Walk,Basic,53,Yes,TEXTAREA,IIRM Sri Lanka
30031,Tour Operators Liability,Excess,Asset,54,Yes,TEXT,IIRM Sri Lanka
30031,Tour Operators Liability,Property Claims,Basic,55,Yes,TEXTAREA,IIRM Sri Lanka
30031,Tour Operators Liability,Exclustions,Asset,56,Yes,TEXT,IIRM Sri Lanka
30031,Tour Operators Liability,Professional indemnity,Basic,57,Yes,TEXTAREA,IIRM Sri Lanka
30031,Tour Operators Liability,pure financial loss,Basic,58,Yes,TEXTAREA,IIRM Sri Lanka
30031,Tour Operators Liability,"Fines, Penalties, Punitive, Exemplary or Multiple Damages",Basic,59,Yes,TEXTAREA,IIRM Sri Lanka
30031,Tour Operators Liability,"Any incidents, claims or legal suits which may give rise to a loss or claim against this policy, which Insured are aware of or should have been aware of prior to the policy inception, Contractual Liability",Basic,60,Yes,TEXTAREA,IIRM Sri Lanka
30031,Tour Operators Liability,Electronic Date Recognition Clause,Basic,61,Yes,TEXTAREA,IIRM Sri Lanka
30031,Tour Operators Liability,"Institute Radioactive Contamination, Chemical, Biological, Biochemical and Electromagnetic Weapons exclusion Clause",Basic,62,Yes,TEXTAREA,IIRM Sri Lanka
30031,Tour Operators Liability,Sanction Limitation and Exclusion Clause,Basic,63,Yes,TEXTAREA,IIRM Sri Lanka
30031,Tour Operators Liability,Political Risks Exclusion Clause,Basic,64,Yes,TEXTAREA,IIRM Sri Lanka
30031,Tour Operators Liability,Cyber Attack Exclusion Clause,Basic,65,Yes,TEXTAREA,IIRM Sri Lanka
30031,Tour Operators Liability,"Industrial, Seepage, Pollution and Contamination Clause",Basic,66,Yes,TEXTAREA,IIRM Sri Lanka
30031,Tour Operators Liability,Communicable disease exclusion,Basic,67,Yes,TEXTAREA,IIRM Sri Lanka
30031,Tour Operators Liability,Hazardous sports are excluded by this policy,Basic,68,Yes,TEXTAREA,IIRM Sri Lanka
30031,Tour Operators Liability,Conditions,Asset,69,Yes,TEXT,IIRM Sri Lanka
30031,Tour Operators Liability,Conditions,Basic,70,Yes,TEXTAREA,IIRM Sri Lanka
30031,Tour Operators Liability,Conditions,Asset,71,Yes,TEXT,IIRM Sri Lanka
30031,Tour Operators Liability,Submission of duly completed proposal form prior to confirmation of the cover,Basic,72,Yes,TEXTAREA,IIRM Sri Lanka
30031,Tour Operators Liability,Subject no Known or Reported claims/Incidents as of binding date,Basic,73,Yes,TEXTAREA,IIRM Sri Lanka
30031,Tour Operators Liability,No material changes to the risk,Basic,74,Yes,TEXTAREA,IIRM Sri Lanka
30031,Tour Operators Liability,Subject to submission of details of the event organized by the insured prior to confirmation of the cover,Basic,75,Yes,TEXTAREA,IIRM Sri Lanka
18584,Trade Certificate Insurance,Motor – Trade Certificate,Basic,1,Yes,TEXTAREA,IIRM India
18584,Trade Certificate Insurance,Others,Asset,2,No,TEXTAREA,IIRM India
20687,Trade Certificate Insurance,,,,,,
18506,Traders Package Policy,Package – Trader / SME,Basic,1,Yes,TEXTAREA,IIRM India
18506,Traders Package Policy,Others,Asset,2,No,TEXTAREA,IIRM India
20671,Traders Package Policy,,,,,,
18522,Travel Insurance,Travel,Basic,1,Yes,TEXTAREA,IIRM India
18522,Travel Insurance,Others,Asset,2,No,TEXTAREA,IIRM India
20861,Travel Insurance,,,,,,
18597,Two Wheeler Passenger Insurance,Motor – Passenger Risk,Basic,1,Yes,TEXTAREA,IIRM India
18597,Two Wheeler Passenger Insurance,Others,Asset,2,No,TEXTAREA,IIRM India
20916,Two Wheeler Passenger Insurance,,,,,,
30032,Warehouse Legal Liability,Occupation,Asset,4,Yes,TEXT,IIRM Sri Lanka
30032,Warehouse Legal Liability,Law & Jurisdiction,Asset,5,Yes,TEXT,IIRM Sri Lanka
30032,Warehouse Legal Liability,Territorial Limit,Asset,6,Yes,TEXT,IIRM Sri Lanka
30032,Warehouse Legal Liability,Claims Trigger / Basis of settlement,Asset,7,Yes,TEXT,IIRM Sri Lanka
30032,Warehouse Legal Liability,Annual Turn Over,Asset,8,Yes,TEXT,IIRM Sri Lanka
30032,Warehouse Legal Liability,Retroactive Date,Asset,9,Yes,TEXT,IIRM Sri Lanka
30032,Warehouse Legal Liability,Limit of Liability,Asset,10,Yes,TEXT,IIRM Sri Lanka
30032,Warehouse Legal Liability,Scope of Cover,Asset,11,Yes,TEXT,IIRM Sri Lanka
30032,Warehouse Legal Liability,"Legal liability arising from the loss of or damage to goods, property, or materials while such goods or materials are under the control of the Warehouse Operator for storage, handling, or distribution",Basic,12,Yes,TEXTAREA,IIRM Sri Lanka
30032,Warehouse Legal Liability,Extensions,Asset,13,Yes,TEXT,IIRM Sri Lanka
30032,Warehouse Legal Liability,Professional Indemnity/ Errors and Omissions,Basic,14,Yes,TEXTAREA,IIRM Sri Lanka
30032,Warehouse Legal Liability,Third party liability,Basic,15,Yes,TEXTAREA,IIRM Sri Lanka
30032,Warehouse Legal Liability,Deductibles,Asset,16,Yes,TEXT,IIRM Sri Lanka
30032,Warehouse Legal Liability,Deductibles,Basic,17,Yes,TEXTAREA,IIRM Sri Lanka
30032,Warehouse Legal Liability,Premium LKR,Asset,18,Yes,TEXT,IIRM Sri Lanka
30032,Warehouse Legal Liability,Excluding Taxes,Asset,19,Yes,TEXTAREA,IIRM Sri Lanka
30032,Warehouse Legal Liability,Including Taxes,Asset,20,Yes,TEXTAREA,IIRM Sri Lanka
30032,Warehouse Legal Liability,Warranties,Basic,21,Yes,TEXTAREA,IIRM Sri Lanka
30032,Warehouse Legal Liability,Exclusions,Basic,22,Yes,TEXTAREA,IIRM Sri Lanka
30032,Warehouse Legal Liability,Subjectivities,Basic,23,Yes,TEXTAREA,IIRM Sri Lanka
15091,Windmill Package Insurance,Package – Project Specific (Windmill),Basic,1,Yes,TEXTAREA,IIRM India
15091,Windmill Package Insurance,Others,Asset,2,No,TEXTAREA,IIRM India
30012,Workman Compensation,Occupation,Asset,4,Yes,TEXTAREA,IIRM Sri Lanka
30012,Workman Compensation,Category of Employees,Asset,6,Yes,TEXT,IIRM Sri Lanka
30012,Workman Compensation,No of Employees,Asset,7,Yes,TEXTAREA,IIRM Sri Lanka
30012,Workman Compensation,Estimated Annual Earning,Asset,8,Yes,TEXTAREA,IIRM Sri Lanka
30012,Workman Compensation,Scope of Cover,Asset,9,Yes,TEXT,IIRM Sri Lanka
30012,Workman Compensation,"Legally liable to pay as damages in respect of death, bodily injury, illness or disease to an employee caused in the course of employment or by an accident took place while coming from his place of residence to the work place or while returning back to his place of residence from the work place & arising out of employment (The amount of compensation as per the Workmen's Compensation Act No. 19 of 1934 and subsequent amendments including Act, No.10 of 2022)",Basic,10,Yes,TEXTAREA,IIRM Sri Lanka
30012,Workman Compensation,Common Law Liability,Basic,11,Yes,TEXTAREA,IIRM Sri Lanka
30012,Workman Compensation,Extensions,Asset,12,Yes,TEXT,IIRM Sri Lanka
30012,Workman Compensation,Riot & Strike,Basic,13,Yes,TEXTAREA,IIRM Sri Lanka
30012,Workman Compensation,Terrorism,Basic,14,Yes,TEXTAREA,IIRM Sri Lanka
30012,Workman Compensation,1st Three days cover,Basic,15,Yes,TEXTAREA,IIRM Sri Lanka
30012,Workman Compensation,Food & Drink Poisoning,Basic,16,Yes,TEXTAREA,IIRM Sri Lanka
30012,Workman Compensation,Premium LKR,Basic,17,Yes,TEXT,IIRM Sri Lanka
30012,Workman Compensation,Basic,Asset,18,Yes,TEXTAREA,IIRM Sri Lanka
30012,Workman Compensation,Riot & Strike & Civil Commotion,Asset,19,Yes,TEXTAREA,IIRM Sri Lanka
30012,Workman Compensation,Terrorism,Asset,20,Yes,TEXTAREA,IIRM Sri Lanka
30012,Workman Compensation,Premium Exc. Taxes,Asset,21,Yes,TEXTAREA,IIRM Sri Lanka
30012,Workman Compensation,Premium including Taxes,Asset,22,Yes,TEXTAREA,IIRM Sri Lanka
30012,Workman Compensation,Warranties,Basic,23,Yes,TEXTAREA,IIRM Sri Lanka
30012,Workman Compensation,Conditions,Basic,24,Yes,TEXTAREA,IIRM Sri Lanka
30012,Workman Compensation,Exclusions,Basic,25,Yes,TEXTAREA,IIRM Sri Lanka
30012,Workman Compensation,Subjectivities,Basic,26,Yes,TEXTAREA,IIRM Sri Lanka
18530,Workmen Compensation Insurance (WC),Risk Locations,Asset,1,Yes,TEXTAREA,IIRM India
18530,Workmen Compensation Insurance (WC),Total No of Employees,Asset,2,Yes,TEXTAREA,IIRM India
18530,Workmen Compensation Insurance (WC),Nature of Job / activity  of each employee,Basic,3,Yes,TEXTAREA,IIRM India
18530,Workmen Compensation Insurance (WC),Estimated wages for the year,Basic,4,Yes,TEXTAREA,IIRM India
18530,Workmen Compensation Insurance (WC),"Coverages under WC Act 1923, Fatal Accidents Act 1855 & Common law",Add On,5,Yes,TEXTAREA,IIRM India
18530,Workmen Compensation Insurance (WC),Limit for Medical extension,Add On,6,Yes,TEXTAREA,IIRM India
18530,Workmen Compensation Insurance (WC),Occupational Disease cover,Add On,7,Yes,TEXTAREA,IIRM India
18530,Workmen Compensation Insurance (WC),Workers of all contractors and sub-contractors are to be covered,Add On,8,Yes,TEXTAREA,IIRM India
18530,Workmen Compensation Insurance (WC),Whether underground / high rise / surface activities involved,Add On,9,Yes,TEXTAREA,IIRM India
18530,Workmen Compensation Insurance (WC),Claim Status incl Nature of claims,Add On,10,Yes,TEXTAREA,IIRM India
18530,Workmen Compensation Insurance (WC),Other terms & coverages,Add On,11,Yes,TEXTAREA,IIRM India
20867,Workmen Compensation Insurance (WC),,,,,,
20306,consultancy,,,,,,
20312,consultancy,,,,,,
18601,iProtect Smart Life Insurance,Life – Term,Basic,1,Yes,TEXTAREA,IIRM India
18601,iProtect Smart Life Insurance,Others,Asset,2,No,TEXTAREA,IIRM India
20696,iProtect Smart Life Insurance,,,,,,
20307,life,,,,,,
20313,life,,,,,,
