S No,Library_Name,Version,Ecosystem,Recommended Version,License,Dependency_Type,Vulnerabilities,Project,Path
1,axios,1.13.5,npm,1.16.0,,Direct,23,apps/services/strapi-cms-service/package.json,apps/services/strapi-cms-service/package.json
2,axios,1.13.6,npm,1.16.0,,Direct,23,package-lock.json,package-lock.json
3,koa,2.15.4,npm,2.16.4,,Transitive,8,package-lock.json,package-lock.json
4,undici,6.23.0,npm,6.24.0,,Transitive,8,package-lock.json,package-lock.json
5,handlebars,4.7.7,npm,4.7.9,MIT,Direct,6,package-lock.json,package-lock.json
6,handlebars,4.7.8,npm,4.7.9,MIT,Direct,6,package-lock.json,package-lock.json
7,file-type,20.4.1,npm,21.3.2,,Transitive,4,package-lock.json,package-lock.json
8,file-type,21.0.0,npm,21.3.2,,Transitive,4,package-lock.json,package-lock.json
9,formidable,2.1.5,npm,3.5.3,,Transitive,4,package-lock.json,package-lock.json
10,dompurify,3.3.3,npm,3.4.0,,Direct,3,package-lock.json,package-lock.json
11,picomatch,4.0.1,npm,4.0.4,MIT,Transitive,3,package-lock.json,package-lock.json
12,tmp,0.0.33,npm,0.2.6,MIT,Transitive,3,package-lock.json,package-lock.json
13,basic-ftp,5.2.0,npm,5.3.1,,Transitive,3,package-lock.json,package-lock.json
14,jspdf,4.2.0,npm,4.2.1,,Direct,3,package-lock.json,package-lock.json
15,picomatch,4.0.2,npm,4.0.4,MIT,Transitive,3,package-lock.json,package-lock.json
16,ajv,8.13.0,npm,8.18.0,,Transitive,2,package-lock.json,package-lock.json
17,picomatch,4.0.3,npm,4.0.4,,Transitive,2,package-lock.json,package-lock.json
18,elliptic,6.6.1,npm,,,Transitive,2,package-lock.json,package-lock.json
19,picomatch,2.3.1,npm,2.3.2,MIT,Transitive,2,package-lock.json,package-lock.json
20,quill,1.3.7,npm,2.0.0,BSD-3-Clause,Transitive,2,package-lock.json,package-lock.json
21,@tootallnate/once,2.0.0,npm,2.0.1,MIT,Transitive,2,package-lock.json,package-lock.json
22,yauzl,2.10.0,npm,3.2.1,MIT,Transitive,2,package-lock.json,package-lock.json
23,vite,6.4.1,npm,6.4.2,,Direct,2,package-lock.json,package-lock.json
24,brace-expansion,5.0.4,npm,5.0.6,,Transitive,2,package-lock.json,package-lock.json
25,fast-uri,3.1.0,npm,3.1.2,,Transitive,2,package-lock.json,package-lock.json
26,ajv,8.17.1,npm,8.18.0,,Transitive,2,package-lock.json,package-lock.json
27,file-type,17.1.6,npm,21.3.2,,Transitive,2,package-lock.json,package-lock.json
28,bn.js,4.12.3,npm,5.2.3,,Transitive,2,package-lock.json,package-lock.json
29,ajv,8.12.0,npm,8.18.0,,Transitive,2,package-lock.json,package-lock.json
30,fast-xml-parser,5.5.6,npm,5.7.0,,Transitive,2,package-lock.json,package-lock.json
31,ws,8.19.0,npm,8.20.1,,Transitive,1,package-lock.json,package-lock.json
32,yaml,2.8.2,npm,2.8.3,,Transitive,1,package-lock.json,package-lock.json
33,react-router,6.30.3,npm,6.30.4,,Transitive,1,package-lock.json,package-lock.json
34,shell-quote,1.8.3,npm,1.8.4,,Transitive,1,package-lock.json,package-lock.json
35,uuid,11.1.0,npm,11.1.1,,Transitive,1,package-lock.json,package-lock.json
36,@babel/plugin-transform-modules-systemjs,7.29.0,npm,7.29.4,,Transitive,1,package-lock.json,package-lock.json
37,tmp,0.2.5,npm,0.2.6,,Transitive,1,package-lock.json,package-lock.json
38,webpack-dev-server,5.2.3,npm,5.2.4,,Transitive,1,package-lock.json,package-lock.json
39,flatted,3.4.1,npm,3.4.2,,Transitive,1,package-lock.json,package-lock.json
40,uuid,8.0.0,npm,11.1.1,,Transitive,1,package-lock.json,package-lock.json
41,path-to-regexp,0.1.12,npm,0.1.13,,Transitive,1,package-lock.json,package-lock.json
42,serialize-javascript,6.0.2,npm,7.0.5,BSD-3-Clause,Transitive,1,package-lock.json,package-lock.json
43,@ai-sdk/provider-utils,3.0.20,npm,4.0.0,,Transitive,1,package-lock.json,package-lock.json
44,ws,8.17.1,npm,8.20.1,,Transitive,1,package-lock.json,package-lock.json
45,uuid,9.0.1,npm,11.1.1,,Transitive,1,package-lock.json,package-lock.json
46,lodash,4.17.23,npm,4.18.0,,Transitive,1,package-lock.json,package-lock.json
47,qs,6.15.0,npm,6.15.2,,Transitive,1,package-lock.json,package-lock.json
48,fast-xml-builder,1.1.4,npm,1.1.7,,Transitive,1,package-lock.json,package-lock.json
49,@strapi/plugin-users-permissions,5.36.0,npm,,,Direct,1,apps/services/strapi-cms-service/package.json,apps/services/strapi-cms-service/package.json
50,path-to-regexp,8.3.0,npm,8.4.0,,Transitive,1,package-lock.json,package-lock.json
51,@strapi/strapi,5.36.0,npm,5.37.0,,Direct,1,apps/services/strapi-cms-service/package.json,apps/services/strapi-cms-service/package.json
52,yaml,1.10.2,npm,1.10.3,,Transitive,1,package-lock.json,package-lock.json
53,defu,6.1.4,npm,6.1.5,MIT,Transitive,1,package-lock.json,package-lock.json
54,lodash-es,4.17.23,npm,4.18.0,,Transitive,1,package-lock.json,package-lock.json
55,@strapi/plugin-users-permissions,5.39.0,npm,,,Direct,1,package-lock.json,package-lock.json
56,uuid,8.3.2,npm,11.1.1,,Transitive,1,package-lock.json,package-lock.json
57,vitest,3.2.4,npm,3.2.6,,Direct,1,package-lock.json,package-lock.json
58,ws,8.18.0,npm,8.20.1,,Transitive,1,package-lock.json,package-lock.json
59,postcss,8.5.8,npm,8.5.10,,Transitive,1,package-lock.json,package-lock.json
60,postcss,8.4.49,npm,8.5.10,,Transitive,1,package-lock.json,package-lock.json
61,ip-address,10.1.0,npm,10.1.1,,Transitive,1,package-lock.json,package-lock.json
62,@ai-sdk/provider-utils,3.0.9,npm,4.0.0,,Transitive,1,package-lock.json,package-lock.json
63,@nestjs/core,10.4.22,npm,11.1.18,,Direct,1,package-lock.json,package-lock.json
64,commander,11.1.0,npm,,,Transitive,0,package-lock.json,package-lock.json
65,is-binary-path,2.1.0,npm,,MIT,Transitive,0,package-lock.json,package-lock.json
66,svg-pathdata,6.0.3,npm,,MIT,Transitive,0,package-lock.json,package-lock.json
67,pend,1.2.0,npm,,MIT,Transitive,0,package-lock.json,package-lock.json
68,vscode-textmate,8.0.0,npm,,MIT,Transitive,0,package-lock.json,package-lock.json
69,detect-indent,6.1.0,npm,,MIT,Transitive,0,package-lock.json,package-lock.json
70,glob-to-regexp,0.4.1,npm,,BSD-2-Clause,Transitive,0,package-lock.json,package-lock.json
71,property-expr,2.0.6,npm,,MIT,Transitive,0,package-lock.json,package-lock.json
72,ci-info,4.0.0,npm,,MIT,Transitive,0,package-lock.json,package-lock.json
73,open,10.2.0,npm,,,Transitive,0,package-lock.json,package-lock.json
74,@verdaccio/ui-theme,8.0.0-next-8.30,npm,,,Transitive,0,package-lock.json,package-lock.json
75,babel-plugin-polyfill-corejs3,0.13.0,npm,,,Transitive,0,package-lock.json,package-lock.json
76,traverse,0.3.9,npm,,,Transitive,0,package-lock.json,package-lock.json
77,@smithy/util-config-provider,4.2.2,npm,,,Transitive,0,package-lock.json,package-lock.json
78,webpack-merge,5.10.0,npm,,MIT,Transitive,0,package-lock.json,package-lock.json
79,figures,6.1.0,npm,,MIT,Transitive,0,package-lock.json,package-lock.json
80,html2canvas,1.4.1,npm,,MIT,Direct,0,package-lock.json,package-lock.json
81,mailcomposer,3.12.0,npm,,MIT,Transitive,0,package-lock.json,package-lock.json
82,@babel/helper-validator-option,7.27.1,npm,,,Transitive,0,package-lock.json,package-lock.json
83,@insurance-wellness-hub/ibp,,npm,,,Transitive,0,package-lock.json,package-lock.json
84,@paralleldrive/cuid2,2.2.2,npm,,MIT,Transitive,0,package-lock.json,package-lock.json
85,jest-changed-files,29.7.0,npm,,MIT,Transitive,0,package-lock.json,package-lock.json
86,commander,7.2.0,npm,,,Transitive,0,package-lock.json,package-lock.json
87,@react-dnd/shallowequal,4.0.2,npm,,MIT,Transitive,0,package-lock.json,package-lock.json
88,koa-helmet,7.0.2,npm,,MIT,Transitive,0,package-lock.json,package-lock.json
89,@module-federation/inject-external-runtime-core-plugin,0.9.1,npm,,,Transitive,0,package-lock.json,package-lock.json
90,@radix-ui/react-popover,1.0.7,npm,,MIT,Transitive,0,package-lock.json,package-lock.json
91,@babel/plugin-transform-flow-strip-types,7.27.1,npm,,,Transitive,0,package-lock.json,package-lock.json
92,@smithy/util-endpoints,3.3.3,npm,,,Transitive,0,package-lock.json,package-lock.json
93,@commitlint/config-conventional,19.8.1,npm,,,Direct,0,package-lock.json,package-lock.json
94,@smithy/util-waiter,4.2.13,npm,,,Transitive,0,package-lock.json,package-lock.json
95,pkg-dir,7.0.0,npm,,MIT,Transitive,0,package-lock.json,package-lock.json
96,resolve-cwd,3.0.0,npm,,MIT,Transitive,0,package-lock.json,package-lock.json
97,ai,5.0.52,npm,,,Transitive,0,package-lock.json,package-lock.json
98,is-stream,1.1.0,npm,,MIT,Transitive,0,package-lock.json,package-lock.json
99,color,4.2.3,npm,,,Transitive,0,package-lock.json,package-lock.json
100,escape-string-regexp,5.0.0,npm,,,Transitive,0,package-lock.json,package-lock.json
101,copy-anything,2.0.6,npm,,MIT,Transitive,0,package-lock.json,package-lock.json
102,generic-pool,3.9.0,npm,,,Direct,0,package-lock.json,package-lock.json
103,react-hook-form,7.71.2,npm,,,Direct,0,package-lock.json,package-lock.json
104,@img/sharp-win32-x64,0.33.5,npm,,Apache-2.0,Transitive,0,package-lock.json,package-lock.json
105,@babel/plugin-transform-unicode-property-regex,7.28.6,npm,,,Transitive,0,package-lock.json,package-lock.json
106,nx,20.6.1,npm,,,Direct,0,package-lock.json,package-lock.json
107,stackback,0.0.2,npm,,,Transitive,0,package-lock.json,package-lock.json
108,@strapi/content-manager,5.39.0,npm,,,Transitive,0,package-lock.json,package-lock.json
109,web-streams-polyfill,3.3.3,npm,,MIT,Transitive,0,package-lock.json,package-lock.json
110,@radix-ui/react-primitive,2.1.3,npm,,,Transitive,0,package-lock.json,package-lock.json
111,@esbuild/linux-arm,0.25.12,npm,,,Transitive,0,package-lock.json,package-lock.json
112,param-case,3.0.4,npm,,MIT,Transitive,0,package-lock.json,package-lock.json
113,stackblur-canvas,2.7.0,npm,,MIT,Transitive,0,package-lock.json,package-lock.json
114,xdg-portable,10.6.0,npm,,MIT,Transitive,0,package-lock.json,package-lock.json
115,@babel/plugin-syntax-logical-assignment-operators,7.10.4,npm,,MIT,Transitive,0,package-lock.json,package-lock.json
116,find-up,7.0.0,npm,,MIT,Transitive,0,package-lock.json,package-lock.json
117,dom-serializer,2.0.0,npm,,MIT,Transitive,0,package-lock.json,package-lock.json
118,@formatjs/intl-localematcher,0.6.2,npm,,,Transitive,0,package-lock.json,package-lock.json
119,@babel/plugin-transform-unicode-sets-regex,7.28.6,npm,,,Transitive,0,package-lock.json,package-lock.json
120,typedoc-plugin-markdown,3.17.1,npm,,MIT,Transitive,0,package-lock.json,package-lock.json
121,character-entities-html4,2.1.0,npm,,MIT,Transitive,0,package-lock.json,package-lock.json
122,@babel/plugin-syntax-numeric-separator,7.10.4,npm,,MIT,Transitive,0,package-lock.json,package-lock.json
123,@babel/plugin-transform-explicit-resource-management,7.28.6,npm,,,Transitive,0,package-lock.json,package-lock.json
124,@module-federation/dts-plugin,2.2.1,npm,,,Transitive,0,package-lock.json,package-lock.json
125,webpack-node-externals,3.0.0,npm,,MIT,Transitive,0,package-lock.json,package-lock.json
126,@swc-node/sourcemap-support,0.5.1,npm,,MIT,Transitive,0,package-lock.json,package-lock.json
127,@mui/core-downloads-tracker,6.5.0,npm,,,Transitive,0,package-lock.json,package-lock.json
128,wbuf,1.7.3,npm,,MIT,Transitive,0,package-lock.json,package-lock.json
129,cli-truncate,2.1.0,npm,,MIT,Transitive,0,package-lock.json,package-lock.json
130,is-extglob,2.1.1,npm,,MIT,Transitive,0,package-lock.json,package-lock.json
131,use-sidecar,1.1.3,npm,,,Transitive,0,package-lock.json,package-lock.json
132,@mui/private-theming,7.3.9,npm,,,Transitive,0,package-lock.json,package-lock.json
133,@peculiar/asn1-rsa,2.6.1,npm,,,Transitive,0,package-lock.json,package-lock.json
134,alien-signals,0.4.14,npm,,,Transitive,0,package-lock.json,package-lock.json
135,license-webpack-plugin,4.0.2,npm,,,Transitive,0,package-lock.json,package-lock.json
136,camelize,1.0.1,npm,,MIT,Transitive,0,package-lock.json,package-lock.json
137,is-localhost-ip,2.0.0,npm,,MIT,Transitive,0,package-lock.json,package-lock.json
138,postcss-import,14.1.0,npm,,MIT,Transitive,0,package-lock.json,package-lock.json
139,flow-parser,0.305.1,npm,,,Transitive,0,package-lock.json,package-lock.json
140,cssstyle,2.3.0,npm,,MIT,Transitive,0,package-lock.json,package-lock.json
141,@babel/plugin-transform-object-super,7.27.1,npm,,,Transitive,0,package-lock.json,package-lock.json
142,@sindresorhus/is,4.6.0,npm,,MIT,Transitive,0,package-lock.json,package-lock.json
143,sass-embedded-linux-riscv64,1.98.0,npm,,,Transitive,0,package-lock.json,package-lock.json
144,w3c-xmlserializer,4.0.0,npm,,MIT,Transitive,0,package-lock.json,package-lock.json
145,@babel/plugin-transform-for-of,7.27.1,npm,,,Transitive,0,package-lock.json,package-lock.json
146,@codemirror/search,6.6.0,npm,,,Transitive,0,package-lock.json,package-lock.json
147,camelcase,5.3.1,npm,,MIT,Transitive,0,package-lock.json,package-lock.json
148,@webassemblyjs/utf8,1.13.2,npm,,MIT,Transitive,0,package-lock.json,package-lock.json
149,@radix-ui/react-portal,1.0.4,npm,,MIT,Transitive,0,package-lock.json,package-lock.json
150,core-js,3.49.0,npm,,,Transitive,0,package-lock.json,package-lock.json
151,is-interactive,2.0.0,npm,,MIT,Transitive,0,package-lock.json,package-lock.json
152,postcss-minify-params,6.1.0,npm,,MIT,Transitive,0,package-lock.json,package-lock.json
153,typescript,5.7.2,npm,,,Direct,0,package-lock.json,package-lock.json
154,utrie,1.0.2,npm,,MIT,Transitive,0,package-lock.json,package-lock.json
155,@jridgewell/trace-mapping,0.3.9,npm,,MIT,Transitive,0,package-lock.json,package-lock.json
156,parse-srcset,1.0.2,npm,,MIT,Transitive,0,package-lock.json,package-lock.json
157,mini-css-extract-plugin,2.4.7,npm,,MIT,Transitive,0,package-lock.json,package-lock.json
158,find-up,6.3.0,npm,,MIT,Transitive,0,package-lock.json,package-lock.json
159,require-from-string,2.0.2,npm,,MIT,Transitive,0,package-lock.json,package-lock.json
160,sonic-boom,3.8.1,npm,,MIT,Transitive,0,package-lock.json,package-lock.json
161,vfile-location,5.0.3,npm,,MIT,Transitive,0,package-lock.json,package-lock.json
162,node-int64,0.4.0,npm,,MIT,Transitive,0,package-lock.json,package-lock.json
163,sort-keys-length,1.0.1,npm,,MIT,Transitive,0,package-lock.json,package-lock.json
164,@babel/plugin-transform-private-property-in-object,7.28.6,npm,,,Transitive,0,package-lock.json,package-lock.json
165,@types/connect,3.4.38,npm,,MIT,Transitive,0,package-lock.json,package-lock.json
166,gsap,3.14.2,npm,,,Direct,0,package-lock.json,package-lock.json
167,one-time,1.0.0,npm,,MIT,Transitive,0,package-lock.json,package-lock.json
168,@reduxjs/toolkit,2.11.2,npm,,,Direct,0,package-lock.json,package-lock.json
169,big.js,5.2.2,npm,,MIT,Transitive,0,package-lock.json,package-lock.json
170,@rushstack/node-core-library,5.13.0,npm,,,Transitive,0,package-lock.json,package-lock.json
171,is-async-function,2.1.1,npm,,,Transitive,0,package-lock.json,package-lock.json
172,postcss-modules-values,4.0.0,npm,,,Transitive,0,package-lock.json,package-lock.json
173,@lezer/highlight,1.2.3,npm,,,Transitive,0,package-lock.json,package-lock.json
174,mimic-response,1.0.1,npm,,MIT,Transitive,0,package-lock.json,package-lock.json
175,@esbuild/android-arm64,0.25.12,npm,,,Transitive,0,package-lock.json,package-lock.json
176,@esbuild/linux-ia32,0.25.12,npm,,,Transitive,0,package-lock.json,package-lock.json
177,execa,5.1.1,npm,,MIT,Transitive,0,package-lock.json,package-lock.json
178,pkg-up,3.1.0,npm,,MIT,Transitive,0,package-lock.json,package-lock.json
179,@svgr/babel-plugin-add-jsx-attribute,8.0.0,npm,,MIT,Transitive,0,package-lock.json,package-lock.json
180,@webpack-cli/info,2.0.2,npm,,MIT,Transitive,0,package-lock.json,package-lock.json
181,eslint,9.39.4,npm,,,Direct,0,package-lock.json,package-lock.json
182,@babel/plugin-transform-template-literals,7.27.1,npm,,,Transitive,0,package-lock.json,package-lock.json
183,char-regex,1.0.2,npm,,MIT,Transitive,0,package-lock.json,package-lock.json
184,@zkochan/js-yaml,0.0.7,npm,,MIT,Transitive,0,package-lock.json,package-lock.json
185,atomic-sleep,1.0.0,npm,,MIT,Transitive,0,package-lock.json,package-lock.json
186,slate-react,0.98.3,npm,,MIT,Transitive,0,package-lock.json,package-lock.json
187,@aws-sdk/credential-provider-env,3.972.18,npm,,,Transitive,0,package-lock.json,package-lock.json
188,chalk,5.6.2,npm,,,Transitive,0,package-lock.json,package-lock.json
189,hast-util-whitespace,3.0.0,npm,,MIT,Transitive,0,package-lock.json,package-lock.json
190,libreoffice-convert,1.8.1,npm,,,Direct,0,package-lock.json,package-lock.json
191,sass-embedded-win32-arm64,1.98.0,npm,,,Transitive,0,package-lock.json,package-lock.json
192,@aws-sdk/middleware-logger,3.972.8,npm,,,Transitive,0,package-lock.json,package-lock.json
193,@types/jest,29.5.14,npm,,MIT,Direct,0,package-lock.json,package-lock.json
194,eslint-config-prettier,9.1.2,npm,,,Direct,0,package-lock.json,package-lock.json
195,inquirer,8.2.5,npm,,,Transitive,0,package-lock.json,package-lock.json
196,@module-federation/runtime-tools,0.22.0,npm,,,Transitive,0,package-lock.json,package-lock.json
197,@swc/counter,0.1.3,npm,,Apache-2.0,Transitive,0,package-lock.json,package-lock.json
198,jws,3.2.3,npm,,,Transitive,0,package-lock.json,package-lock.json
199,lodash.groupby,4.6.0,npm,,MIT,Transitive,0,package-lock.json,package-lock.json
200,unicode-canonical-property-names-ecmascript,2.0.1,npm,,MIT,Transitive,0,package-lock.json,package-lock.json
201,commander,8.3.0,npm,,,Transitive,0,package-lock.json,package-lock.json
202,request-progress,3.0.0,npm,,MIT,Transitive,0,package-lock.json,package-lock.json
203,stylehacks,6.1.1,npm,,MIT,Transitive,0,package-lock.json,package-lock.json
204,uri-js,4.4.1,npm,,BSD-2-Clause,Transitive,0,package-lock.json,package-lock.json
205,@commitlint/parse,19.8.1,npm,,,Transitive,0,package-lock.json,package-lock.json
206,@napi-rs/wasm-runtime,1.0.7,npm,,,Transitive,0,package-lock.json,package-lock.json
207,reflect.getprototypeof,1.0.10,npm,,,Transitive,0,package-lock.json,package-lock.json
208,sass-embedded-win32-x64,1.98.0,npm,,,Transitive,0,package-lock.json,package-lock.json
209,@noble/hashes,1.8.0,npm,,,Transitive,0,package-lock.json,package-lock.json
210,@emnapi/core,1.9.0,npm,,,Transitive,0,package-lock.json,package-lock.json
211,@smithy/middleware-stack,4.2.12,npm,,,Transitive,0,package-lock.json,package-lock.json
212,mdast-util-gfm-autolink-literal,2.0.1,npm,,MIT,Transitive,0,package-lock.json,package-lock.json
213,cookies,0.9.1,npm,,,Transitive,0,package-lock.json,package-lock.json
214,piscina,4.9.2,npm,,,Transitive,0,package-lock.json,package-lock.json
215,redux-thunk,3.1.0,npm,,,Transitive,0,package-lock.json,package-lock.json
216,@smithy/node-config-provider,4.3.12,npm,,,Transitive,0,package-lock.json,package-lock.json
217,graceful-fs,4.2.10,npm,,,Transitive,0,package-lock.json,package-lock.json
218,handle-thing,2.0.1,npm,,MIT,Transitive,0,package-lock.json,package-lock.json
219,npm-run-path,4.0.1,npm,,MIT,Transitive,0,package-lock.json,package-lock.json
220,micromark-util-chunked,2.0.1,npm,,MIT,Transitive,0,package-lock.json,package-lock.json
221,whatwg-url,5.0.0,npm,,MIT,Transitive,0,package-lock.json,package-lock.json
222,passport,0.7.0,npm,,MIT,Direct,0,package-lock.json,package-lock.json
223,prelude-ls,1.2.1,npm,,MIT,Transitive,0,package-lock.json,package-lock.json
224,es-iterator-helpers,1.3.1,npm,,,Transitive,0,package-lock.json,package-lock.json
225,icss-utils,5.1.0,npm,,,Transitive,0,package-lock.json,package-lock.json
226,which-pm,2.0.0,npm,,MIT,Transitive,0,package-lock.json,package-lock.json
227,pako,0.2.9,npm,,MIT,Transitive,0,package-lock.json,package-lock.json
228,@peculiar/asn1-pfx,2.6.1,npm,,,Transitive,0,package-lock.json,package-lock.json
229,@types/prompts,2.4.9,npm,,MIT,Transitive,0,package-lock.json,package-lock.json
230,braces,3.0.3,npm,,,Transitive,0,package-lock.json,package-lock.json
231,strip-indent,3.0.0,npm,,MIT,Transitive,0,package-lock.json,package-lock.json
232,safer-buffer,2.1.2,npm,,MIT,Transitive,0,package-lock.json,package-lock.json
233,@radix-ui/react-use-previous,1.0.1,npm,,MIT,Transitive,0,package-lock.json,package-lock.json
234,@insurance-wellness-hub/container-e2e,,npm,,,Transitive,0,package-lock.json,package-lock.json
235,babel-preset-current-node-syntax,1.2.0,npm,,,Transitive,0,package-lock.json,package-lock.json
236,lodash.upperfirst,4.3.1,npm,,MIT,Transitive,0,package-lock.json,package-lock.json
237,@adobe/css-tools,4.3.3,npm,,MIT,Transitive,0,package-lock.json,package-lock.json
238,typed-assert,1.0.9,npm,,MIT,Transitive,0,package-lock.json,package-lock.json
239,@napi-rs/nice-linux-x64-gnu,1.1.1,npm,,,Transitive,0,package-lock.json,package-lock.json
240,@smithy/util-defaults-mode-node,4.2.45,npm,,,Transitive,0,package-lock.json,package-lock.json
241,@insurance-wellness-hub/ui-lib,,npm,,,Transitive,0,package-lock.json,package-lock.json
242,@svgr/babel-plugin-svg-dynamic-title,8.0.0,npm,,MIT,Transitive,0,package-lock.json,package-lock.json
243,cli-table3,0.6.5,npm,,MIT,Transitive,0,package-lock.json,package-lock.json
244,getopts,2.3.0,npm,,MIT,Transitive,0,package-lock.json,package-lock.json
245,is-installed-globally,0.4.0,npm,,MIT,Transitive,0,package-lock.json,package-lock.json
246,klona,2.0.6,npm,,MIT,Transitive,0,package-lock.json,package-lock.json
247,@mux/mux-video,0.22.0,npm,,MIT,Transitive,0,package-lock.json,package-lock.json
248,escape-string-regexp,4.0.0,npm,,,Transitive,0,package-lock.json,package-lock.json
249,fastest-levenshtein,1.0.16,npm,,MIT,Transitive,0,package-lock.json,package-lock.json
250,lru-memoizer,2.3.0,npm,,MIT,Transitive,0,package-lock.json,package-lock.json
251,@nestjs/schedule,6.1.1,npm,,,Direct,0,package-lock.json,package-lock.json
252,html-encoding-sniffer,3.0.0,npm,,MIT,Transitive,0,package-lock.json,package-lock.json
253,is-potential-custom-element-name,1.0.1,npm,,MIT,Transitive,0,package-lock.json,package-lock.json
254,postcss-svgo,6.0.3,npm,,MIT,Transitive,0,package-lock.json,package-lock.json
255,strapi-plugin-jodit-editor,1.1.3,npm,,,Direct,0,package-lock.json,package-lock.json
256,@insurance-wellness-hub/api-gateway-e2e,,npm,,,Transitive,0,package-lock.json,package-lock.json
257,heap,0.2.7,npm,,MIT,Transitive,0,package-lock.json,package-lock.json
258,micromark-util-html-tag-name,2.0.1,npm,,MIT,Transitive,0,package-lock.json,package-lock.json
259,@puppeteer/browsers,2.13.0,npm,,,Transitive,0,package-lock.json,package-lock.json
260,clone-deep,4.0.1,npm,,MIT,Transitive,0,package-lock.json,package-lock.json
261,is-weakref,1.1.1,npm,,,Transitive,0,package-lock.json,package-lock.json
262,istanbul-lib-report,3.0.1,npm,,BSD-3-Clause,Transitive,0,package-lock.json,package-lock.json
263,passport,0.6.0,npm,,MIT,Direct,0,package-lock.json,package-lock.json
264,bluebird,3.4.7,npm,,,Transitive,0,package-lock.json,package-lock.json
265,@esbuild/linux-loong64,0.20.2,npm,,MIT,Transitive,0,package-lock.json,package-lock.json
266,@jsonjoy.com/codegen,17.67.0,npm,,,Transitive,0,package-lock.json,package-lock.json
267,@parcel/watcher-freebsd-x64,2.5.6,npm,,,Transitive,0,package-lock.json,package-lock.json
268,@radix-ui/react-direction,1.1.1,npm,,,Transitive,0,package-lock.json,package-lock.json
269,rimraf,3.0.2,npm,,,Transitive,0,package-lock.json,package-lock.json
270,denque,2.1.0,npm,,Apache-2.0,Transitive,0,package-lock.json,package-lock.json
271,regexpu-core,6.4.0,npm,,,Transitive,0,package-lock.json,package-lock.json
272,@floating-ui/dom,1.7.6,npm,,,Transitive,0,package-lock.json,package-lock.json
273,@svgr/plugin-jsx,8.1.0,npm,,MIT,Transitive,0,package-lock.json,package-lock.json
274,@verdaccio/utils,8.1.0-next-8.33,npm,,,Transitive,0,package-lock.json,package-lock.json
275,es-set-tostringtag,2.1.0,npm,,,Transitive,0,package-lock.json,package-lock.json
276,npm-run-path,6.0.0,npm,,MIT,Transitive,0,package-lock.json,package-lock.json
277,bowser,2.14.1,npm,,,Transitive,0,package-lock.json,package-lock.json
278,sass-loader,16.0.7,npm,,,Transitive,0,package-lock.json,package-lock.json
279,@typescript-eslint/typescript-estree,8.19.0,npm,,,Transitive,0,package-lock.json,package-lock.json
280,@verdaccio/signature,8.0.0-next-8.25,npm,,,Transitive,0,package-lock.json,package-lock.json
281,@smithy/signature-v4,5.3.12,npm,,,Transitive,0,package-lock.json,package-lock.json
282,@strapi/content-type-builder,5.39.0,npm,,,Transitive,0,package-lock.json,package-lock.json
283,@verdaccio/logger-commons,8.0.0-next-8.33,npm,,,Transitive,0,package-lock.json,package-lock.json
284,castable-video,1.1.11,npm,,,Transitive,0,package-lock.json,package-lock.json
285,fs-constants,1.0.0,npm,,MIT,Transitive,0,package-lock.json,package-lock.json
286,sirv,2.0.4,npm,,MIT,Transitive,0,package-lock.json,package-lock.json
287,throttleit,2.1.0,npm,,MIT,Transitive,0,package-lock.json,package-lock.json
288,use-isomorphic-layout-effect,1.2.1,npm,,,Transitive,0,package-lock.json,package-lock.json
289,@esbuild/netbsd-arm64,0.25.12,npm,,,Transitive,0,package-lock.json,package-lock.json
290,fs-extra,9.1.0,npm,,MIT,Transitive,0,package-lock.json,package-lock.json
291,remark-gfm,4.0.1,npm,,,Direct,0,package-lock.json,package-lock.json
292,tar-fs,2.1.4,npm,,,Transitive,0,package-lock.json,package-lock.json
293,@img/sharp-libvips-darwin-arm64,1.0.4,npm,,LGPL-3.0-only,Transitive,0,package-lock.json,package-lock.json
294,base64-js,1.5.1,npm,,MIT,Transitive,0,package-lock.json,package-lock.json
295,@types/ws,8.18.1,npm,,,Transitive,0,package-lock.json,package-lock.json
296,babel-plugin-transform-typescript-metadata,0.3.2,npm,,MIT,Transitive,0,package-lock.json,package-lock.json
297,browserify-zlib,0.1.4,npm,,,Transitive,0,package-lock.json,package-lock.json
298,longest-streak,3.1.0,npm,,MIT,Transitive,0,package-lock.json,package-lock.json
299,@parcel/watcher-win32-ia32,2.5.6,npm,,,Transitive,0,package-lock.json,package-lock.json
300,duplexer,0.1.2,npm,,MIT,Transitive,0,package-lock.json,package-lock.json
301,spdx-exceptions,2.5.0,npm,,,Transitive,0,package-lock.json,package-lock.json
302,@types/eslint-scope,3.7.7,npm,,MIT,Transitive,0,package-lock.json,package-lock.json
303,get-tsconfig,4.13.6,npm,,,Transitive,0,package-lock.json,package-lock.json
304,buffer,4.9.2,npm,,MIT,Transitive,0,package-lock.json,package-lock.json
305,request-oauth,1.0.1,npm,,Apache-2.0,Transitive,0,package-lock.json,package-lock.json
306,electron-to-chromium,1.5.313,npm,,,Transitive,0,package-lock.json,package-lock.json
307,json2mq,0.2.0,npm,,MIT,Transitive,0,package-lock.json,package-lock.json
308,react-easy-crop,5.5.6,npm,,,Direct,0,package-lock.json,package-lock.json
309,thread-stream,3.1.0,npm,,MIT,Transitive,0,package-lock.json,package-lock.json
310,tsyringe,4.10.0,npm,,,Transitive,0,package-lock.json,package-lock.json
311,@azure/core-lro,3.3.1,npm,,,Transitive,0,package-lock.json,package-lock.json
312,@babel/plugin-transform-literals,7.27.1,npm,,,Transitive,0,package-lock.json,package-lock.json
313,@babel/plugin-transform-reserved-words,7.27.1,npm,,,Transitive,0,package-lock.json,package-lock.json
314,class-transformer,0.5.1,npm,,MIT,Direct,0,package-lock.json,package-lock.json
315,css.escape,1.5.1,npm,,MIT,Transitive,0,package-lock.json,package-lock.json
316,@napi-rs/nice-win32-arm64-msvc,1.1.1,npm,,,Transitive,0,package-lock.json,package-lock.json
317,inquirer,9.3.8,npm,,,Transitive,0,package-lock.json,package-lock.json
318,@types/range-parser,1.2.7,npm,,MIT,Transitive,0,package-lock.json,package-lock.json
319,@webassemblyjs/helper-buffer,1.14.1,npm,,MIT,Transitive,0,package-lock.json,package-lock.json
320,proxy-from-env,1.0.0,npm,,MIT,Transitive,0,package-lock.json,package-lock.json
321,@pkgr/core,0.1.2,npm,,,Transitive,0,package-lock.json,package-lock.json
322,@verdaccio/url,13.0.0-next-8.33,npm,,,Transitive,0,package-lock.json,package-lock.json
323,@strapi/ui-primitives,2.2.0,npm,,,Transitive,0,package-lock.json,package-lock.json
324,json-logic-js,2.0.5,npm,,MIT,Transitive,0,package-lock.json,package-lock.json
325,mdast-util-gfm-strikethrough,2.0.0,npm,,MIT,Transitive,0,package-lock.json,package-lock.json
326,string-width,4.2.3,npm,,MIT,Transitive,0,package-lock.json,package-lock.json
327,write-file-atomic,3.0.3,npm,,,Transitive,0,package-lock.json,package-lock.json
328,is-date-object,1.1.0,npm,,,Transitive,0,package-lock.json,package-lock.json
329,source-map-loader,5.0.0,npm,,MIT,Transitive,0,package-lock.json,package-lock.json
330,jest-message-util,29.7.0,npm,,MIT,Transitive,0,package-lock.json,package-lock.json
331,@nuxtjs/opencollective,0.3.2,npm,,MIT,Transitive,0,package-lock.json,package-lock.json
332,semver-truncate,3.0.0,npm,,MIT,Transitive,0,package-lock.json,package-lock.json
333,apps/services/strapi-cms-service/node_modules/knex,3.1.0,npm,,,Transitive,0,package-lock.json,package-lock.json
334,@jridgewell/source-map,0.3.11,npm,,,Transitive,0,package-lock.json,package-lock.json
335,@simov/deep-extend,1.0.0,npm,,MIT,Transitive,0,package-lock.json,package-lock.json
336,@smithy/util-retry,4.2.12,npm,,,Transitive,0,package-lock.json,package-lock.json
337,bundle-name,4.1.0,npm,,MIT,Transitive,0,package-lock.json,package-lock.json
338,data-urls,3.0.2,npm,,MIT,Transitive,0,package-lock.json,package-lock.json
339,streamsearch,1.1.0,npm,,MIT,Transitive,0,package-lock.json,package-lock.json
340,unpipe,1.0.0,npm,,MIT,Transitive,0,package-lock.json,package-lock.json
341,@juggle/resize-observer,3.4.0,npm,,Apache-2.0,Transitive,0,package-lock.json,package-lock.json
342,npm-packlist,2.2.2,npm,,,Transitive,0,package-lock.json,package-lock.json
343,canvas,3.2.0,npm,,,Direct,0,package-lock.json,package-lock.json
344,tsconfig-paths,3.15.0,npm,,MIT,Transitive,0,package-lock.json,package-lock.json
345,he,1.2.0,npm,,MIT,Transitive,0,package-lock.json,package-lock.json
346,is-negative-zero,2.0.3,npm,,MIT,Transitive,0,package-lock.json,package-lock.json
347,object-keys,1.1.1,npm,,MIT,Transitive,0,package-lock.json,package-lock.json
348,yargs,17.7.2,npm,,MIT,Transitive,0,package-lock.json,package-lock.json
349,zwitch,2.0.4,npm,,MIT,Transitive,0,package-lock.json,package-lock.json
350,@ai-sdk/gateway,2.0.24,npm,,,Transitive,0,package-lock.json,package-lock.json
351,callsites,3.1.0,npm,,MIT,Transitive,0,package-lock.json,package-lock.json
352,@scarf/scarf,1.4.0,npm,,Apache-2.0,Transitive,0,package-lock.json,package-lock.json
353,apps/services/auth-service,0.0.1,npm,,,Transitive,0,package-lock.json,package-lock.json
354,@babel/plugin-transform-optional-chaining,7.28.6,npm,,,Transitive,0,package-lock.json,package-lock.json
355,@verdaccio/file-locking,13.0.0-next-8.6,npm,,,Transitive,0,package-lock.json,package-lock.json
356,raw-body,2.5.3,npm,,,Transitive,0,package-lock.json,package-lock.json
357,hoist-non-react-statics,3.3.2,npm,,BSD-3-Clause,Transitive,0,package-lock.json,package-lock.json
358,union,0.5.0,npm,,,Transitive,0,package-lock.json,package-lock.json
359,apps/services/ibp-service,0.0.1,npm,,,Transitive,0,package-lock.json,package-lock.json
360,codemirror,6.0.2,npm,,,Transitive,0,package-lock.json,package-lock.json
361,glob,10.5.0,npm,,,Transitive,0,package-lock.json,package-lock.json
362,nodemailer-shared,1.1.0,npm,,MIT,Transitive,0,package-lock.json,package-lock.json
363,remark-parse,11.0.0,npm,,MIT,Transitive,0,package-lock.json,package-lock.json
364,ajv-formats,3.0.1,npm,,MIT,Transitive,0,package-lock.json,package-lock.json
365,is-weakmap,2.0.2,npm,,MIT,Transitive,0,package-lock.json,package-lock.json
366,@radix-ui/react-dropdown-menu,2.0.6,npm,,MIT,Transitive,0,package-lock.json,package-lock.json
367,fork-ts-checker-webpack-plugin,8.0.0,npm,,,Transitive,0,package-lock.json,package-lock.json
368,human-signals,8.0.1,npm,,,Transitive,0,package-lock.json,package-lock.json
369,verdaccio,6.3.2,npm,,,Direct,0,package-lock.json,package-lock.json
370,micromark-factory-title,2.0.1,npm,,MIT,Transitive,0,package-lock.json,package-lock.json
371,tree-dump,1.1.0,npm,,,Transitive,0,package-lock.json,package-lock.json
372,@aws-sdk/token-providers,3.1009.0,npm,,,Transitive,0,package-lock.json,package-lock.json
373,shiki,0.14.7,npm,,MIT,Transitive,0,package-lock.json,package-lock.json
374,@insurance-wellness-hub/scheduler-service-e2e,,npm,,,Transitive,0,package-lock.json,package-lock.json
375,@swc-node/core,1.14.1,npm,,,Transitive,0,package-lock.json,package-lock.json
376,external-editor,3.1.0,npm,,MIT,Transitive,0,package-lock.json,package-lock.json
377,outdent,0.8.0,npm,,MIT,Transitive,0,package-lock.json,package-lock.json
378,ts-loader,9.5.4,npm,,,Transitive,0,package-lock.json,package-lock.json
379,@jest/schemas,29.6.3,npm,,MIT,Transitive,0,package-lock.json,package-lock.json
380,ini,4.1.1,npm,,,Transitive,0,package-lock.json,package-lock.json
381,cacheable-request,7.0.2,npm,,MIT,Transitive,0,package-lock.json,package-lock.json
382,run-parallel,1.2.0,npm,,MIT,Transitive,0,package-lock.json,package-lock.json
383,tinyspy,4.0.4,npm,,,Transitive,0,package-lock.json,package-lock.json
384,@img/sharp-linuxmusl-arm64,0.33.5,npm,,Apache-2.0,Transitive,0,package-lock.json,package-lock.json
385,call-bind-apply-helpers,1.0.2,npm,,,Transitive,0,package-lock.json,package-lock.json
386,html-webpack-plugin,5.6.0,npm,,,Transitive,0,package-lock.json,package-lock.json
387,@peculiar/asn1-pkcs8,2.6.1,npm,,,Transitive,0,package-lock.json,package-lock.json
388,errno,0.1.8,npm,,MIT,Transitive,0,package-lock.json,package-lock.json
389,glob-parent,5.1.2,npm,,,Transitive,0,package-lock.json,package-lock.json
390,highlight.js,10.7.3,npm,,,Transitive,0,package-lock.json,package-lock.json
391,stop-iteration-iterator,1.1.0,npm,,,Transitive,0,package-lock.json,package-lock.json
392,ansi-html,0.0.9,npm,,Apache-2.0,Transitive,0,package-lock.json,package-lock.json
393,global-modules,1.0.0,npm,,MIT,Transitive,0,package-lock.json,package-lock.json
394,json5,2.2.3,npm,,MIT,Transitive,0,package-lock.json,package-lock.json
395,prettier,2.8.8,npm,,,Direct,0,package-lock.json,package-lock.json
396,webpack,5.104.1,npm,,,Transitive,0,package-lock.json,package-lock.json
397,apps/services/master-data-service,0.0.1,npm,,,Transitive,0,package-lock.json,package-lock.json
398,@babel/plugin-transform-spread,7.28.6,npm,,,Transitive,0,package-lock.json,package-lock.json
399,select-hose,2.0.0,npm,,MIT,Transitive,0,package-lock.json,package-lock.json
400,is-plain-obj,1.1.0,npm,,MIT,Transitive,0,package-lock.json,package-lock.json
401,@ai-sdk/react,2.0.120,npm,,,Transitive,0,package-lock.json,package-lock.json
402,@jest/types,29.6.3,npm,,MIT,Transitive,0,package-lock.json,package-lock.json
403,@nx/nx-win32-arm64-msvc,20.6.1,npm,,,Transitive,0,package-lock.json,package-lock.json
404,@remix-run/router,1.23.2,npm,,,Transitive,0,package-lock.json,package-lock.json
405,expect,29.7.0,npm,,,Transitive,0,package-lock.json,package-lock.json
406,sprintf-js,1.1.3,npm,,BSD-3-Clause,Transitive,0,package-lock.json,package-lock.json
407,sharp,0.33.5,npm,,,Transitive,0,package-lock.json,package-lock.json
408,@babel/helper-member-expression-to-functions,7.28.5,npm,,,Transitive,0,package-lock.json,package-lock.json
409,aria-query,5.3.0,npm,,Apache-2.0,Transitive,0,package-lock.json,package-lock.json
410,is-fullwidth-code-point,5.1.0,npm,,,Transitive,0,package-lock.json,package-lock.json
411,@react-dnd/asap,5.0.2,npm,,MIT,Transitive,0,package-lock.json,package-lock.json
412,@types/react-dom,18.3.0,npm,,MIT,Direct,0,package-lock.json,package-lock.json
413,bare-url,2.3.2,npm,,,Transitive,0,package-lock.json,package-lock.json
414,chokidar,3.6.0,npm,,,Transitive,0,package-lock.json,package-lock.json
415,https-proxy-agent,5.0.1,npm,,MIT,Transitive,0,package-lock.json,package-lock.json
416,@commitlint/is-ignored,19.8.1,npm,,,Transitive,0,package-lock.json,package-lock.json
417,@insurance-wellness-hub/strapi-cms-service,,npm,,,Transitive,0,package-lock.json,package-lock.json
418,ini,4.1.2,npm,,,Transitive,0,package-lock.json,package-lock.json
419,rimraf,5.0.5,npm,,,Transitive,0,package-lock.json,package-lock.json
420,apps/ui/iwork,0.0.1,npm,,,Transitive,0,package-lock.json,package-lock.json
421,@swc/core,1.5.29,npm,,Apache-2.0,Direct,0,package-lock.json,package-lock.json
422,eslint-plugin-react,7.35.0,npm,,MIT,Direct,0,package-lock.json,package-lock.json
423,is-wsl,2.2.0,npm,,MIT,Transitive,0,package-lock.json,package-lock.json
424,tree-kill,1.2.2,npm,,MIT,Transitive,0,package-lock.json,package-lock.json
425,chownr,1.1.4,npm,,,Transitive,0,package-lock.json,package-lock.json
426,websocket-driver,0.7.4,npm,,Apache-2.0,Transitive,0,package-lock.json,package-lock.json
427,get-it,8.7.0,npm,,,Transitive,0,package-lock.json,package-lock.json
428,istanbul-lib-instrument,6.0.3,npm,,BSD-3-Clause,Transitive,0,package-lock.json,package-lock.json
429,rc,1.2.8,npm,,,Transitive,0,package-lock.json,package-lock.json
430,typed-array-buffer,1.0.3,npm,,,Transitive,0,package-lock.json,package-lock.json
431,@aws-sdk/core,3.973.20,npm,,,Transitive,0,package-lock.json,package-lock.json
432,@esbuild/linux-riscv64,0.20.2,npm,,MIT,Transitive,0,package-lock.json,package-lock.json
433,deep-equal,1.0.1,npm,,MIT,Transitive,0,package-lock.json,package-lock.json
434,@eslint/config-helpers,0.4.2,npm,,,Transitive,0,package-lock.json,package-lock.json
435,defer-to-connect,2.0.1,npm,,MIT,Transitive,0,package-lock.json,package-lock.json
436,json-stable-stringify-without-jsonify,1.0.1,npm,,MIT,Transitive,0,package-lock.json,package-lock.json
437,prop-types,15.8.1,npm,,MIT,Transitive,0,package-lock.json,package-lock.json
438,cronstrue,3.13.0,npm,,,Direct,0,package-lock.json,package-lock.json
439,intl-messageformat,10.7.18,npm,,,Transitive,0,package-lock.json,package-lock.json
440,jsonwebtoken,9.0.3,npm,,,Direct,0,package-lock.json,package-lock.json
441,lodash.find,4.6.0,npm,,MIT,Transitive,0,package-lock.json,package-lock.json
442,node-qpdf2,6.0.0,npm,,MIT,Direct,0,package-lock.json,package-lock.json
443,slick-carousel,1.8.1,npm,,,Direct,0,package-lock.json,package-lock.json
444,apps/ui/admin,0.0.1,npm,,,Transitive,0,package-lock.json,package-lock.json
445,@types/react-slick,0.23.13,npm,,MIT,Direct,0,package-lock.json,package-lock.json
446,postcss-reduce-transforms,6.0.2,npm,,MIT,Transitive,0,package-lock.json,package-lock.json
447,mdast-util-gfm-task-list-item,2.0.0,npm,,MIT,Transitive,0,package-lock.json,package-lock.json
448,progress,2.0.3,npm,,,Transitive,0,package-lock.json,package-lock.json
449,passport-oauth2,1.8.0,npm,,,Transitive,0,package-lock.json,package-lock.json
450,type-is,2.0.1,npm,,,Transitive,0,package-lock.json,package-lock.json
451,@babel/plugin-transform-regexp-modifiers,7.28.6,npm,,,Transitive,0,package-lock.json,package-lock.json
452,dom-converter,0.2.0,npm,,MIT,Transitive,0,package-lock.json,package-lock.json
453,react-dropzone,14.3.8,npm,,,Transitive,0,package-lock.json,package-lock.json
454,apps/services/opportunity-service,0.0.1,npm,,,Transitive,0,package-lock.json,package-lock.json
455,@napi-rs/canvas-win32-x64-msvc,0.1.97,npm,,,Transitive,0,package-lock.json,package-lock.json
456,@radix-ui/react-id,1.1.1,npm,,,Transitive,0,package-lock.json,package-lock.json
457,array-flatten,1.1.1,npm,,MIT,Transitive,0,package-lock.json,package-lock.json
458,file-entry-cache,8.0.0,npm,,MIT,Transitive,0,package-lock.json,package-lock.json
459,@angular-devkit/schematics,17.3.11,npm,,MIT,Transitive,0,package-lock.json,package-lock.json
460,react-fast-compare,2.0.4,npm,,MIT,Transitive,0,package-lock.json,package-lock.json
461,iconv-lite,0.4.15,npm,,MIT,Transitive,0,package-lock.json,package-lock.json
462,pretty-format,27.5.1,npm,,MIT,Transitive,0,package-lock.json,package-lock.json
463,command-exists,1.2.9,npm,,MIT,Transitive,0,package-lock.json,package-lock.json
464,fb-watchman,2.0.2,npm,,Apache-2.0,Transitive,0,package-lock.json,package-lock.json
465,is-interactive,1.0.0,npm,,MIT,Transitive,0,package-lock.json,package-lock.json
466,@typescript-eslint/parser,8.19.0,npm,,,Transitive,0,package-lock.json,package-lock.json
467,@types/koa,2.15.0,npm,,MIT,Transitive,0,package-lock.json,package-lock.json
468,sass-embedded-linux-musl-x64,1.98.0,npm,,,Transitive,0,package-lock.json,package-lock.json
469,wrap-ansi,7.0.0,npm,,MIT,Transitive,0,package-lock.json,package-lock.json
470,@smithy/middleware-serde,4.2.15,npm,,,Transitive,0,package-lock.json,package-lock.json
471,@webassemblyjs/wasm-gen,1.14.1,npm,,MIT,Transitive,0,package-lock.json,package-lock.json
472,touch,3.1.1,npm,,,Transitive,0,package-lock.json,package-lock.json
473,@emnapi/runtime,1.9.0,npm,,,Transitive,0,package-lock.json,package-lock.json
474,es-errors,1.3.0,npm,,MIT,Transitive,0,package-lock.json,package-lock.json
475,eventemitter3,4.0.7,npm,,MIT,Transitive,0,package-lock.json,package-lock.json
476,@babel/helper-annotate-as-pure,7.27.3,npm,,,Transitive,0,package-lock.json,package-lock.json
477,find-cache-dir,2.1.0,npm,,MIT,Transitive,0,package-lock.json,package-lock.json
478,@esbuild/linux-s390x,0.25.12,npm,,,Transitive,0,package-lock.json,package-lock.json
479,string-length,4.0.2,npm,,MIT,Transitive,0,package-lock.json,package-lock.json
480,apps/services/wellness-service-e2e,0.0.1,npm,,,Transitive,0,package-lock.json,package-lock.json
481,@types/trusted-types,2.0.7,npm,,MIT,Transitive,0,package-lock.json,package-lock.json
482,acorn-import-phases,1.0.4,npm,,,Transitive,0,package-lock.json,package-lock.json
483,cypress,13.17.0,npm,,,Direct,0,package-lock.json,package-lock.json
484,is-unicode-supported,0.1.0,npm,,MIT,Transitive,0,package-lock.json,package-lock.json
485,opener,1.5.2,npm,,MIT,Transitive,0,package-lock.json,package-lock.json
486,d3-time-format,4.1.0,npm,,,Transitive,0,package-lock.json,package-lock.json
487,totalist,3.0.1,npm,,MIT,Transitive,0,package-lock.json,package-lock.json
488,@babel/plugin-syntax-import-assertions,7.28.6,npm,,,Transitive,0,package-lock.json,package-lock.json
489,@swc/cli,0.3.14,npm,,MIT,Direct,0,package-lock.json,package-lock.json
490,jquery,4.0.0,npm,,,Transitive,0,package-lock.json,package-lock.json
491,@noble/hashes,1.4.0,npm,,MIT,Transitive,0,package-lock.json,package-lock.json
492,ylru,1.4.0,npm,,MIT,Transitive,0,package-lock.json,package-lock.json
493,@babel/plugin-transform-modules-commonjs,7.28.6,npm,,,Transitive,0,package-lock.json,package-lock.json
494,@radix-ui/react-presence,1.0.1,npm,,MIT,Transitive,0,package-lock.json,package-lock.json
495,react-is,17.0.2,npm,,MIT,Transitive,0,package-lock.json,package-lock.json
496,setprototypeof,1.2.0,npm,,,Transitive,0,package-lock.json,package-lock.json
497,stylis,4.3.6,npm,,,Transitive,0,package-lock.json,package-lock.json
498,@nx/nx-freebsd-x64,20.6.1,npm,,,Transitive,0,package-lock.json,package-lock.json
499,@aws-sdk/middleware-host-header,3.972.8,npm,,,Transitive,0,package-lock.json,package-lock.json
500,decode-named-character-reference,1.3.0,npm,,,Transitive,0,package-lock.json,package-lock.json
501,doctrine,2.1.0,npm,,Apache-2.0,Transitive,0,package-lock.json,package-lock.json
502,esbuild,0.20.2,npm,,MIT,Transitive,0,package-lock.json,package-lock.json
503,dotenv-expand,11.0.7,npm,,BSD-2-Clause,Transitive,0,package-lock.json,package-lock.json
504,property-information,7.1.0,npm,,,Transitive,0,package-lock.json,package-lock.json
505,apps/services/ai-service-e2e,0.0.1,npm,,,Transitive,0,package-lock.json,package-lock.json
506,@nestjs/mapped-types,2.0.6,npm,,MIT,Direct,0,package-lock.json,package-lock.json
507,@radix-ui/react-primitive,1.0.3,npm,,MIT,Transitive,0,package-lock.json,package-lock.json
508,caseless,0.12.0,npm,,Apache-2.0,Transitive,0,package-lock.json,package-lock.json
509,fined,2.0.0,npm,,MIT,Transitive,0,package-lock.json,package-lock.json
510,jsdom,20.0.3,npm,,MIT,Direct,0,package-lock.json,package-lock.json
511,node-domexception,1.0.0,npm,,MIT,Transitive,0,package-lock.json,package-lock.json
512,ecc-jsbn,0.1.2,npm,,MIT,Transitive,0,package-lock.json,package-lock.json
513,launch-editor,2.13.1,npm,,,Transitive,0,package-lock.json,package-lock.json
514,has-flag,3.0.0,npm,,MIT,Transitive,0,package-lock.json,package-lock.json
515,@insurance-wellness-hub/ibp-e2e,,npm,,,Transitive,0,package-lock.json,package-lock.json
516,@strapi/sdk-plugin,5.4.0,npm,,,Transitive,0,package-lock.json,package-lock.json
517,cors,2.8.5,npm,,MIT,Transitive,0,package-lock.json,package-lock.json
518,hpack.js,2.1.6,npm,,MIT,Transitive,0,package-lock.json,package-lock.json
519,source-map-support,0.5.13,npm,,MIT,Transitive,0,package-lock.json,package-lock.json
520,sass-embedded-android-riscv64,1.98.0,npm,,,Transitive,0,package-lock.json,package-lock.json
521,buffer,6.0.3,npm,,MIT,Transitive,0,package-lock.json,package-lock.json
522,@mui/x-data-grid,7.29.12,npm,,,Direct,0,package-lock.json,package-lock.json
523,big-integer,1.6.52,npm,,,Transitive,0,package-lock.json,package-lock.json
524,is-shared-array-buffer,1.0.4,npm,,,Transitive,0,package-lock.json,package-lock.json
525,kleur,3.0.3,npm,,MIT,Transitive,0,package-lock.json,package-lock.json
526,micromark-util-encode,2.0.1,npm,,MIT,Transitive,0,package-lock.json,package-lock.json
527,nwsapi,2.2.23,npm,,,Transitive,0,package-lock.json,package-lock.json
528,cacheable-lookup,5.0.4,npm,,MIT,Transitive,0,package-lock.json,package-lock.json
529,inherits,2.0.3,npm,,,Transitive,0,package-lock.json,package-lock.json
530,@insurance-wellness-hub/config-service,,npm,,,Transitive,0,package-lock.json,package-lock.json
531,@testing-library/dom,10.4.0,npm,,MIT,Direct,0,package-lock.json,package-lock.json
532,configstore,5.0.1,npm,,BSD-2-Clause,Transitive,0,package-lock.json,package-lock.json
533,selfsigned,5.5.0,npm,,,Transitive,0,package-lock.json,package-lock.json
534,webdriver-bidi-protocol,0.4.1,npm,,,Transitive,0,package-lock.json,package-lock.json
535,@pkgjs/parseargs,0.11.0,npm,,MIT,Transitive,0,package-lock.json,package-lock.json
536,@types/serve-index,1.9.4,npm,,MIT,Transitive,0,package-lock.json,package-lock.json
537,color-string,1.9.1,npm,,MIT,Transitive,0,package-lock.json,package-lock.json
538,lodash.debounce,4.0.8,npm,,MIT,Transitive,0,package-lock.json,package-lock.json
539,@module-federation/error-codes,0.22.0,npm,,,Transitive,0,package-lock.json,package-lock.json
540,@uiw/codemirror-extensions-basic-setup,4.22.2,npm,,MIT,Transitive,0,package-lock.json,package-lock.json
541,confusing-browser-globals,1.0.11,npm,,MIT,Transitive,0,package-lock.json,package-lock.json
542,escodegen,2.1.0,npm,,BSD-2-Clause,Transitive,0,package-lock.json,package-lock.json
543,expect-type,1.3.0,npm,,,Transitive,0,package-lock.json,package-lock.json
544,@smithy/util-buffer-from,4.2.2,npm,,,Transitive,0,package-lock.json,package-lock.json
545,@strapi/icons,2.2.0,npm,,,Transitive,0,package-lock.json,package-lock.json
546,postgres-date,1.0.7,npm,,MIT,Transitive,0,package-lock.json,package-lock.json
547,simple-concat,1.0.1,npm,,MIT,Transitive,0,package-lock.json,package-lock.json
548,to-buffer,1.2.2,npm,,,Transitive,0,package-lock.json,package-lock.json
549,@xtuc/long,4.2.2,npm,,Apache-2.0,Transitive,0,package-lock.json,package-lock.json
550,log-symbols,4.1.0,npm,,MIT,Transitive,0,package-lock.json,package-lock.json
551,express-rate-limit,5.5.1,npm,,,Transitive,0,package-lock.json,package-lock.json
552,npm-bundled,1.1.2,npm,,,Transitive,0,package-lock.json,package-lock.json
553,apps/services/org-service-e2e,0.0.1,npm,,,Transitive,0,package-lock.json,package-lock.json
554,@commitlint/resolve-extends,19.8.1,npm,,,Transitive,0,package-lock.json,package-lock.json
555,@insurance-wellness-hub/ibp-service-e2e,,npm,,,Transitive,0,package-lock.json,package-lock.json
556,@napi-rs/nice-linux-x64-musl,1.1.1,npm,,,Transitive,0,package-lock.json,package-lock.json
557,istanbul-lib-coverage,3.2.2,npm,,BSD-3-Clause,Transitive,0,package-lock.json,package-lock.json
558,@radix-ui/react-collapsible,1.0.3,npm,,MIT,Transitive,0,package-lock.json,package-lock.json
559,husky,9.1.7,npm,,,Direct,0,package-lock.json,package-lock.json
560,@rollup/rollup-linux-ppc64-gnu,4.59.0,npm,,,Transitive,0,package-lock.json,package-lock.json
561,@rspack/binding-win32-arm64-msvc,1.7.9,npm,,,Transitive,0,package-lock.json,package-lock.json
562,@types/liftoff,4.0.3,npm,,MIT,Transitive,0,package-lock.json,package-lock.json
563,forever-agent,0.6.1,npm,,Apache-2.0,Transitive,0,package-lock.json,package-lock.json
564,call-bound,1.0.4,npm,,,Transitive,0,package-lock.json,package-lock.json
565,es-object-atoms,1.1.1,npm,,,Transitive,0,package-lock.json,package-lock.json
566,thunky,1.1.0,npm,,MIT,Transitive,0,package-lock.json,package-lock.json
567,@module-federation/dts-plugin,0.9.1,npm,,,Transitive,0,package-lock.json,package-lock.json
568,hast-util-to-parse5,8.0.1,npm,,,Transitive,0,package-lock.json,package-lock.json
569,apps/services/common-service,0.0.1,npm,,,Transitive,0,package-lock.json,package-lock.json
570,apps/services/knowledge-service,0.0.1,npm,,,Transitive,0,package-lock.json,package-lock.json
571,@img/sharp-darwin-x64,0.33.5,npm,,Apache-2.0,Transitive,0,package-lock.json,package-lock.json
572,@react-dnd/invariant,4.0.2,npm,,MIT,Transitive,0,package-lock.json,package-lock.json
573,eastasianwidth,0.2.0,npm,,MIT,Transitive,0,package-lock.json,package-lock.json
574,http2-wrapper,1.0.3,npm,,MIT,Transitive,0,package-lock.json,package-lock.json
575,proxy-agent,6.5.0,npm,,,Transitive,0,package-lock.json,package-lock.json
576,@peculiar/asn1-ecc,2.6.1,npm,,,Transitive,0,package-lock.json,package-lock.json
577,devtools-protocol,0.0.1581282,npm,,,Transitive,0,package-lock.json,package-lock.json
578,ecdsa-sig-formatter,1.0.11,npm,,Apache-2.0,Transitive,0,package-lock.json,package-lock.json
579,boxen,5.1.2,npm,,MIT,Transitive,0,package-lock.json,package-lock.json
580,globals,13.24.0,npm,,MIT,Transitive,0,package-lock.json,package-lock.json
581,lie,3.3.0,npm,,MIT,Transitive,0,package-lock.json,package-lock.json
582,remark-rehype,11.1.2,npm,,,Transitive,0,package-lock.json,package-lock.json
583,semver-regex,4.0.5,npm,,,Transitive,0,package-lock.json,package-lock.json
584,lodash.isequal,4.5.0,npm,,MIT,Transitive,0,package-lock.json,package-lock.json
585,@module-federation/runtime,0.22.0,npm,,,Transitive,0,package-lock.json,package-lock.json
586,duplexify,3.7.1,npm,,MIT,Transitive,0,package-lock.json,package-lock.json
587,jest-regex-util,29.6.3,npm,,MIT,Transitive,0,package-lock.json,package-lock.json
588,require-directory,2.1.1,npm,,MIT,Transitive,0,package-lock.json,package-lock.json
589,typeorm,0.3.28,npm,,,Direct,0,package-lock.json,package-lock.json
590,motion-dom,12.38.0,npm,,,Transitive,0,package-lock.json,package-lock.json
591,readable-stream,4.7.0,npm,,,Transitive,0,package-lock.json,package-lock.json
592,forwarded,0.2.0,npm,,MIT,Transitive,0,package-lock.json,package-lock.json
593,confbox,0.1.8,npm,,MIT,Transitive,0,package-lock.json,package-lock.json
594,update-browserslist-db,1.2.3,npm,,,Transitive,0,package-lock.json,package-lock.json
595,source-map-support,0.5.19,npm,,MIT,Transitive,0,package-lock.json,package-lock.json
596,typed-array-length,1.0.7,npm,,MIT,Transitive,0,package-lock.json,package-lock.json
597,@angular-devkit/core,17.3.11,npm,,MIT,Transitive,0,package-lock.json,package-lock.json
598,@aws-crypto/util,5.2.0,npm,,Apache-2.0,Transitive,0,package-lock.json,package-lock.json
599,@babel/helper-define-polyfill-provider,0.6.8,npm,,,Transitive,0,package-lock.json,package-lock.json
600,@emotion/react,11.14.0,npm,,,Direct,0,package-lock.json,package-lock.json
601,@yarnpkg/parsers,3.0.2,npm,,BSD-2-Clause,Transitive,0,package-lock.json,package-lock.json
602,lines-and-columns,2.0.3,npm,,MIT,Transitive,0,package-lock.json,package-lock.json
603,cosmiconfig,8.3.6,npm,,,Transitive,0,package-lock.json,package-lock.json
604,@insurance-wellness-hub/document-service-e2e,,npm,,,Transitive,0,package-lock.json,package-lock.json
605,markdown-table,3.0.4,npm,,MIT,Transitive,0,package-lock.json,package-lock.json
606,flat-cache,4.0.1,npm,,MIT,Transitive,0,package-lock.json,package-lock.json
607,use-callback-ref,1.3.3,npm,,,Transitive,0,package-lock.json,package-lock.json
608,winston-cloudwatch,6.3.0,npm,,MIT,Direct,0,package-lock.json,package-lock.json
609,@strapi/provider-email-sendmail,5.39.0,npm,,,Transitive,0,package-lock.json,package-lock.json
610,cacheable-request,7.0.4,npm,,MIT,Transitive,0,package-lock.json,package-lock.json
611,style-loader,3.3.4,npm,,,Transitive,0,package-lock.json,package-lock.json
612,@jridgewell/trace-mapping,0.3.31,npm,,,Transitive,0,package-lock.json,package-lock.json
613,@module-federation/webpack-bundler-runtime,0.9.1,npm,,,Transitive,0,package-lock.json,package-lock.json
614,@smithy/util-stream,4.5.20,npm,,,Transitive,0,package-lock.json,package-lock.json
615,css-tree,2.3.1,npm,,MIT,Transitive,0,package-lock.json,package-lock.json
616,victory-vendor,37.3.6,npm,,,Transitive,0,package-lock.json,package-lock.json
617,byte-size,8.1.1,npm,,MIT,Transitive,0,package-lock.json,package-lock.json
618,glob-to-regex.js,1.2.0,npm,,,Transitive,0,package-lock.json,package-lock.json
619,hast-util-raw,9.1.0,npm,,MIT,Transitive,0,package-lock.json,package-lock.json
620,pony-cause,2.1.11,npm,,,Transitive,0,package-lock.json,package-lock.json
621,raf,3.4.1,npm,,MIT,Transitive,0,package-lock.json,package-lock.json
622,@aws-sdk/util-locate-window,3.965.5,npm,,,Transitive,0,package-lock.json,package-lock.json
623,@esbuild/linux-x64,0.20.2,npm,,MIT,Transitive,0,package-lock.json,package-lock.json
624,dnd-core,16.0.1,npm,,MIT,Transitive,0,package-lock.json,package-lock.json
625,@rollup/rollup-linux-s390x-gnu,4.59.0,npm,,,Transitive,0,package-lock.json,package-lock.json
626,jsonwebtoken,9.0.0,npm,,MIT,Direct,0,package-lock.json,package-lock.json
627,sass-embedded-darwin-arm64,1.98.0,npm,,,Transitive,0,package-lock.json,package-lock.json
628,swagger-ui-dist,5.18.2,npm,,Apache-2.0,Transitive,0,package-lock.json,package-lock.json
629,@esbuild/darwin-arm64,0.25.12,npm,,,Transitive,0,package-lock.json,package-lock.json
630,@parcel/watcher-win32-arm64,2.5.6,npm,,,Transitive,0,package-lock.json,package-lock.json
631,readdirp,3.6.0,npm,,,Transitive,0,package-lock.json,package-lock.json
632,run-applescript,7.1.0,npm,,,Transitive,0,package-lock.json,package-lock.json
633,@jsonjoy.com/codegen,1.0.0,npm,,,Transitive,0,package-lock.json,package-lock.json
634,tar-fs,3.1.2,npm,,,Transitive,0,package-lock.json,package-lock.json
635,@types/accepts,1.3.7,npm,,MIT,Transitive,0,package-lock.json,package-lock.json
636,@vue/language-core,2.2.0,npm,,,Transitive,0,package-lock.json,package-lock.json
637,sass-embedded-darwin-x64,1.98.0,npm,,,Transitive,0,package-lock.json,package-lock.json
638,serialize-error,7.0.1,npm,,MIT,Transitive,0,package-lock.json,package-lock.json
639,@typescript-eslint/tsconfig-utils,8.57.1,npm,,,Transitive,0,package-lock.json,package-lock.json
640,babel-plugin-istanbul,6.1.1,npm,,BSD-3-Clause,Transitive,0,package-lock.json,package-lock.json
641,chai,5.3.3,npm,,,Transitive,0,package-lock.json,package-lock.json
642,minimist,1.2.8,npm,,MIT,Transitive,0,package-lock.json,package-lock.json
643,micromark-core-commonmark,2.0.3,npm,,,Transitive,0,package-lock.json,package-lock.json
644,node-readable-to-web-readable-stream,0.4.2,npm,,,Transitive,0,package-lock.json,package-lock.json
645,apps/ui/admin-e2e,0.0.1,npm,,,Transitive,0,package-lock.json,package-lock.json
646,@babel/plugin-syntax-import-attributes,7.28.6,npm,,,Transitive,0,package-lock.json,package-lock.json
647,@esbuild/linux-ppc64,0.20.2,npm,,MIT,Transitive,0,package-lock.json,package-lock.json
648,@jest/test-sequencer,29.7.0,npm,,MIT,Transitive,0,package-lock.json,package-lock.json
649,@rollup/rollup-darwin-x64,4.59.0,npm,,,Transitive,0,package-lock.json,package-lock.json
650,@smithy/util-hex-encoding,4.2.2,npm,,,Transitive,0,package-lock.json,package-lock.json
651,es-define-property,1.0.1,npm,,MIT,Transitive,0,package-lock.json,package-lock.json
652,find-file-up,2.0.1,npm,,MIT,Transitive,0,package-lock.json,package-lock.json
653,isobject,3.0.1,npm,,MIT,Transitive,0,package-lock.json,package-lock.json
654,yocto-queue,1.2.2,npm,,,Transitive,0,package-lock.json,package-lock.json
655,markdown-it,14.1.1,npm,,,Transitive,0,package-lock.json,package-lock.json
656,safe-regex-test,1.1.0,npm,,,Transitive,0,package-lock.json,package-lock.json
657,saxes,5.0.1,npm,,,Transitive,0,package-lock.json,package-lock.json
658,magic-string,0.30.0,npm,,MIT,Transitive,0,package-lock.json,package-lock.json
659,@rspack/binding,1.7.9,npm,,,Transitive,0,package-lock.json,package-lock.json
660,@types/pako,2.0.4,npm,,,Transitive,0,package-lock.json,package-lock.json
661,clean-stack,2.2.0,npm,,MIT,Transitive,0,package-lock.json,package-lock.json
662,string-width,7.2.0,npm,,MIT,Transitive,0,package-lock.json,package-lock.json
663,tinyexec,1.0.4,npm,,,Transitive,0,package-lock.json,package-lock.json
664,@types/express-serve-static-core,4.19.8,npm,,,Transitive,0,package-lock.json,package-lock.json
665,is-gzip,1.0.0,npm,,MIT,Transitive,0,package-lock.json,package-lock.json
666,pino-abstract-transport,2.0.0,npm,,MIT,Transitive,0,package-lock.json,package-lock.json
667,@floating-ui/core,1.7.5,npm,,,Transitive,0,package-lock.json,package-lock.json
668,entities,2.2.0,npm,,,Transitive,0,package-lock.json,package-lock.json
669,apps/ui/iwork-e2e,0.0.1,npm,,,Transitive,0,package-lock.json,package-lock.json
670,responselike,2.0.1,npm,,MIT,Transitive,0,package-lock.json,package-lock.json
671,yoctocolors-cjs,2.1.3,npm,,,Transitive,0,package-lock.json,package-lock.json
672,@smithy/is-array-buffer,4.2.2,npm,,,Transitive,0,package-lock.json,package-lock.json
673,@types/normalize-package-data,2.4.4,npm,,MIT,Transitive,0,package-lock.json,package-lock.json
674,arraybuffer.prototype.slice,1.0.4,npm,,,Transitive,0,package-lock.json,package-lock.json
675,yocto-queue,0.1.0,npm,,MIT,Transitive,0,package-lock.json,package-lock.json
676,@verdaccio/local-storage-legacy,11.1.1,npm,,,Transitive,0,package-lock.json,package-lock.json
677,get-stream,6.0.1,npm,,MIT,Transitive,0,package-lock.json,package-lock.json
678,pkg-types,1.3.1,npm,,,Transitive,0,package-lock.json,package-lock.json
679,@nx/nx-linux-arm-gnueabihf,20.6.1,npm,,,Transitive,0,package-lock.json,package-lock.json
680,@nx/nx-linux-x64-musl,20.6.1,npm,,,Transitive,0,package-lock.json,package-lock.json
681,postgres-interval,1.2.0,npm,,MIT,Transitive,0,package-lock.json,package-lock.json
682,iterare,1.2.1,npm,,,Transitive,0,package-lock.json,package-lock.json
683,apps/services/org-service,0.0.1,npm,,,Transitive,0,package-lock.json,package-lock.json
684,rimraf,2.7.1,npm,,,Transitive,0,package-lock.json,package-lock.json
685,@types/inquirer,9.0.9,npm,,,Transitive,0,package-lock.json,package-lock.json
686,json5,1.0.2,npm,,MIT,Transitive,0,package-lock.json,package-lock.json
687,fdir,6.5.0,npm,,,Transitive,0,package-lock.json,package-lock.json
688,side-channel,1.1.0,npm,,,Transitive,0,package-lock.json,package-lock.json
689,busboy,1.6.0,npm,,MIT,Transitive,0,package-lock.json,package-lock.json
690,inflation,2.1.0,npm,,MIT,Transitive,0,package-lock.json,package-lock.json
691,mdast-util-find-and-replace,3.0.2,npm,,,Transitive,0,package-lock.json,package-lock.json
692,optionator,0.9.4,npm,,MIT,Transitive,0,package-lock.json,package-lock.json
693,punycode,2.3.1,npm,,MIT,Transitive,0,package-lock.json,package-lock.json
694,ast-types-flow,0.0.8,npm,,MIT,Transitive,0,package-lock.json,package-lock.json
695,apps/ui/ibp-e2e,0.0.1,npm,,,Transitive,0,package-lock.json,package-lock.json
696,@babel/plugin-transform-json-strings,7.28.6,npm,,,Transitive,0,package-lock.json,package-lock.json
697,@formatjs/icu-skeleton-parser,1.8.16,npm,,,Transitive,0,package-lock.json,package-lock.json
698,iterator.prototype,1.1.5,npm,,,Transitive,0,package-lock.json,package-lock.json
699,micromark-util-types,2.0.2,npm,,,Transitive,0,package-lock.json,package-lock.json
700,v8flags,4.0.1,npm,,MIT,Transitive,0,package-lock.json,package-lock.json
701,@insurance-wellness-hub/iwork,,npm,,,Transitive,0,package-lock.json,package-lock.json
702,@webassemblyjs/wast-printer,1.14.1,npm,,MIT,Transitive,0,package-lock.json,package-lock.json
703,arch,2.2.0,npm,,MIT,Transitive,0,package-lock.json,package-lock.json
704,pino-std-serializers,7.1.0,npm,,,Transitive,0,package-lock.json,package-lock.json
705,through,2.3.8,npm,,MIT,Transitive,0,package-lock.json,package-lock.json
706,@dnd-kit/accessibility,3.1.1,npm,,MIT,Transitive,0,package-lock.json,package-lock.json
707,debounce,1.2.1,npm,,MIT,Transitive,0,package-lock.json,package-lock.json
708,@babel/plugin-syntax-jsx,7.28.6,npm,,,Transitive,0,package-lock.json,package-lock.json
709,@babel/plugin-transform-logical-assignment-operators,7.28.6,npm,,,Transitive,0,package-lock.json,package-lock.json
710,is-absolute,1.0.0,npm,,MIT,Transitive,0,package-lock.json,package-lock.json
711,tldts-core,6.1.86,npm,,,Transitive,0,package-lock.json,package-lock.json
712,@insurance-wellness-hub/auth-service-e2e,,npm,,,Transitive,0,package-lock.json,package-lock.json
713,@types/is-hotkey,0.1.10,npm,,MIT,Transitive,0,package-lock.json,package-lock.json
714,spdx-expression-parse,3.0.1,npm,,MIT,Transitive,0,package-lock.json,package-lock.json
715,universalify,2.0.1,npm,,MIT,Transitive,0,package-lock.json,package-lock.json
716,@ioredis/commands,1.5.1,npm,,,Transitive,0,package-lock.json,package-lock.json
717,@smithy/querystring-parser,4.2.12,npm,,,Transitive,0,package-lock.json,package-lock.json
718,@svgr/babel-plugin-transform-svg-component,8.0.0,npm,,MIT,Transitive,0,package-lock.json,package-lock.json
719,jest-resolve,29.7.0,npm,,MIT,Transitive,0,package-lock.json,package-lock.json
720,@verdaccio/loaders,8.0.0-next-8.23,npm,,,Transitive,0,package-lock.json,package-lock.json
721,node-fetch,2.7.0,npm,,MIT,Transitive,0,package-lock.json,package-lock.json
722,@rollup/rollup-openbsd-x64,4.59.0,npm,,,Transitive,0,package-lock.json,package-lock.json
723,css-to-react-native,3.2.0,npm,,MIT,Transitive,0,package-lock.json,package-lock.json
724,htmlparser2,6.1.0,npm,,,Transitive,0,package-lock.json,package-lock.json
725,mrmime,2.0.1,npm,,,Transitive,0,package-lock.json,package-lock.json
726,@module-federation/data-prefetch,0.9.1,npm,,,Transitive,0,package-lock.json,package-lock.json
727,pg-cloudflare,1.3.0,npm,,,Transitive,0,package-lock.json,package-lock.json
728,@emnapi/wasi-threads,1.2.0,npm,,,Transitive,0,package-lock.json,package-lock.json
729,@nx/node,20.6.1,npm,,,Direct,0,package-lock.json,package-lock.json
730,micromark-util-character,2.1.1,npm,,MIT,Transitive,0,package-lock.json,package-lock.json
731,mkdirp-classic,0.5.3,npm,,MIT,Transitive,0,package-lock.json,package-lock.json
732,nodemailer-fetch,1.6.0,npm,,MIT,Transitive,0,package-lock.json,package-lock.json
733,global-directory,4.0.1,npm,,MIT,Transitive,0,package-lock.json,package-lock.json
734,randombytes,2.1.0,npm,,MIT,Transitive,0,package-lock.json,package-lock.json
735,wrappy,1.0.2,npm,,,Transitive,0,package-lock.json,package-lock.json
736,@aws-sdk/util-user-agent-browser,3.972.8,npm,,,Transitive,0,package-lock.json,package-lock.json
737,@babel/plugin-proposal-decorators,7.29.0,npm,,,Transitive,0,package-lock.json,package-lock.json
738,type-fest,0.20.2,npm,,MIT,Transitive,0,package-lock.json,package-lock.json
739,uglify-js,3.19.3,npm,,,Transitive,0,package-lock.json,package-lock.json
740,@types/d3-interpolate,3.0.4,npm,,MIT,Transitive,0,package-lock.json,package-lock.json
741,extsprintf,1.3.0,npm,,MIT,Transitive,0,package-lock.json,package-lock.json
742,http-status-codes,2.3.0,npm,,MIT,Transitive,0,package-lock.json,package-lock.json
743,send,1.2.1,npm,,,Transitive,0,package-lock.json,package-lock.json
744,@babel/plugin-transform-object-rest-spread,7.28.6,npm,,,Transitive,0,package-lock.json,package-lock.json
745,@phenomnomnominal/tsquery,5.0.1,npm,,MIT,Transitive,0,package-lock.json,package-lock.json
746,apps/services/api-gateway-e2e,0.0.1,npm,,,Transitive,0,package-lock.json,package-lock.json
747,is-arguments,1.2.0,npm,,,Transitive,0,package-lock.json,package-lock.json
748,@tanstack/query-core,5.90.20,npm,,,Transitive,0,package-lock.json,package-lock.json
749,cssstyle,3.0.0,npm,,MIT,Transitive,0,package-lock.json,package-lock.json
750,which-boxed-primitive,1.1.1,npm,,,Transitive,0,package-lock.json,package-lock.json
751,@strapi/core,5.39.0,npm,,,Transitive,0,package-lock.json,package-lock.json
752,@parcel/watcher-darwin-arm64,2.5.6,npm,,,Transitive,0,package-lock.json,package-lock.json
753,postcss-selector-parser,7.1.1,npm,,,Transitive,0,package-lock.json,package-lock.json
754,@jsonjoy.com/fs-node-to-fsa,4.56.11,npm,,,Transitive,0,package-lock.json,package-lock.json
755,@types/quill,1.3.10,npm,,MIT,Transitive,0,package-lock.json,package-lock.json
756,finalhandler,2.1.1,npm,,,Transitive,0,package-lock.json,package-lock.json
757,http-assert,1.5.0,npm,,MIT,Transitive,0,package-lock.json,package-lock.json
758,style-mod,4.1.3,npm,,,Transitive,0,package-lock.json,package-lock.json
759,path-expression-matcher,1.1.3,npm,,,Transitive,0,package-lock.json,package-lock.json
760,@babel/preset-env,7.29.2,npm,,,Transitive,0,package-lock.json,package-lock.json
761,@rspack/binding-linux-x64-gnu,1.7.9,npm,,,Transitive,0,package-lock.json,package-lock.json
762,@mui/utils,6.4.9,npm,,,Transitive,0,package-lock.json,package-lock.json
763,@typescript-eslint/visitor-keys,8.19.0,npm,,,Transitive,0,package-lock.json,package-lock.json
764,muggle-string,0.4.1,npm,,MIT,Transitive,0,package-lock.json,package-lock.json
765,player.style,0.0.8,npm,,MIT,Transitive,0,package-lock.json,package-lock.json
766,@types/jsonwebtoken,9.0.10,npm,,,Transitive,0,package-lock.json,package-lock.json
767,browserslist-to-esbuild,1.2.0,npm,,MIT,Transitive,0,package-lock.json,package-lock.json
768,jest-diff,29.7.0,npm,,MIT,Transitive,0,package-lock.json,package-lock.json
769,liftoff,4.0.0,npm,,,Transitive,0,package-lock.json,package-lock.json
770,webpack-hot-middleware,2.26.1,npm,,MIT,Transitive,0,package-lock.json,package-lock.json
771,@sindresorhus/merge-streams,4.0.0,npm,,MIT,Transitive,0,package-lock.json,package-lock.json
772,sax,1.6.0,npm,,,Transitive,0,package-lock.json,package-lock.json
773,@radix-ui/react-popper,1.1.3,npm,,MIT,Transitive,0,package-lock.json,package-lock.json
774,trim-repeated,2.0.0,npm,,MIT,Transitive,0,package-lock.json,package-lock.json
775,@aws-crypto/crc32,5.2.0,npm,,Apache-2.0,Transitive,0,package-lock.json,package-lock.json
776,@types/node,20.19.37,npm,,,Direct,0,package-lock.json,package-lock.json
777,@vitest/runner,3.2.4,npm,,,Transitive,0,package-lock.json,package-lock.json
778,esm,3.2.25,npm,,MIT,Transitive,0,package-lock.json,package-lock.json
779,file-selector,2.1.2,npm,,MIT,Transitive,0,package-lock.json,package-lock.json
780,universalify,0.2.0,npm,,MIT,Transitive,0,package-lock.json,package-lock.json
781,postcss-normalize-whitespace,6.0.2,npm,,MIT,Transitive,0,package-lock.json,package-lock.json
782,@aws-sdk/util-user-agent-node,3.973.7,npm,,,Transitive,0,package-lock.json,package-lock.json
783,ansi-align,3.0.1,npm,,,Transitive,0,package-lock.json,package-lock.json
784,fs-extra,10.1.0,npm,,MIT,Transitive,0,package-lock.json,package-lock.json
785,@esbuild/win32-arm64,0.20.2,npm,,MIT,Transitive,0,package-lock.json,package-lock.json
786,webpack-bundle-analyzer,4.10.2,npm,,MIT,Transitive,0,package-lock.json,package-lock.json
787,co,4.6.0,npm,,MIT,Transitive,0,package-lock.json,package-lock.json
788,fflate,0.8.2,npm,,MIT,Transitive,0,package-lock.json,package-lock.json
789,is-obj,2.0.0,npm,,MIT,Transitive,0,package-lock.json,package-lock.json
790,postcss-discard-comments,6.0.2,npm,,MIT,Transitive,0,package-lock.json,package-lock.json
791,source-list-map,2.0.1,npm,,MIT,Transitive,0,package-lock.json,package-lock.json
792,stream-chain,2.2.5,npm,,BSD-3-Clause,Transitive,0,package-lock.json,package-lock.json
793,@babel/plugin-transform-member-expression-literals,7.27.1,npm,,,Transitive,0,package-lock.json,package-lock.json
794,@testing-library/dom,10.4.1,npm,,,Direct,0,package-lock.json,package-lock.json
795,css-color-keywords,1.0.0,npm,,,Transitive,0,package-lock.json,package-lock.json
796,d3-color,3.1.0,npm,,,Transitive,0,package-lock.json,package-lock.json
797,for-own,1.0.0,npm,,MIT,Transitive,0,package-lock.json,package-lock.json
798,@babel/preset-flow,7.27.1,npm,,,Transitive,0,package-lock.json,package-lock.json
799,sass-embedded-unknown-all,1.98.0,npm,,,Transitive,0,package-lock.json,package-lock.json
800,@insurance-wellness-hub/notification-service-e2e,,npm,,,Transitive,0,package-lock.json,package-lock.json
801,@types/d3-time,3.0.4,npm,,MIT,Transitive,0,package-lock.json,package-lock.json
802,at-least-node,1.0.0,npm,,,Transitive,0,package-lock.json,package-lock.json
803,@xtuc/ieee754,1.2.0,npm,,BSD-3-Clause,Transitive,0,package-lock.json,package-lock.json
804,csstype,3.2.3,npm,,,Transitive,0,package-lock.json,package-lock.json
805,renderkid,3.0.0,npm,,MIT,Transitive,0,package-lock.json,package-lock.json
806,@babel/helper-compilation-targets,7.28.6,npm,,,Transitive,0,package-lock.json,package-lock.json
807,@napi-rs/nice-linux-arm64-musl,1.1.1,npm,,,Transitive,0,package-lock.json,package-lock.json
808,@floating-ui/react-dom,2.1.0,npm,,MIT,Transitive,0,package-lock.json,package-lock.json
809,@types/body-parser,1.19.6,npm,,,Transitive,0,package-lock.json,package-lock.json
810,thenify-all,1.6.0,npm,,MIT,Transitive,0,package-lock.json,package-lock.json
811,winston,3.19.0,npm,,,Direct,0,package-lock.json,package-lock.json
812,@szmarczak/http-timer,4.0.6,npm,,MIT,Transitive,0,package-lock.json,package-lock.json
813,@types/cacheable-request,6.0.3,npm,,MIT,Transitive,0,package-lock.json,package-lock.json
814,tinyexec,0.3.2,npm,,,Transitive,0,package-lock.json,package-lock.json
815,@microsoft/api-extractor,7.57.7,npm,,,Transitive,0,package-lock.json,package-lock.json
816,jsonc-parser,3.3.1,npm,,MIT,Transitive,0,package-lock.json,package-lock.json
817,parse-entities,4.0.2,npm,,,Transitive,0,package-lock.json,package-lock.json
818,slash,3.0.0,npm,,MIT,Transitive,0,package-lock.json,package-lock.json
819,@aws-sdk/credential-provider-process,3.972.18,npm,,,Transitive,0,package-lock.json,package-lock.json
820,@inquirer/external-editor,1.0.3,npm,,,Transitive,0,package-lock.json,package-lock.json
821,local-pkg,1.1.2,npm,,,Transitive,0,package-lock.json,package-lock.json
822,secure-compare,3.0.1,npm,,MIT,Transitive,0,package-lock.json,package-lock.json
823,string-argv,0.3.2,npm,,MIT,Transitive,0,package-lock.json,package-lock.json
824,less,4.1.3,npm,,,Transitive,0,package-lock.json,package-lock.json
825,is-network-error,1.3.1,npm,,,Transitive,0,package-lock.json,package-lock.json
826,@webassemblyjs/wasm-parser,1.14.1,npm,,MIT,Transitive,0,package-lock.json,package-lock.json
827,d3-timer,3.0.1,npm,,,Transitive,0,package-lock.json,package-lock.json
828,webpack-subresource-integrity,5.1.0,npm,,MIT,Transitive,0,package-lock.json,package-lock.json
829,@babel/plugin-transform-react-jsx-development,7.27.1,npm,,,Transitive,0,package-lock.json,package-lock.json
830,@esbuild/openharmony-arm64,0.25.12,npm,,,Transitive,0,package-lock.json,package-lock.json
831,dkim-signer,0.2.2,npm,,MIT,Transitive,0,package-lock.json,package-lock.json
832,create-jest,29.7.0,npm,,MIT,Transitive,0,package-lock.json,package-lock.json
833,data-urls,4.0.0,npm,,MIT,Transitive,0,package-lock.json,package-lock.json
834,archiver-utils,2.1.0,npm,,MIT,Transitive,0,package-lock.json,package-lock.json
835,strip-outer,2.0.0,npm,,MIT,Transitive,0,package-lock.json,package-lock.json
836,@typescript-eslint/parser,8.57.1,npm,,,Transitive,0,package-lock.json,package-lock.json
837,expand-tilde,2.0.2,npm,,MIT,Transitive,0,package-lock.json,package-lock.json
838,mdast-util-gfm,3.1.0,npm,,,Transitive,0,package-lock.json,package-lock.json
839,oblivious-set,1.0.0,npm,,MIT,Transitive,0,package-lock.json,package-lock.json
840,tinypool,1.1.1,npm,,,Transitive,0,package-lock.json,package-lock.json
841,@babel/plugin-syntax-decorators,7.28.6,npm,,,Transitive,0,package-lock.json,package-lock.json
842,lodash.flatten,4.4.0,npm,,MIT,Transitive,0,package-lock.json,package-lock.json
843,pvutils,1.1.5,npm,,,Transitive,0,package-lock.json,package-lock.json
844,@babel/code-frame,7.29.0,npm,,,Transitive,0,package-lock.json,package-lock.json
845,boolean,3.2.0,npm,,MIT,Transitive,0,package-lock.json,package-lock.json
846,express-basic-auth,1.2.1,npm,,MIT,Direct,0,package-lock.json,package-lock.json
847,@nx/nest,20.6.1,npm,,,Direct,0,package-lock.json,package-lock.json
848,@radix-ui/react-dialog,1.0.5,npm,,MIT,Transitive,0,package-lock.json,package-lock.json
849,@testing-library/jest-dom,6.9.1,npm,,,Direct,0,package-lock.json,package-lock.json
850,aria-hidden,1.2.6,npm,,,Transitive,0,package-lock.json,package-lock.json
851,@nx/eslint,20.6.1,npm,,,Direct,0,package-lock.json,package-lock.json
852,@insurance-wellness-hub/document-service,,npm,,,Transitive,0,package-lock.json,package-lock.json
853,commander,10.0.1,npm,,,Transitive,0,package-lock.json,package-lock.json
854,pg-connection-string,2.12.0,npm,,,Transitive,0,package-lock.json,package-lock.json
855,unicode-match-property-ecmascript,2.0.0,npm,,MIT,Transitive,0,package-lock.json,package-lock.json
856,@esbuild/android-arm64,0.20.2,npm,,MIT,Transitive,0,package-lock.json,package-lock.json
857,dargs,8.1.0,npm,,MIT,Transitive,0,package-lock.json,package-lock.json
858,@babel/plugin-transform-sticky-regex,7.27.1,npm,,,Transitive,0,package-lock.json,package-lock.json
859,@img/sharp-libvips-linux-arm,1.0.5,npm,,LGPL-3.0-only,Transitive,0,package-lock.json,package-lock.json
860,@types/express-session,1.18.2,npm,,,Direct,0,package-lock.json,package-lock.json
861,@azure-rest/ai-document-intelligence,1.1.0,npm,,,Direct,0,package-lock.json,package-lock.json
862,@istanbuljs/schema,0.1.3,npm,,MIT,Transitive,0,package-lock.json,package-lock.json
863,eslint-plugin-react-hooks,5.0.0,npm,,MIT,Direct,0,package-lock.json,package-lock.json
864,enquire.js,2.1.6,npm,,MIT,Transitive,0,package-lock.json,package-lock.json
865,file-uri-to-path,2.0.0,npm,,MIT,Transitive,0,package-lock.json,package-lock.json
866,scheduler,0.23.2,npm,,MIT,Transitive,0,package-lock.json,package-lock.json
867,redis-parser,3.0.0,npm,,MIT,Transitive,0,package-lock.json,package-lock.json
868,sass-embedded-linux-arm,1.98.0,npm,,,Transitive,0,package-lock.json,package-lock.json
869,emoji-regex,10.6.0,npm,,,Transitive,0,package-lock.json,package-lock.json
870,@jridgewell/remapping,2.3.5,npm,,,Transitive,0,package-lock.json,package-lock.json
871,escape-string-regexp,2.0.0,npm,,,Transitive,0,package-lock.json,package-lock.json
872,@aws-sdk/client-sns,3.1010.0,npm,,,Direct,0,package-lock.json,package-lock.json
873,@emotion/is-prop-valid,1.4.0,npm,,,Transitive,0,package-lock.json,package-lock.json
874,@rushstack/rig-package,0.7.2,npm,,,Transitive,0,package-lock.json,package-lock.json
875,define-lazy-prop,2.0.0,npm,,MIT,Transitive,0,package-lock.json,package-lock.json
876,delayed-stream,1.0.0,npm,,MIT,Transitive,0,package-lock.json,package-lock.json
877,unist-util-visit,5.1.0,npm,,,Transitive,0,package-lock.json,package-lock.json
878,@napi-rs/canvas-linux-x64-musl,0.1.97,npm,,,Transitive,0,package-lock.json,package-lock.json
879,async-function,1.0.0,npm,,,Transitive,0,package-lock.json,package-lock.json
880,deepmerge,4.3.1,npm,,MIT,Transitive,0,package-lock.json,package-lock.json
881,@rushstack/ts-command-line,5.3.3,npm,,,Transitive,0,package-lock.json,package-lock.json
882,@types/retry,0.12.2,npm,,MIT,Transitive,0,package-lock.json,package-lock.json
883,react-refresh,0.17.0,npm,,,Transitive,0,package-lock.json,package-lock.json
884,@webpack-cli/configtest,2.1.1,npm,,MIT,Transitive,0,package-lock.json,package-lock.json
885,detect-node,2.1.0,npm,,MIT,Transitive,0,package-lock.json,package-lock.json
886,@jsonjoy.com/base64,17.67.0,npm,,,Transitive,0,package-lock.json,package-lock.json
887,@vitejs/plugin-react-swc,3.6.0,npm,,MIT,Transitive,0,package-lock.json,package-lock.json
888,bin-version,6.0.0,npm,,MIT,Transitive,0,package-lock.json,package-lock.json
889,bluebird,3.7.2,npm,,,Transitive,0,package-lock.json,package-lock.json
890,react-is,19.2.4,npm,,,Transitive,0,package-lock.json,package-lock.json
891,thenify,3.3.1,npm,,MIT,Transitive,0,package-lock.json,package-lock.json
892,dezalgo,1.0.4,npm,,,Transitive,0,package-lock.json,package-lock.json
893,micromark-factory-whitespace,2.0.1,npm,,MIT,Transitive,0,package-lock.json,package-lock.json
894,@insurance-wellness-hub/search-service,,npm,,,Transitive,0,package-lock.json,package-lock.json
895,@types/sockjs,0.3.36,npm,,MIT,Transitive,0,package-lock.json,package-lock.json
896,@babel/plugin-transform-react-jsx-source,7.27.1,npm,,,Transitive,0,package-lock.json,package-lock.json
897,@strapi/content-releases,5.39.0,npm,,,Transitive,0,package-lock.json,package-lock.json
898,proc-log,3.0.0,npm,,,Transitive,0,package-lock.json,package-lock.json
899,@parcel/watcher-win32-x64,2.5.6,npm,,,Transitive,0,package-lock.json,package-lock.json
900,@types/express,5.0.6,npm,,,Transitive,0,package-lock.json,package-lock.json
901,@typescript-eslint/visitor-keys,8.57.1,npm,,,Transitive,0,package-lock.json,package-lock.json
902,ag-charts-types,11.3.2,npm,,,Transitive,0,package-lock.json,package-lock.json
903,@jest/schemas,30.0.5,npm,,,Transitive,0,package-lock.json,package-lock.json
904,uid,2.0.2,npm,,MIT,Transitive,0,package-lock.json,package-lock.json
905,@babel/helper-create-regexp-features-plugin,7.28.5,npm,,,Transitive,0,package-lock.json,package-lock.json
906,content-disposition,0.5.4,npm,,MIT,Transitive,0,package-lock.json,package-lock.json
907,lodash.assign,4.2.0,npm,,MIT,Transitive,0,package-lock.json,package-lock.json
908,cors,2.8.6,npm,,,Transitive,0,package-lock.json,package-lock.json
909,grant,5.4.24,npm,,,Transitive,0,package-lock.json,package-lock.json
910,lodash.mergewith,4.6.2,npm,,MIT,Transitive,0,package-lock.json,package-lock.json
911,micromark-extension-gfm-autolink-literal,2.1.0,npm,,MIT,Transitive,0,package-lock.json,package-lock.json
912,@commitlint/ensure,19.8.1,npm,,,Transitive,0,package-lock.json,package-lock.json
913,caniuse-api,3.0.0,npm,,,Transitive,0,package-lock.json,package-lock.json
914,min-indent,1.0.1,npm,,MIT,Transitive,0,package-lock.json,package-lock.json
915,performance-now,2.1.0,npm,,MIT,Transitive,0,package-lock.json,package-lock.json
916,@rollup/rollup-freebsd-x64,4.59.0,npm,,,Transitive,0,package-lock.json,package-lock.json
917,array.prototype.findlast,1.2.5,npm,,MIT,Transitive,0,package-lock.json,package-lock.json
918,pg-connection-string,2.6.2,npm,,MIT,Transitive,0,package-lock.json,package-lock.json
919,pump,3.0.4,npm,,,Transitive,0,package-lock.json,package-lock.json
920,typescript,5.8.2,npm,,,Direct,0,package-lock.json,package-lock.json
921,@rollup/rollup-linux-loong64-gnu,4.59.0,npm,,,Transitive,0,package-lock.json,package-lock.json
922,@jest/globals,29.7.0,npm,,MIT,Transitive,0,package-lock.json,package-lock.json
923,color-convert,2.0.1,npm,,MIT,Transitive,0,package-lock.json,package-lock.json
924,crc-32,1.2.2,npm,,Apache-2.0,Transitive,0,package-lock.json,package-lock.json
925,markdown-it-abbr,1.0.4,npm,,MIT,Transitive,0,package-lock.json,package-lock.json
926,array-ify,1.0.0,npm,,MIT,Transitive,0,package-lock.json,package-lock.json
927,d3-time,3.1.0,npm,,,Transitive,0,package-lock.json,package-lock.json
928,limiter,1.1.5,npm,,MIT,Transitive,0,package-lock.json,package-lock.json
929,siginfo,2.0.0,npm,,,Transitive,0,package-lock.json,package-lock.json
930,path-to-regexp,3.3.0,npm,,,Transitive,0,package-lock.json,package-lock.json
931,@nx/webpack,20.6.1,npm,,,Direct,0,package-lock.json,package-lock.json
932,esutils,2.0.3,npm,,BSD-2-Clause,Transitive,0,package-lock.json,package-lock.json
933,echarts,5.6.0,npm,,,Direct,0,package-lock.json,package-lock.json
934,@nx/js,20.6.1,npm,,,Direct,0,package-lock.json,package-lock.json
935,css-box-model,1.2.1,npm,,MIT,Transitive,0,package-lock.json,package-lock.json
936,is-ssh,1.4.1,npm,,,Transitive,0,package-lock.json,package-lock.json
937,isomorphic-ws,5.0.0,npm,,MIT,Transitive,0,package-lock.json,package-lock.json
938,@parcel/watcher-linux-arm64-glibc,2.5.6,npm,,,Transitive,0,package-lock.json,package-lock.json
939,is-docker,3.0.0,npm,,MIT,Transitive,0,package-lock.json,package-lock.json
940,sass-embedded-android-arm64,1.98.0,npm,,,Transitive,0,package-lock.json,package-lock.json
941,shebang-command,2.0.0,npm,,MIT,Transitive,0,package-lock.json,package-lock.json
942,custom-media-element,1.3.3,npm,,MIT,Transitive,0,package-lock.json,package-lock.json
943,uint8array-extras,1.5.0,npm,,,Transitive,0,package-lock.json,package-lock.json
944,@module-federation/manifest,0.9.1,npm,,,Transitive,0,package-lock.json,package-lock.json
945,@nx/jest,20.6.1,npm,,,Direct,0,package-lock.json,package-lock.json
946,js-sha3,0.8.0,npm,,MIT,Transitive,0,package-lock.json,package-lock.json
947,typedarray,0.0.6,npm,,MIT,Transitive,0,package-lock.json,package-lock.json
948,util,0.12.5,npm,,MIT,Transitive,0,package-lock.json,package-lock.json
949,vite-node,3.2.4,npm,,,Transitive,0,package-lock.json,package-lock.json
950,parse-filepath,1.0.2,npm,,MIT,Transitive,0,package-lock.json,package-lock.json
951,streamx,2.23.0,npm,,,Transitive,0,package-lock.json,package-lock.json
952,@insurance-wellness-hub/service-registry,,npm,,,Transitive,0,package-lock.json,package-lock.json
953,mini-css-extract-plugin,2.7.7,npm,,MIT,Transitive,0,package-lock.json,package-lock.json
954,sift,16.0.1,npm,,MIT,Transitive,0,package-lock.json,package-lock.json
955,@peculiar/asn1-csr,2.6.1,npm,,,Transitive,0,package-lock.json,package-lock.json
956,@napi-rs/nice-linux-s390x-gnu,1.1.1,npm,,,Transitive,0,package-lock.json,package-lock.json
957,@tanstack/react-query,5.90.21,npm,,,Direct,0,package-lock.json,package-lock.json
958,babel-jest,29.7.0,npm,,MIT,Direct,0,package-lock.json,package-lock.json
959,entities,4.5.0,npm,,,Transitive,0,package-lock.json,package-lock.json
960,apps/services/report-service,0.0.1,npm,,,Transitive,0,package-lock.json,package-lock.json
961,simple-swizzle,0.2.4,npm,,,Transitive,0,package-lock.json,package-lock.json
962,apps/services/policy-service-e2e,0.0.1,npm,,,Transitive,0,package-lock.json,package-lock.json
963,slate,0.94.1,npm,,,Transitive,0,package-lock.json,package-lock.json
964,socks-proxy-agent,8.0.5,npm,,,Transitive,0,package-lock.json,package-lock.json
965,css-tree,2.2.1,npm,,MIT,Transitive,0,package-lock.json,package-lock.json
966,@module-federation/runtime-core,2.2.1,npm,,,Transitive,0,package-lock.json,package-lock.json
967,react-refresh,0.14.0,npm,,MIT,Transitive,0,package-lock.json,package-lock.json
968,merge-descriptors,2.0.0,npm,,MIT,Transitive,0,package-lock.json,package-lock.json
969,@swc/core-linux-arm64-gnu,1.5.29,npm,,MIT,Transitive,0,package-lock.json,package-lock.json
970,babel-plugin-polyfill-regenerator,0.6.8,npm,,,Transitive,0,package-lock.json,package-lock.json
971,sass,1.98.0,npm,,,Direct,0,package-lock.json,package-lock.json
972,@napi-rs/canvas-linux-arm64-musl,0.1.97,npm,,,Transitive,0,package-lock.json,package-lock.json
973,@types/http-proxy,1.17.17,npm,,,Transitive,0,package-lock.json,package-lock.json
974,log-update,6.1.0,npm,,MIT,Transitive,0,package-lock.json,package-lock.json
975,@rspack/binding-linux-arm64-gnu,1.7.9,npm,,,Transitive,0,package-lock.json,package-lock.json
976,@types/express-serve-static-core,5.1.1,npm,,,Transitive,0,package-lock.json,package-lock.json
977,is-number,7.0.0,npm,,MIT,Transitive,0,package-lock.json,package-lock.json
978,string-width-cjs,4.2.3,npm,,,Transitive,0,package-lock.json,package-lock.json
979,token-types,6.1.2,npm,,,Transitive,0,package-lock.json,package-lock.json
980,@module-federation/enhanced,2.2.1,npm,,,Transitive,0,package-lock.json,package-lock.json
981,chromium-bidi,14.0.0,npm,,,Transitive,0,package-lock.json,package-lock.json
982,bare-stream,2.8.1,npm,,,Transitive,0,package-lock.json,package-lock.json
983,@rspack/lite-tapable,1.1.0,npm,,,Transitive,0,package-lock.json,package-lock.json
984,array.prototype.flatmap,1.3.3,npm,,,Transitive,0,package-lock.json,package-lock.json
985,babel-plugin-polyfill-corejs2,0.4.17,npm,,,Transitive,0,package-lock.json,package-lock.json
986,import-lazy,4.0.0,npm,,MIT,Transitive,0,package-lock.json,package-lock.json
987,jsqr,1.4.0,npm,,Apache-2.0,Direct,0,package-lock.json,package-lock.json
988,lodash.once,4.1.1,npm,,MIT,Transitive,0,package-lock.json,package-lock.json
989,immer,10.2.0,npm,,,Transitive,0,package-lock.json,package-lock.json
990,@module-federation/sdk,0.8.12,npm,,,Transitive,0,package-lock.json,package-lock.json
991,@svgr/babel-plugin-remove-jsx-attribute,8.0.0,npm,,MIT,Transitive,0,package-lock.json,package-lock.json
992,@types/stack-utils,2.0.3,npm,,MIT,Transitive,0,package-lock.json,package-lock.json
993,asn1js,3.0.7,npm,,,Transitive,0,package-lock.json,package-lock.json
994,assert-plus,1.0.0,npm,,MIT,Transitive,0,package-lock.json,package-lock.json
995,@strapi/database,5.39.0,npm,,,Transitive,0,package-lock.json,package-lock.json
996,@types/d3-array,3.2.2,npm,,,Transitive,0,package-lock.json,package-lock.json
997,interpret,2.2.0,npm,,,Transitive,0,package-lock.json,package-lock.json
998,@date-io/core,3.2.0,npm,,,Transitive,0,package-lock.json,package-lock.json
999,@insurance-wellness-hub/workflow-service-e2e,,npm,,,Transitive,0,package-lock.json,package-lock.json
1000,@types/graceful-fs,4.1.9,npm,,MIT,Transitive,0,package-lock.json,package-lock.json
1001,node-machine-id,1.1.12,npm,,MIT,Transitive,0,package-lock.json,package-lock.json
1002,html-escaper,2.0.2,npm,,MIT,Transitive,0,package-lock.json,package-lock.json
1003,ansi-regex,6.2.2,npm,,,Transitive,0,package-lock.json,package-lock.json
1004,ansi-escapes,4.3.2,npm,,MIT,Transitive,0,package-lock.json,package-lock.json
1005,estree-walker,2.0.2,npm,,MIT,Transitive,0,package-lock.json,package-lock.json
1006,hmac-drbg,1.0.1,npm,,MIT,Transitive,0,package-lock.json,package-lock.json
1007,mz,2.7.0,npm,,,Transitive,0,package-lock.json,package-lock.json
1008,side-channel-map,1.0.1,npm,,MIT,Transitive,0,package-lock.json,package-lock.json
1009,aws-sign2,0.7.0,npm,,Apache-2.0,Transitive,0,package-lock.json,package-lock.json
1010,babel-plugin-macros,3.1.0,npm,,MIT,Transitive,0,package-lock.json,package-lock.json
1011,url-parse,1.5.10,npm,,MIT,Transitive,0,package-lock.json,package-lock.json
1012,@insurance-wellness-hub/master-data-service-e2e,,npm,,,Transitive,0,package-lock.json,package-lock.json
1013,@radix-ui/react-context,1.1.2,npm,,,Transitive,0,package-lock.json,package-lock.json
1014,@vitejs/plugin-react-swc,3.7.0,npm,,MIT,Transitive,0,package-lock.json,package-lock.json
1015,negotiator,0.6.4,npm,,MIT,Transitive,0,package-lock.json,package-lock.json
1016,leven,3.1.0,npm,,MIT,Transitive,0,package-lock.json,package-lock.json
1017,@insurance-wellness-hub/ibp-service,,npm,,,Transitive,0,package-lock.json,package-lock.json
1018,follow-redirects,1.15.11,npm,,,Transitive,0,package-lock.json,package-lock.json
1019,negotiator,1.0.0,npm,,MIT,Transitive,0,package-lock.json,package-lock.json
1020,semver-compare,1.0.0,npm,,MIT,Transitive,0,package-lock.json,package-lock.json
1021,domutils,2.8.0,npm,,BSD-2-Clause,Transitive,0,package-lock.json,package-lock.json
1022,statuses,2.0.1,npm,,,Transitive,0,package-lock.json,package-lock.json
1023,@babel/plugin-bugfix-safari-id-destructuring-collision-in-function-expression,7.27.1,npm,,,Transitive,0,package-lock.json,package-lock.json
1024,keyv,4.5.4,npm,,MIT,Transitive,0,package-lock.json,package-lock.json
1025,type-check,0.4.0,npm,,MIT,Transitive,0,package-lock.json,package-lock.json
1026,crypto-js,4.2.0,npm,,,Transitive,0,package-lock.json,package-lock.json
1027,@swc/core-win32-arm64-msvc,1.5.29,npm,,MIT,Transitive,0,package-lock.json,package-lock.json
1028,postcss-convert-values,6.1.0,npm,,MIT,Transitive,0,package-lock.json,package-lock.json
1029,@dnd-kit/modifiers,9.0.0,npm,,MIT,Transitive,0,package-lock.json,package-lock.json
1030,html-entities,2.6.0,npm,,,Transitive,0,package-lock.json,package-lock.json
1031,@types/keygrip,1.0.6,npm,,MIT,Transitive,0,package-lock.json,package-lock.json
1032,@types/semver,7.5.8,npm,,MIT,Transitive,0,package-lock.json,package-lock.json
1033,@esbuild/linux-mips64el,0.20.2,npm,,MIT,Transitive,0,package-lock.json,package-lock.json
1034,@module-federation/runtime,2.2.1,npm,,,Transitive,0,package-lock.json,package-lock.json
1035,@webassemblyjs/wasm-opt,1.14.1,npm,,MIT,Transitive,0,package-lock.json,package-lock.json
1036,compress-commons,4.1.2,npm,,MIT,Transitive,0,package-lock.json,package-lock.json
1037,@jest/types,30.3.0,npm,,,Transitive,0,package-lock.json,package-lock.json
1038,basic-auth,2.0.1,npm,,MIT,Transitive,0,package-lock.json,package-lock.json
1039,markdown-it-ins,3.0.1,npm,,MIT,Transitive,0,package-lock.json,package-lock.json
1040,@module-federation/runtime,0.8.12,npm,,,Transitive,0,package-lock.json,package-lock.json
1041,@smithy/uuid,1.1.2,npm,,,Transitive,0,package-lock.json,package-lock.json
1042,has-property-descriptors,1.0.2,npm,,MIT,Transitive,0,package-lock.json,package-lock.json
1043,ospath,1.2.2,npm,,MIT,Transitive,0,package-lock.json,package-lock.json
1044,pdf-parse,1.1.4,npm,,,Direct,0,package-lock.json,package-lock.json
1045,sshpk,1.18.0,npm,,MIT,Transitive,0,package-lock.json,package-lock.json
1046,@parcel/watcher-darwin-x64,2.5.6,npm,,,Transitive,0,package-lock.json,package-lock.json
1047,@nodelib/fs.scandir,2.1.5,npm,,MIT,Transitive,0,package-lock.json,package-lock.json
1048,onetime,7.0.0,npm,,MIT,Transitive,0,package-lock.json,package-lock.json
1049,prebuild-install,7.1.3,npm,,,Transitive,0,package-lock.json,package-lock.json
1050,slice-ansi,3.0.0,npm,,MIT,Transitive,0,package-lock.json,package-lock.json
1051,to-regex-range,5.0.1,npm,,MIT,Transitive,0,package-lock.json,package-lock.json
1052,validate-npm-package-license,3.0.4,npm,,Apache-2.0,Transitive,0,package-lock.json,package-lock.json
1053,@module-federation/vite,1.5.1,npm,,,Direct,0,package-lock.json,package-lock.json
1054,@babel/preset-typescript,7.28.5,npm,,,Transitive,0,package-lock.json,package-lock.json
1055,array.prototype.findlastindex,1.2.6,npm,,,Transitive,0,package-lock.json,package-lock.json
1056,unist-util-is,6.0.1,npm,,,Transitive,0,package-lock.json,package-lock.json
1057,@babel/plugin-transform-typescript,7.28.6,npm,,,Transitive,0,package-lock.json,package-lock.json
1058,@rollup/rollup-win32-x64-gnu,4.59.0,npm,,,Transitive,0,package-lock.json,package-lock.json
1059,fast-csv,4.3.6,npm,,MIT,Transitive,0,package-lock.json,package-lock.json
1060,@verdaccio/hooks,8.0.0-next-8.33,npm,,,Transitive,0,package-lock.json,package-lock.json
1061,@tybys/wasm-util,0.9.0,npm,,MIT,Transitive,0,package-lock.json,package-lock.json
1062,typanion,3.14.0,npm,,MIT,Transitive,0,package-lock.json,package-lock.json
1063,@insurance-wellness-hub/policy-service-e2e,,npm,,,Transitive,0,package-lock.json,package-lock.json
1064,@rollup/rollup-linux-x64-gnu,4.59.0,npm,,,Transitive,0,package-lock.json,package-lock.json
1065,@types/babel__traverse,7.28.0,npm,,,Transitive,0,package-lock.json,package-lock.json
1066,fast-diff,1.1.2,npm,,Apache-2.0,Transitive,0,package-lock.json,package-lock.json
1067,git-url-parse,13.1.1,npm,,MIT,Transitive,0,package-lock.json,package-lock.json
1068,matcher,3.0.0,npm,,MIT,Transitive,0,package-lock.json,package-lock.json
1069,@microsoft/api-extractor-model,7.33.4,npm,,,Transitive,0,package-lock.json,package-lock.json
1070,@sinclair/typebox,0.27.10,npm,,,Transitive,0,package-lock.json,package-lock.json
1071,cross-env,7.0.3,npm,,MIT,Transitive,0,package-lock.json,package-lock.json
1072,@parcel/watcher-linux-arm64-musl,2.5.6,npm,,,Transitive,0,package-lock.json,package-lock.json
1073,upath,2.0.1,npm,,MIT,Transitive,0,package-lock.json,package-lock.json
1074,internal-slot,1.1.0,npm,,,Transitive,0,package-lock.json,package-lock.json
1075,triple-beam,1.4.1,npm,,MIT,Transitive,0,package-lock.json,package-lock.json
1076,@img/sharp-darwin-arm64,0.33.5,npm,,Apache-2.0,Transitive,0,package-lock.json,package-lock.json
1077,@isaacs/cliui,8.0.2,npm,,,Transitive,0,package-lock.json,package-lock.json
1078,@opentelemetry/api,1.9.0,npm,,Apache-2.0,Transitive,0,package-lock.json,package-lock.json
1079,postcss-minify-font-values,6.1.0,npm,,MIT,Transitive,0,package-lock.json,package-lock.json
1080,hast-util-parse-selector,4.0.0,npm,,MIT,Transitive,0,package-lock.json,package-lock.json
1081,buffer-equal-constant-time,1.0.1,npm,,,Transitive,0,package-lock.json,package-lock.json
1082,convert-source-map,2.0.0,npm,,MIT,Transitive,0,package-lock.json,package-lock.json
1083,repeat-string,1.6.1,npm,,MIT,Transitive,0,package-lock.json,package-lock.json
1084,got-cjs,12.5.4,npm,,MIT,Transitive,0,package-lock.json,package-lock.json
1085,serve-index,1.9.2,npm,,,Transitive,0,package-lock.json,package-lock.json
1086,std-env,3.10.0,npm,,,Transitive,0,package-lock.json,package-lock.json
1087,domelementtype,2.3.0,npm,,BSD-2-Clause,Transitive,0,package-lock.json,package-lock.json
1088,@img/sharp-libvips-linuxmusl-x64,1.0.4,npm,,LGPL-3.0-only,Transitive,0,package-lock.json,package-lock.json
1089,strnum,2.2.0,npm,,,Transitive,0,package-lock.json,package-lock.json
1090,@codemirror/state,6.6.0,npm,,,Transitive,0,package-lock.json,package-lock.json
1091,archiver-utils,3.0.4,npm,,MIT,Transitive,0,package-lock.json,package-lock.json
1092,@jest/reporters,29.7.0,npm,,MIT,Transitive,0,package-lock.json,package-lock.json
1093,css-declaration-sorter,7.3.1,npm,,,Transitive,0,package-lock.json,package-lock.json
1094,unicorn-magic,0.1.0,npm,,MIT,Transitive,0,package-lock.json,package-lock.json
1095,@babel/plugin-transform-arrow-functions,7.27.1,npm,,,Transitive,0,package-lock.json,package-lock.json
1096,@nodelib/fs.walk,1.2.8,npm,,MIT,Transitive,0,package-lock.json,package-lock.json
1097,style-to-object,1.0.14,npm,,,Transitive,0,package-lock.json,package-lock.json
1098,global-agent,3.0.0,npm,,BSD-3-Clause,Transitive,0,package-lock.json,package-lock.json
1099,@emotion/styled,11.14.1,npm,,,Direct,0,package-lock.json,package-lock.json
1100,adler-32,1.3.1,npm,,Apache-2.0,Transitive,0,package-lock.json,package-lock.json
1101,damerau-levenshtein,1.0.8,npm,,BSD-2-Clause,Transitive,0,package-lock.json,package-lock.json
1102,markdown-it-container,3.0.0,npm,,MIT,Transitive,0,package-lock.json,package-lock.json
1103,querystringify,2.2.0,npm,,MIT,Transitive,0,package-lock.json,package-lock.json
1104,cookie-signature,1.2.2,npm,,,Transitive,0,package-lock.json,package-lock.json
1105,is-set,2.0.3,npm,,MIT,Transitive,0,package-lock.json,package-lock.json
1106,spawn-command,0.0.2,npm,,,Transitive,0,package-lock.json,package-lock.json
1107,helmet,6.2.0,npm,,,Transitive,0,package-lock.json,package-lock.json
1108,human-signals,2.1.0,npm,,Apache-2.0,Transitive,0,package-lock.json,package-lock.json
1109,is-string,1.1.1,npm,,,Transitive,0,package-lock.json,package-lock.json
1110,pac-proxy-agent,7.2.0,npm,,,Transitive,0,package-lock.json,package-lock.json
1111,registry-url,5.1.0,npm,,MIT,Transitive,0,package-lock.json,package-lock.json
1112,@aws-sdk/credential-provider-http,3.972.20,npm,,,Transitive,0,package-lock.json,package-lock.json
1113,@types/unist,2.0.11,npm,,MIT,Transitive,0,package-lock.json,package-lock.json
1114,@babel/plugin-syntax-import-meta,7.10.4,npm,,MIT,Transitive,0,package-lock.json,package-lock.json
1115,@napi-rs/nice-win32-ia32-msvc,1.1.1,npm,,,Transitive,0,package-lock.json,package-lock.json
1116,@popperjs/core,2.11.8,npm,,MIT,Transitive,0,package-lock.json,package-lock.json
1117,@radix-ui/react-use-callback-ref,1.1.1,npm,,,Transitive,0,package-lock.json,package-lock.json
1118,write-file-atomic,4.0.2,npm,,,Transitive,0,package-lock.json,package-lock.json
1119,micromark-util-subtokenize,2.1.0,npm,,,Transitive,0,package-lock.json,package-lock.json
1120,through2,4.0.2,npm,,,Transitive,0,package-lock.json,package-lock.json
1121,string_decoder,0.10.31,npm,,MIT,Transitive,0,package-lock.json,package-lock.json
1122,enhanced-resolve,5.20.1,npm,,,Transitive,0,package-lock.json,package-lock.json
1123,stackframe,1.3.4,npm,,MIT,Transitive,0,package-lock.json,package-lock.json
1124,@fast-csv/format,4.3.5,npm,,MIT,Transitive,0,package-lock.json,package-lock.json
1125,@jest/create-cache-key-function,30.3.0,npm,,,Transitive,0,package-lock.json,package-lock.json
1126,raw-body,3.0.2,npm,,,Transitive,0,package-lock.json,package-lock.json
1127,ts-api-utils,2.4.0,npm,,,Transitive,0,package-lock.json,package-lock.json
1128,estraverse,4.3.0,npm,,BSD-2-Clause,Transitive,0,package-lock.json,package-lock.json
1129,end-of-stream,1.4.5,npm,,,Transitive,0,package-lock.json,package-lock.json
1130,find-pkg,2.0.0,npm,,MIT,Transitive,0,package-lock.json,package-lock.json
1131,natural-compare,1.4.0,npm,,MIT,Transitive,0,package-lock.json,package-lock.json
1132,stylus-loader,7.1.3,npm,,MIT,Transitive,0,package-lock.json,package-lock.json
1133,get-stdin,9.0.0,npm,,MIT,Transitive,0,package-lock.json,package-lock.json
1134,isbinaryfile,5.0.7,npm,,,Transitive,0,package-lock.json,package-lock.json
1135,apps/services/auth-service-e2e,0.0.1,npm,,,Transitive,0,package-lock.json,package-lock.json
1136,@babel/plugin-syntax-flow,7.28.6,npm,,,Transitive,0,package-lock.json,package-lock.json
1137,on-exit-leak-free,2.1.2,npm,,MIT,Transitive,0,package-lock.json,package-lock.json
1138,react,18.3.1,npm,,,Direct,0,package-lock.json,package-lock.json
1139,sort-package-json,2.10.1,npm,,MIT,Transitive,0,package-lock.json,package-lock.json
1140,schema-utils,4.3.3,npm,,,Transitive,0,package-lock.json,package-lock.json
1141,@jsonjoy.com/fs-print,4.56.11,npm,,,Transitive,0,package-lock.json,package-lock.json
1142,pkg-dir,3.0.0,npm,,MIT,Transitive,0,package-lock.json,package-lock.json
1143,@formatjs/intl-listformat,7.5.5,npm,,MIT,Transitive,0,package-lock.json,package-lock.json
1144,@jsonjoy.com/util,17.67.0,npm,,,Transitive,0,package-lock.json,package-lock.json
1145,@mui/base,5.0.0-dev.20240529-082515-213b5e33ab,npm,,,Transitive,0,package-lock.json,package-lock.json
1146,apps/services/service-registry,0.0.1,npm,,,Transitive,0,package-lock.json,package-lock.json
1147,bin-version-check,5.1.0,npm,,MIT,Transitive,0,package-lock.json,package-lock.json
1148,fd-slicer,1.1.0,npm,,MIT,Transitive,0,package-lock.json,package-lock.json
1149,read-pkg-up,7.0.1,npm,,MIT,Transitive,0,package-lock.json,package-lock.json
1150,@types/validator,13.15.10,npm,,,Transitive,0,package-lock.json,package-lock.json
1151,p-map,4.0.0,npm,,MIT,Transitive,0,package-lock.json,package-lock.json
1152,@volar/typescript,2.4.28,npm,,,Transitive,0,package-lock.json,package-lock.json
1153,@svgr/babel-plugin-replace-jsx-attribute-value,8.0.0,npm,,MIT,Transitive,0,package-lock.json,package-lock.json
1154,eventsource,2.0.2,npm,,MIT,Transitive,0,package-lock.json,package-lock.json
1155,write-file-atomic,5.0.1,npm,,,Transitive,0,package-lock.json,package-lock.json
1156,parse-passwd,1.0.0,npm,,MIT,Transitive,0,package-lock.json,package-lock.json
1157,@napi-rs/canvas-darwin-x64,0.1.97,npm,,,Transitive,0,package-lock.json,package-lock.json
1158,http-signature,1.4.0,npm,,MIT,Transitive,0,package-lock.json,package-lock.json
1159,load-yaml-file,0.2.0,npm,,MIT,Transitive,0,package-lock.json,package-lock.json
1160,@sinclair/typebox,0.34.48,npm,,,Transitive,0,package-lock.json,package-lock.json
1161,@nx/nx-darwin-x64,20.6.1,npm,,,Transitive,0,package-lock.json,package-lock.json
1162,@types/keyv,3.1.4,npm,,MIT,Transitive,0,package-lock.json,package-lock.json
1163,connect-history-api-fallback,2.0.0,npm,,MIT,Transitive,0,package-lock.json,package-lock.json
1164,@commitlint/top-level,19.8.1,npm,,,Transitive,0,package-lock.json,package-lock.json
1165,@babel/plugin-transform-unicode-escapes,7.27.1,npm,,,Transitive,0,package-lock.json,package-lock.json
1166,@radix-ui/react-collection,1.0.3,npm,,MIT,Transitive,0,package-lock.json,package-lock.json
1167,@smithy/util-utf8,4.2.2,npm,,,Transitive,0,package-lock.json,package-lock.json
1168,@swc/core-linux-arm64-musl,1.5.29,npm,,MIT,Transitive,0,package-lock.json,package-lock.json
1169,@types/yauzl,2.10.3,npm,,MIT,Transitive,0,package-lock.json,package-lock.json
1170,ora,5.4.1,npm,,MIT,Transitive,0,package-lock.json,package-lock.json
1171,@eslint/plugin-kit,0.4.1,npm,,,Transitive,0,package-lock.json,package-lock.json
1172,@pnpm/network.ca-file,1.0.2,npm,,MIT,Transitive,0,package-lock.json,package-lock.json
1173,@webassemblyjs/helper-wasm-section,1.14.1,npm,,MIT,Transitive,0,package-lock.json,package-lock.json
1174,classnames,2.5.1,npm,,MIT,Transitive,0,package-lock.json,package-lock.json
1175,is-text-path,2.0.0,npm,,MIT,Transitive,0,package-lock.json,package-lock.json
1176,motion-utils,12.36.0,npm,,,Transitive,0,package-lock.json,package-lock.json
1177,de-indent,1.0.2,npm,,MIT,Transitive,0,package-lock.json,package-lock.json
1178,enquirer,2.3.6,npm,,MIT,Transitive,0,package-lock.json,package-lock.json
1179,no-case,3.0.4,npm,,MIT,Transitive,0,package-lock.json,package-lock.json
1180,strip-final-newline,2.0.0,npm,,MIT,Transitive,0,package-lock.json,package-lock.json
1181,@insurance-wellness-hub/search-service-e2e,,npm,,,Transitive,0,package-lock.json,package-lock.json
1182,typescript,5.3.3,npm,,,Direct,0,package-lock.json,package-lock.json
1183,isexe,2.0.0,npm,,,Transitive,0,package-lock.json,package-lock.json
1184,apps/services/notification-service-e2e,0.0.1,npm,,,Transitive,0,package-lock.json,package-lock.json
1185,events,3.3.0,npm,,MIT,Transitive,0,package-lock.json,package-lock.json
1186,@babel/helper-string-parser,7.27.1,npm,,,Transitive,0,package-lock.json,package-lock.json
1187,@mui/x-internals,7.29.0,npm,,,Transitive,0,package-lock.json,package-lock.json
1188,boolbase,1.0.0,npm,,,Transitive,0,package-lock.json,package-lock.json
1189,preferred-pm,3.1.3,npm,,MIT,Transitive,0,package-lock.json,package-lock.json
1190,execa,9.6.1,npm,,,Transitive,0,package-lock.json,package-lock.json
1191,deep-is,0.1.4,npm,,MIT,Transitive,0,package-lock.json,package-lock.json
1192,set-function-length,1.2.2,npm,,MIT,Transitive,0,package-lock.json,package-lock.json
1193,buffer-indexof-polyfill,1.0.2,npm,,MIT,Transitive,0,package-lock.json,package-lock.json
1194,read-cache,1.0.0,npm,,MIT,Transitive,0,package-lock.json,package-lock.json
1195,@aws-sdk/middleware-recursion-detection,3.972.8,npm,,,Transitive,0,package-lock.json,package-lock.json
1196,@nestjs/schematics,10.2.3,npm,,MIT,Direct,0,package-lock.json,package-lock.json
1197,buffers,0.1.1,npm,,,Transitive,0,package-lock.json,package-lock.json
1198,koa2-ratelimit,1.1.3,npm,,MIT,Transitive,0,package-lock.json,package-lock.json
1199,rfdc,1.4.1,npm,,MIT,Transitive,0,package-lock.json,package-lock.json
1200,split2,4.2.0,npm,,,Transitive,0,package-lock.json,package-lock.json
1201,unload,2.2.0,npm,,Apache-2.0,Transitive,0,package-lock.json,package-lock.json
1202,@testing-library/react,16.3.0,npm,,,Direct,0,package-lock.json,package-lock.json
1203,streamroller,3.1.5,npm,,MIT,Transitive,0,package-lock.json,package-lock.json
1204,mime-db,1.54.0,npm,,,Transitive,0,package-lock.json,package-lock.json
1205,es-shim-unscopables,1.1.0,npm,,,Transitive,0,package-lock.json,package-lock.json
1206,tsconfig-paths,4.2.0,npm,,MIT,Transitive,0,package-lock.json,package-lock.json
1207,@jsonjoy.com/json-pack,17.67.0,npm,,,Transitive,0,package-lock.json,package-lock.json
1208,koa-static,5.0.0,npm,,MIT,Transitive,0,package-lock.json,package-lock.json
1209,noms,0.0.0,npm,,,Transitive,0,package-lock.json,package-lock.json
1210,@commitlint/cli,19.8.1,npm,,,Direct,0,package-lock.json,package-lock.json
1211,@types/formidable,2.0.6,npm,,MIT,Transitive,0,package-lock.json,package-lock.json
1212,@typescript-eslint/typescript-estree,8.57.1,npm,,,Transitive,0,package-lock.json,package-lock.json
1213,chardet,0.7.0,npm,,MIT,Transitive,0,package-lock.json,package-lock.json
1214,pause,0.0.1,npm,,,Transitive,0,package-lock.json,package-lock.json
1215,@napi-rs/nice-freebsd-x64,1.1.1,npm,,,Transitive,0,package-lock.json,package-lock.json
1216,@nx/react,20.6.1,npm,,,Direct,0,package-lock.json,package-lock.json
1217,react-helmet,6.1.0,npm,,MIT,Transitive,0,package-lock.json,package-lock.json
1218,@aws-sdk/credential-provider-web-identity,3.972.20,npm,,,Transitive,0,package-lock.json,package-lock.json
1219,immer,11.1.4,npm,,,Transitive,0,package-lock.json,package-lock.json
1220,is-number-object,1.1.1,npm,,,Transitive,0,package-lock.json,package-lock.json
1221,sisteransi,1.0.5,npm,,MIT,Transitive,0,package-lock.json,package-lock.json
1222,@babel/plugin-transform-dynamic-import,7.27.1,npm,,,Transitive,0,package-lock.json,package-lock.json
1223,pumpify,1.5.1,npm,,MIT,Transitive,0,package-lock.json,package-lock.json
1224,text-extensions,2.4.0,npm,,MIT,Transitive,0,package-lock.json,package-lock.json
1225,type-detect,4.0.8,npm,,MIT,Transitive,0,package-lock.json,package-lock.json
1226,web-namespaces,2.0.1,npm,,MIT,Transitive,0,package-lock.json,package-lock.json
1227,@babel/preset-modules,0.1.6-no-external-plugins,npm,,,Transitive,0,package-lock.json,package-lock.json
1228,filename-reserved-regex,3.0.0,npm,,MIT,Transitive,0,package-lock.json,package-lock.json
1229,https-proxy-agent,7.0.6,npm,,,Transitive,0,package-lock.json,package-lock.json
1230,is-stream,4.0.1,npm,,MIT,Transitive,0,package-lock.json,package-lock.json
1231,@insurance-wellness-hub/workflow-service,,npm,,,Transitive,0,package-lock.json,package-lock.json
1232,mdast-util-to-string,4.0.0,npm,,MIT,Transitive,0,package-lock.json,package-lock.json
1233,@babel/plugin-syntax-object-rest-spread,7.8.3,npm,,MIT,Transitive,0,package-lock.json,package-lock.json
1234,eslint-visitor-keys,5.0.1,npm,,,Transitive,0,package-lock.json,package-lock.json
1235,loader-utils,2.0.4,npm,,MIT,Transitive,0,package-lock.json,package-lock.json
1236,@nestjs/mapped-types,2.1.0,npm,,,Direct,0,package-lock.json,package-lock.json
1237,@types/picomatch,4.0.2,npm,,,Transitive,0,package-lock.json,package-lock.json
1238,nanoid,3.3.11,npm,,,Transitive,0,package-lock.json,package-lock.json
1239,@borewit/text-codec,0.2.2,npm,,,Transitive,0,package-lock.json,package-lock.json
1240,@emotion/babel-plugin,11.13.5,npm,,MIT,Transitive,0,package-lock.json,package-lock.json
1241,array-union,3.0.1,npm,,MIT,Transitive,0,package-lock.json,package-lock.json
1242,date-fns,4.1.0,npm,,,Direct,0,package-lock.json,package-lock.json
1243,html-url-attributes,3.0.1,npm,,MIT,Transitive,0,package-lock.json,package-lock.json
1244,@module-federation/runtime-tools,2.2.1,npm,,,Transitive,0,package-lock.json,package-lock.json
1245,@swc/types,0.1.25,npm,,,Transitive,0,package-lock.json,package-lock.json
1246,@types/istanbul-reports,3.0.4,npm,,MIT,Transitive,0,package-lock.json,package-lock.json
1247,jest-config,29.7.0,npm,,MIT,Transitive,0,package-lock.json,package-lock.json
1248,purest,4.0.2,npm,,Apache-2.0,Transitive,0,package-lock.json,package-lock.json
1249,react-style-singleton,2.2.3,npm,,,Transitive,0,package-lock.json,package-lock.json
1250,@insurance-wellness-hub/master-data-service,,npm,,,Transitive,0,package-lock.json,package-lock.json
1251,@types/debug,4.1.12,npm,,MIT,Transitive,0,package-lock.json,package-lock.json
1252,vfile,6.0.3,npm,,MIT,Transitive,0,package-lock.json,package-lock.json
1253,emoji-regex,9.2.2,npm,,MIT,Transitive,0,package-lock.json,package-lock.json
1254,zrender,5.6.1,npm,,,Transitive,0,package-lock.json,package-lock.json
1255,graceful-fs,4.2.11,npm,,,Transitive,0,package-lock.json,package-lock.json
1256,libphonenumber-js,1.12.40,npm,,,Transitive,0,package-lock.json,package-lock.json
1257,micromark-util-decode-string,2.0.1,npm,,MIT,Transitive,0,package-lock.json,package-lock.json
1258,pump,2.0.1,npm,,,Transitive,0,package-lock.json,package-lock.json
1259,detect-newline,3.1.0,npm,,MIT,Transitive,0,package-lock.json,package-lock.json
1260,json-schema-traverse,1.0.0,npm,,MIT,Transitive,0,package-lock.json,package-lock.json
1261,netmask,2.0.2,npm,,MIT,Transitive,0,package-lock.json,package-lock.json
1262,@strapi/review-workflows,5.39.0,npm,,,Transitive,0,package-lock.json,package-lock.json
1263,kuler,2.0.0,npm,,MIT,Transitive,0,package-lock.json,package-lock.json
1264,@internationalized/date,3.5.4,npm,,Apache-2.0,Transitive,0,package-lock.json,package-lock.json
1265,@smithy/eventstream-serde-config-resolver,4.3.12,npm,,,Transitive,0,package-lock.json,package-lock.json
1266,@types/tough-cookie,4.0.5,npm,,MIT,Transitive,0,package-lock.json,package-lock.json
1267,string-convert,0.2.1,npm,,MIT,Transitive,0,package-lock.json,package-lock.json
1268,apps/ui/container-e2e,0.0.1,npm,,,Transitive,0,package-lock.json,package-lock.json
1269,@humanfs/node,0.16.7,npm,,,Transitive,0,package-lock.json,package-lock.json
1270,globalthis,1.0.4,npm,,MIT,Transitive,0,package-lock.json,package-lock.json
1271,@parcel/watcher-linux-arm-musl,2.5.6,npm,,,Transitive,0,package-lock.json,package-lock.json
1272,markdown-it-mark,3.0.1,npm,,MIT,Transitive,0,package-lock.json,package-lock.json
1273,@verdaccio/streams,10.2.1,npm,,MIT,Transitive,0,package-lock.json,package-lock.json
1274,batch,0.6.1,npm,,MIT,Transitive,0,package-lock.json,package-lock.json
1275,@babel/plugin-transform-unicode-regex,7.27.1,npm,,,Transitive,0,package-lock.json,package-lock.json
1276,@insurance-wellness-hub/api-gateway,,npm,,,Transitive,0,package-lock.json,package-lock.json
1277,@tsconfig/node12,1.0.11,npm,,MIT,Transitive,0,package-lock.json,package-lock.json
1278,codepage,1.15.0,npm,,Apache-2.0,Transitive,0,package-lock.json,package-lock.json
1279,lodash.uniq,4.5.0,npm,,MIT,Transitive,0,package-lock.json,package-lock.json
1280,postcss-normalize-repeat-style,6.0.2,npm,,MIT,Transitive,0,package-lock.json,package-lock.json
1281,@aws-sdk/types,3.973.6,npm,,,Transitive,0,package-lock.json,package-lock.json
1282,@smithy/config-resolver,4.4.11,npm,,,Transitive,0,package-lock.json,package-lock.json
1283,@radix-ui/react-alert-dialog,1.0.5,npm,,MIT,Transitive,0,package-lock.json,package-lock.json
1284,@vitest/pretty-format,3.2.4,npm,,,Transitive,0,package-lock.json,package-lock.json
1285,@babel/plugin-transform-export-namespace-from,7.27.1,npm,,,Transitive,0,package-lock.json,package-lock.json
1286,tar-stream,3.1.7,npm,,MIT,Transitive,0,package-lock.json,package-lock.json
1287,micromark-util-symbol,2.0.1,npm,,MIT,Transitive,0,package-lock.json,package-lock.json
1288,oauth,0.10.2,npm,,,Transitive,0,package-lock.json,package-lock.json
1289,path-parse,1.0.7,npm,,MIT,Transitive,0,package-lock.json,package-lock.json
1290,verdaccio-htpasswd,13.0.0-next-8.33,npm,,,Transitive,0,package-lock.json,package-lock.json
1291,@typescript-eslint/type-utils,8.19.0,npm,,,Transitive,0,package-lock.json,package-lock.json
1292,request-compose,2.1.7,npm,,Apache-2.0,Transitive,0,package-lock.json,package-lock.json
1293,@radix-ui/react-use-layout-effect,1.0.1,npm,,MIT,Transitive,0,package-lock.json,package-lock.json
1294,git-url-parse,14.0.0,npm,,MIT,Transitive,0,package-lock.json,package-lock.json
1295,pdfjs-dist,5.5.207,npm,,,Direct,0,package-lock.json,package-lock.json
1296,mdast-util-mdxjs-esm,2.0.1,npm,,MIT,Transitive,0,package-lock.json,package-lock.json
1297,resolve-path,1.4.0,npm,,MIT,Transitive,0,package-lock.json,package-lock.json
1298,@smithy/node-http-handler,4.5.0,npm,,,Transitive,0,package-lock.json,package-lock.json
1299,@webassemblyjs/helper-api-error,1.13.2,npm,,MIT,Transitive,0,package-lock.json,package-lock.json
1300,detect-port,1.6.1,npm,,MIT,Transitive,0,package-lock.json,package-lock.json
1301,mdurl,2.0.0,npm,,MIT,Transitive,0,package-lock.json,package-lock.json
1302,colorjs.io,0.5.2,npm,,MIT,Transitive,0,package-lock.json,package-lock.json
1303,jest-docblock,29.7.0,npm,,MIT,Transitive,0,package-lock.json,package-lock.json
1304,tar-stream,2.2.0,npm,,MIT,Transitive,0,package-lock.json,package-lock.json
1305,@aws-sdk/middleware-user-agent,3.972.21,npm,,,Transitive,0,package-lock.json,package-lock.json
1306,language-subtag-registry,0.3.23,npm,,,Transitive,0,package-lock.json,package-lock.json
1307,path-to-regexp,6.3.0,npm,,,Transitive,0,package-lock.json,package-lock.json
1308,@nestjs/platform-express,10.4.22,npm,,,Direct,0,package-lock.json,package-lock.json
1309,data-view-byte-offset,1.0.1,npm,,,Transitive,0,package-lock.json,package-lock.json
1310,apps/services/document-service-e2e,0.0.1,npm,,,Transitive,0,package-lock.json,package-lock.json
1311,@esbuild/netbsd-x64,0.20.2,npm,,MIT,Transitive,0,package-lock.json,package-lock.json
1312,@koa/router,12.0.2,npm,,MIT,Transitive,0,package-lock.json,package-lock.json
1313,@module-federation/manifest,2.2.1,npm,,,Transitive,0,package-lock.json,package-lock.json
1314,@radix-ui/react-use-effect-event,0.0.2,npm,,,Transitive,0,package-lock.json,package-lock.json
1315,markdown-it-sub,1.0.0,npm,,MIT,Transitive,0,package-lock.json,package-lock.json
1316,@babel/plugin-transform-property-literals,7.27.1,npm,,,Transitive,0,package-lock.json,package-lock.json
1317,@insurance-wellness-hub/service-registry-e2e,,npm,,,Transitive,0,package-lock.json,package-lock.json
1318,dayjs,1.11.13,npm,,MIT,Transitive,0,package-lock.json,package-lock.json
1319,chrome-trace-event,1.0.4,npm,,MIT,Transitive,0,package-lock.json,package-lock.json
1320,decimal.js-light,2.5.1,npm,,MIT,Transitive,0,package-lock.json,package-lock.json
1321,micromatch,4.0.8,npm,,MIT,Transitive,0,package-lock.json,package-lock.json
1322,wrap-ansi,9.0.2,npm,,,Transitive,0,package-lock.json,package-lock.json
1323,spdy-transport,3.0.0,npm,,MIT,Transitive,0,package-lock.json,package-lock.json
1324,@babel/plugin-syntax-nullish-coalescing-operator,7.8.3,npm,,MIT,Transitive,0,package-lock.json,package-lock.json
1325,@module-federation/runtime-tools,0.9.1,npm,,,Transitive,0,package-lock.json,package-lock.json
1326,dns-packet,5.6.1,npm,,MIT,Transitive,0,package-lock.json,package-lock.json
1327,dom-helpers,5.2.1,npm,,MIT,Transitive,0,package-lock.json,package-lock.json
1328,framer-motion,12.38.0,npm,,,Direct,0,package-lock.json,package-lock.json
1329,gensync,1.0.0-beta.2,npm,,,Transitive,0,package-lock.json,package-lock.json
1330,isstream,0.1.2,npm,,MIT,Transitive,0,package-lock.json,package-lock.json
1331,@formatjs/icu-messageformat-parser,2.11.4,npm,,,Transitive,0,package-lock.json,package-lock.json
1332,is-path-inside,3.0.3,npm,,MIT,Transitive,0,package-lock.json,package-lock.json
1333,@types/readdir-glob,1.1.5,npm,,MIT,Transitive,0,package-lock.json,package-lock.json
1334,smart-buffer,4.2.0,npm,,MIT,Transitive,0,package-lock.json,package-lock.json
1335,queue-microtask,1.2.3,npm,,MIT,Transitive,0,package-lock.json,package-lock.json
1336,ts-jest,29.4.6,npm,,,Direct,0,package-lock.json,package-lock.json
1337,process-warning,1.0.0,npm,,MIT,Transitive,0,package-lock.json,package-lock.json
1338,proxy-from-env,1.1.0,npm,,MIT,Transitive,0,package-lock.json,package-lock.json
1339,@smithy/url-parser,4.2.12,npm,,,Transitive,0,package-lock.json,package-lock.json
1340,@strapi/i18n,5.39.0,npm,,,Transitive,0,package-lock.json,package-lock.json
1341,pidtree,0.6.0,npm,,MIT,Transitive,0,package-lock.json,package-lock.json
1342,@radix-ui/react-radio-group,1.1.3,npm,,MIT,Transitive,0,package-lock.json,package-lock.json
1343,lodash.union,4.6.0,npm,,MIT,Transitive,0,package-lock.json,package-lock.json
1344,@babel/plugin-transform-exponentiation-operator,7.28.6,npm,,,Transitive,0,package-lock.json,package-lock.json
1345,@napi-rs/nice-linux-ppc64-gnu,1.1.1,npm,,,Transitive,0,package-lock.json,package-lock.json
1346,@nodelib/fs.stat,2.0.5,npm,,MIT,Transitive,0,package-lock.json,package-lock.json
1347,@types/co-body,6.1.3,npm,,MIT,Transitive,0,package-lock.json,package-lock.json
1348,chokidar,4.0.3,npm,,,Transitive,0,package-lock.json,package-lock.json
1349,@jridgewell/resolve-uri,3.1.2,npm,,MIT,Transitive,0,package-lock.json,package-lock.json
1350,makeerror,1.0.12,npm,,BSD-3-Clause,Transitive,0,package-lock.json,package-lock.json
1351,@tanstack/react-virtual,3.13.23,npm,,,Transitive,0,package-lock.json,package-lock.json
1352,acorn-globals,7.0.1,npm,,MIT,Transitive,0,package-lock.json,package-lock.json
1353,normalize-package-data,2.5.0,npm,,BSD-2-Clause,Transitive,0,package-lock.json,package-lock.json
1354,nth-check,2.1.1,npm,,BSD-2-Clause,Transitive,0,package-lock.json,package-lock.json
1355,@babel/plugin-transform-destructuring,7.28.5,npm,,,Transitive,0,package-lock.json,package-lock.json
1356,safe-stable-stringify,2.5.0,npm,,MIT,Transitive,0,package-lock.json,package-lock.json
1357,@azure/core-paging,1.6.2,npm,,MIT,Transitive,0,package-lock.json,package-lock.json
1358,@jsonjoy.com/json-pack,1.21.0,npm,,,Transitive,0,package-lock.json,package-lock.json
1359,@lukeed/csprng,1.1.0,npm,,MIT,Transitive,0,package-lock.json,package-lock.json
1360,wrap-ansi,6.2.0,npm,,MIT,Transitive,0,package-lock.json,package-lock.json
1361,apps/services/opportunity-service-e2e,0.0.1,npm,,,Transitive,0,package-lock.json,package-lock.json
1362,koa-session,6.4.0,npm,,MIT,Transitive,0,package-lock.json,package-lock.json
1363,unzipper,0.10.14,npm,,MIT,Transitive,0,package-lock.json,package-lock.json
1364,@sinonjs/commons,3.0.1,npm,,BSD-3-Clause,Transitive,0,package-lock.json,package-lock.json
1365,array-each,1.0.1,npm,,MIT,Transitive,0,package-lock.json,package-lock.json
1366,@aws-sdk/region-config-resolver,3.972.8,npm,,,Transitive,0,package-lock.json,package-lock.json
1367,@types/conventional-commits-parser,5.0.2,npm,,,Transitive,0,package-lock.json,package-lock.json
1368,@jsonjoy.com/json-pointer,1.0.2,npm,,,Transitive,0,package-lock.json,package-lock.json
1369,comma-separated-tokens,2.0.3,npm,,MIT,Transitive,0,package-lock.json,package-lock.json
1370,http-errors,1.6.3,npm,,MIT,Transitive,0,package-lock.json,package-lock.json
1371,gzip-size,6.0.0,npm,,MIT,Transitive,0,package-lock.json,package-lock.json
1372,lazystream,1.0.1,npm,,MIT,Transitive,0,package-lock.json,package-lock.json
1373,@babel/plugin-syntax-bigint,7.8.3,npm,,MIT,Transitive,0,package-lock.json,package-lock.json
1374,jest-leak-detector,29.7.0,npm,,MIT,Transitive,0,package-lock.json,package-lock.json
1375,watchpack,2.5.1,npm,,,Transitive,0,package-lock.json,package-lock.json
1376,@babel/plugin-transform-computed-properties,7.28.6,npm,,,Transitive,0,package-lock.json,package-lock.json
1377,serve-static,2.2.1,npm,,,Transitive,0,package-lock.json,package-lock.json
1378,@commitlint/read,19.8.1,npm,,,Transitive,0,package-lock.json,package-lock.json
1379,@esbuild/win32-ia32,0.20.2,npm,,MIT,Transitive,0,package-lock.json,package-lock.json
1380,mute-stream,0.0.8,npm,,,Transitive,0,package-lock.json,package-lock.json
1381,tiny-warning,1.0.3,npm,,MIT,Transitive,0,package-lock.json,package-lock.json
1382,@types/responselike,1.0.3,npm,,MIT,Transitive,0,package-lock.json,package-lock.json
1383,lodash.iserror,3.1.1,npm,,MIT,Transitive,0,package-lock.json,package-lock.json
1384,p-retry,6.2.1,npm,,MIT,Transitive,0,package-lock.json,package-lock.json
1385,base64url,3.0.1,npm,,MIT,Transitive,0,package-lock.json,package-lock.json
1386,has-symbols,1.1.0,npm,,MIT,Transitive,0,package-lock.json,package-lock.json
1387,mdn-data,2.0.30,npm,,,Transitive,0,package-lock.json,package-lock.json
1388,crc32-stream,6.0.0,npm,,MIT,Transitive,0,package-lock.json,package-lock.json
1389,fs-monkey,1.1.0,npm,,,Transitive,0,package-lock.json,package-lock.json
1390,jest-runtime,29.7.0,npm,,MIT,Transitive,0,package-lock.json,package-lock.json
1391,jwk-to-pem,2.0.5,npm,,Apache-2.0,Transitive,0,package-lock.json,package-lock.json
1392,@eslint/js,9.39.4,npm,,,Direct,0,package-lock.json,package-lock.json
1393,css-minimizer-webpack-plugin,5.0.1,npm,,MIT,Transitive,0,package-lock.json,package-lock.json
1394,is-generator-fn,2.1.0,npm,,MIT,Transitive,0,package-lock.json,package-lock.json
1395,postcss-reduce-initial,6.1.0,npm,,MIT,Transitive,0,package-lock.json,package-lock.json
1396,fresh,2.0.0,npm,,MIT,Transitive,0,package-lock.json,package-lock.json
1397,object-assign,4.1.1,npm,,,Transitive,0,package-lock.json,package-lock.json
1398,puppeteer-core,24.39.1,npm,,,Direct,0,package-lock.json,package-lock.json
1399,xlsx,0.18.5,npm,,,Direct,0,package-lock.json,package-lock.json
1400,fill-range,7.1.1,npm,,MIT,Transitive,0,package-lock.json,package-lock.json
1401,@eslint-community/eslint-utils,4.9.1,npm,,,Transitive,0,package-lock.json,package-lock.json
1402,@svgr/plugin-svgo,8.1.0,npm,,MIT,Transitive,0,package-lock.json,package-lock.json
1403,@peculiar/asn1-schema,2.6.0,npm,,,Transitive,0,package-lock.json,package-lock.json
1404,@webassemblyjs/ieee754,1.13.2,npm,,,Transitive,0,package-lock.json,package-lock.json
1405,resolve-dir,1.0.1,npm,,MIT,Transitive,0,package-lock.json,package-lock.json
1406,tunnel-agent,0.6.0,npm,,Apache-2.0,Transitive,0,package-lock.json,package-lock.json
1407,@commitlint/to-lines,19.8.1,npm,,,Transitive,0,package-lock.json,package-lock.json
1408,@img/sharp-linux-arm64,0.33.5,npm,,Apache-2.0,Transitive,0,package-lock.json,package-lock.json
1409,@types/hast,3.0.4,npm,,MIT,Transitive,0,package-lock.json,package-lock.json
1410,@babel/plugin-bugfix-v8-static-class-fields-redefine-readonly,7.28.6,npm,,,Transitive,0,package-lock.json,package-lock.json
1411,data-view-byte-length,1.0.2,npm,,,Transitive,0,package-lock.json,package-lock.json
1412,jest-each,29.7.0,npm,,MIT,Transitive,0,package-lock.json,package-lock.json
1413,jest-snapshot,29.7.0,npm,,MIT,Transitive,0,package-lock.json,package-lock.json
1414,@parcel/watcher-android-arm64,2.5.6,npm,,,Transitive,0,package-lock.json,package-lock.json
1415,is-decimal,2.0.1,npm,,MIT,Transitive,0,package-lock.json,package-lock.json
1416,onetime,6.0.0,npm,,MIT,Transitive,0,package-lock.json,package-lock.json
1417,@insurance-wellness-hub/wellness-service-e2e,,npm,,,Transitive,0,package-lock.json,package-lock.json
1418,@types/react-redux,7.1.34,npm,,MIT,Transitive,0,package-lock.json,package-lock.json
1419,lowdb,1.0.0,npm,,,Transitive,0,package-lock.json,package-lock.json
1420,better-sqlite3,11.10.0,npm,,,Transitive,0,package-lock.json,package-lock.json
1421,tiny-invariant,1.3.3,npm,,MIT,Transitive,0,package-lock.json,package-lock.json
1422,@module-federation/cli,2.2.1,npm,,,Transitive,0,package-lock.json,package-lock.json
1423,commondir,1.0.1,npm,,MIT,Transitive,0,package-lock.json,package-lock.json
1424,is-typedarray,1.0.0,npm,,MIT,Transitive,0,package-lock.json,package-lock.json
1425,istanbul-lib-source-maps,4.0.1,npm,,BSD-3-Clause,Transitive,0,package-lock.json,package-lock.json
1426,@esbuild/win32-x64,0.20.2,npm,,MIT,Transitive,0,package-lock.json,package-lock.json
1427,inherits,2.0.4,npm,,,Transitive,0,package-lock.json,package-lock.json
1428,@verdaccio/config,8.0.0-next-8.33,npm,,,Transitive,0,package-lock.json,package-lock.json
1429,dot-case,3.0.4,npm,,MIT,Transitive,0,package-lock.json,package-lock.json
1430,strip-final-newline,3.0.0,npm,,MIT,Transitive,0,package-lock.json,package-lock.json
1431,@jsonjoy.com/fs-core,4.56.11,npm,,,Transitive,0,package-lock.json,package-lock.json
1432,parent-module,1.0.1,npm,,MIT,Transitive,0,package-lock.json,package-lock.json
1433,safe-push-apply,1.0.0,npm,,MIT,Transitive,0,package-lock.json,package-lock.json
1434,es-module-lexer,2.0.0,npm,,,Transitive,0,package-lock.json,package-lock.json
1435,@tokenizer/inflate,0.2.7,npm,,,Transitive,0,package-lock.json,package-lock.json
1436,postcss-discard-duplicates,6.0.3,npm,,MIT,Transitive,0,package-lock.json,package-lock.json
1437,url-join,4.0.1,npm,,MIT,Transitive,0,package-lock.json,package-lock.json
1438,@commitlint/config-validator,19.8.1,npm,,,Transitive,0,package-lock.json,package-lock.json
1439,@yarnpkg/lockfile,1.1.0,npm,,BSD-2-Clause,Transitive,0,package-lock.json,package-lock.json
1440,@swc/core-linux-x64-musl,1.5.29,npm,,MIT,Transitive,0,package-lock.json,package-lock.json
1441,@babel/helper-skip-transparent-expression-wrappers,7.27.1,npm,,,Transitive,0,package-lock.json,package-lock.json
1442,@rollup/rollup-linux-loong64-musl,4.59.0,npm,,,Transitive,0,package-lock.json,package-lock.json
1443,@rollup/rollup-win32-arm64-msvc,4.59.0,npm,,,Transitive,0,package-lock.json,package-lock.json
1444,micromark-extension-gfm,3.0.0,npm,,MIT,Transitive,0,package-lock.json,package-lock.json
1445,jsbn,0.1.1,npm,,MIT,Transitive,0,package-lock.json,package-lock.json
1446,slate-history,0.93.0,npm,,MIT,Transitive,0,package-lock.json,package-lock.json
1447,sync-message-port,1.2.0,npm,,,Transitive,0,package-lock.json,package-lock.json
1448,@pnpm/npm-conf,3.0.2,npm,,,Transitive,0,package-lock.json,package-lock.json
1449,steno,0.4.4,npm,,MIT,Transitive,0,package-lock.json,package-lock.json
1450,@img/sharp-linux-arm,0.33.5,npm,,Apache-2.0,Transitive,0,package-lock.json,package-lock.json
1451,indent-string,4.0.0,npm,,MIT,Transitive,0,package-lock.json,package-lock.json
1452,jest-get-type,29.6.3,npm,,MIT,Transitive,0,package-lock.json,package-lock.json
1453,eslint-plugin-cypress,3.6.0,npm,,MIT,Direct,0,package-lock.json,package-lock.json
1454,binary-extensions,2.3.0,npm,,MIT,Transitive,0,package-lock.json,package-lock.json
1455,string_decoder,1.3.0,npm,,MIT,Transitive,0,package-lock.json,package-lock.json
1456,@strapi/types,5.39.0,npm,,,Transitive,0,package-lock.json,package-lock.json
1457,@napi-rs/canvas-linux-riscv64-gnu,0.1.97,npm,,,Transitive,0,package-lock.json,package-lock.json
1458,aria-hidden,1.2.4,npm,,MIT,Transitive,0,package-lock.json,package-lock.json
1459,css-select,4.3.0,npm,,BSD-2-Clause,Transitive,0,package-lock.json,package-lock.json
1460,@bcoe/v8-coverage,0.2.3,npm,,MIT,Transitive,0,package-lock.json,package-lock.json
1461,@jridgewell/gen-mapping,0.3.13,npm,,,Transitive,0,package-lock.json,package-lock.json
1462,normalize-wheel,1.0.1,npm,,BSD-3-Clause,Transitive,0,package-lock.json,package-lock.json
1463,v8-compile-cache-lib,3.0.1,npm,,MIT,Transitive,0,package-lock.json,package-lock.json
1464,@vitest/mocker,3.2.4,npm,,,Transitive,0,package-lock.json,package-lock.json
1465,default-browser,5.5.0,npm,,,Transitive,0,package-lock.json,package-lock.json
1466,@babel/plugin-transform-classes,7.28.6,npm,,,Transitive,0,package-lock.json,package-lock.json
1467,got,11.8.6,npm,,,Transitive,0,package-lock.json,package-lock.json
1468,destroy,1.2.0,npm,,MIT,Transitive,0,package-lock.json,package-lock.json
1469,homedir-polyfill,1.0.3,npm,,MIT,Transitive,0,package-lock.json,package-lock.json
1470,openai,5.23.2,npm,,,Direct,0,package-lock.json,package-lock.json
1471,lodash.isstring,4.0.1,npm,,MIT,Transitive,0,package-lock.json,package-lock.json
1472,hasown,2.0.2,npm,,MIT,Transitive,0,package-lock.json,package-lock.json
1473,koa-compress,5.1.1,npm,,MIT,Transitive,0,package-lock.json,package-lock.json
1474,@radix-ui/react-compose-refs,1.0.1,npm,,MIT,Transitive,0,package-lock.json,package-lock.json
1475,istanbul-lib-instrument,5.2.1,npm,,BSD-3-Clause,Transitive,0,package-lock.json,package-lock.json
1476,make-dir,3.1.0,npm,,MIT,Transitive,0,package-lock.json,package-lock.json
1477,@babel/plugin-transform-block-scoping,7.28.6,npm,,,Transitive,0,package-lock.json,package-lock.json
1478,eventemitter2,6.4.7,npm,,MIT,Transitive,0,package-lock.json,package-lock.json
1479,jiti,2.6.1,npm,,,Direct,0,package-lock.json,package-lock.json
1480,@azure/core-rest-pipeline,1.23.0,npm,,,Transitive,0,package-lock.json,package-lock.json
1481,abort-controller,3.0.0,npm,,MIT,Transitive,0,package-lock.json,package-lock.json
1482,dlv,1.1.3,npm,,MIT,Transitive,0,package-lock.json,package-lock.json
1483,through2,2.0.5,npm,,,Transitive,0,package-lock.json,package-lock.json
1484,tmpl,1.0.5,npm,,BSD-3-Clause,Transitive,0,package-lock.json,package-lock.json
1485,fast-glob,3.3.3,npm,,,Transitive,0,package-lock.json,package-lock.json
1486,strip-json-comments,3.1.1,npm,,MIT,Transitive,0,package-lock.json,package-lock.json
1487,color,5.0.3,npm,,,Transitive,0,package-lock.json,package-lock.json
1488,copy-webpack-plugin,10.2.4,npm,,MIT,Transitive,0,package-lock.json,package-lock.json
1489,merge2,1.4.1,npm,,MIT,Transitive,0,package-lock.json,package-lock.json
1490,react-redux,9.2.0,npm,,,Direct,0,package-lock.json,package-lock.json
1491,@vue/compiler-core,3.5.30,npm,,,Transitive,0,package-lock.json,package-lock.json
1492,eslint-plugin-jsx-a11y,6.10.1,npm,,,Direct,0,package-lock.json,package-lock.json
1493,@types/yargs,17.0.35,npm,,,Transitive,0,package-lock.json,package-lock.json
1494,buffer-crc32,1.0.0,npm,,MIT,Transitive,0,package-lock.json,package-lock.json
1495,get-proto,1.0.1,npm,,MIT,Transitive,0,package-lock.json,package-lock.json
1496,registry-auth-token,4.2.2,npm,,MIT,Transitive,0,package-lock.json,package-lock.json
1497,stylus,0.64.0,npm,,,Transitive,0,package-lock.json,package-lock.json
1498,@swc/core-win32-ia32-msvc,1.5.29,npm,,MIT,Transitive,0,package-lock.json,package-lock.json
1499,jsx-ast-utils,3.3.5,npm,,MIT,Transitive,0,package-lock.json,package-lock.json
1500,querystring,0.2.0,npm,,,Transitive,0,package-lock.json,package-lock.json
1501,scroll-into-view-if-needed,2.2.31,npm,,MIT,Transitive,0,package-lock.json,package-lock.json
1502,@strapi/strapi,5.39.0,npm,,,Direct,0,package-lock.json,package-lock.json
1503,hast-util-to-jsx-runtime,2.3.6,npm,,,Transitive,0,package-lock.json,package-lock.json
1504,mime-db,1.52.0,npm,,MIT,Transitive,0,package-lock.json,package-lock.json
1505,core-util-is,1.0.2,npm,,MIT,Transitive,0,package-lock.json,package-lock.json
1506,resize-observer-polyfill,1.5.1,npm,,MIT,Transitive,0,package-lock.json,package-lock.json
1507,d3-ease,3.0.1,npm,,BSD-3-Clause,Transitive,0,package-lock.json,package-lock.json
1508,graphemer,1.4.0,npm,,MIT,Transitive,0,package-lock.json,package-lock.json
1509,typedoc-github-wiki-theme,1.1.0,npm,,MIT,Transitive,0,package-lock.json,package-lock.json
1510,fast-png,6.4.0,npm,,,Transitive,0,package-lock.json,package-lock.json
1511,restore-cursor,5.1.0,npm,,MIT,Transitive,0,package-lock.json,package-lock.json
1512,globby,13.2.2,npm,,MIT,Transitive,0,package-lock.json,package-lock.json
1513,@module-federation/inject-external-runtime-core-plugin,2.2.1,npm,,,Transitive,0,package-lock.json,package-lock.json
1514,postgres-array,2.0.0,npm,,MIT,Transitive,0,package-lock.json,package-lock.json
1515,regenerator-runtime,0.13.11,npm,,MIT,Transitive,0,package-lock.json,package-lock.json
1516,@ucast/js,3.1.0,npm,,,Transitive,0,package-lock.json,package-lock.json
1517,is-core-module,2.16.1,npm,,,Transitive,0,package-lock.json,package-lock.json
1518,is-unc-path,1.0.0,npm,,MIT,Transitive,0,package-lock.json,package-lock.json
1519,@smithy/credential-provider-imds,4.2.12,npm,,,Transitive,0,package-lock.json,package-lock.json
1520,check-more-types,2.24.0,npm,,MIT,Transitive,0,package-lock.json,package-lock.json
1521,executable,4.1.1,npm,,MIT,Transitive,0,package-lock.json,package-lock.json
1522,node-exports-info,1.6.0,npm,,,Transitive,0,package-lock.json,package-lock.json
1523,tldts,6.1.86,npm,,,Transitive,0,package-lock.json,package-lock.json
1524,@aws-sdk/credential-provider-sso,3.972.20,npm,,,Transitive,0,package-lock.json,package-lock.json
1525,@babel/plugin-transform-class-properties,7.28.6,npm,,,Transitive,0,package-lock.json,package-lock.json
1526,eventsource-parser,3.0.6,npm,,,Transitive,0,package-lock.json,package-lock.json
1527,react-beautiful-dnd,13.1.1,npm,,Apache-2.0,Direct,0,package-lock.json,package-lock.json
1528,setimmediate,1.0.5,npm,,MIT,Transitive,0,package-lock.json,package-lock.json
1529,@types/d3-color,3.1.3,npm,,MIT,Transitive,0,package-lock.json,package-lock.json
1530,bail,2.0.2,npm,,MIT,Transitive,0,package-lock.json,package-lock.json
1531,file-uri-to-path,1.0.0,npm,,MIT,Transitive,0,package-lock.json,package-lock.json
1532,@insurance-wellness-hub/iwork-e2e,,npm,,,Transitive,0,package-lock.json,package-lock.json
1533,lodash.isarguments,3.1.0,npm,,MIT,Transitive,0,package-lock.json,package-lock.json
1534,ai,5.0.118,npm,,,Transitive,0,package-lock.json,package-lock.json
1535,cli-width,3.0.0,npm,,,Transitive,0,package-lock.json,package-lock.json
1536,date-format,4.0.14,npm,,MIT,Transitive,0,package-lock.json,package-lock.json
1537,@floating-ui/utils,0.2.11,npm,,,Transitive,0,package-lock.json,package-lock.json
1538,@commitlint/rules,19.8.1,npm,,,Transitive,0,package-lock.json,package-lock.json
1539,@radix-ui/react-direction,1.0.1,npm,,MIT,Transitive,0,package-lock.json,package-lock.json
1540,estraverse,5.3.0,npm,,BSD-2-Clause,Transitive,0,package-lock.json,package-lock.json
1541,immediate,3.0.6,npm,,MIT,Transitive,0,package-lock.json,package-lock.json
1542,is-array-buffer,3.0.5,npm,,,Transitive,0,package-lock.json,package-lock.json
1543,micromark-extension-gfm-footnote,2.1.0,npm,,MIT,Transitive,0,package-lock.json,package-lock.json
1544,passport-google-oauth20,2.0.0,npm,,MIT,Direct,0,package-lock.json,package-lock.json
1545,esprima,4.0.1,npm,,BSD-2-Clause,Transitive,0,package-lock.json,package-lock.json
1546,dotenv,17.2.3,npm,,,Direct,0,package-lock.json,package-lock.json
1547,@babel/plugin-syntax-optional-chaining,7.8.3,npm,,MIT,Transitive,0,package-lock.json,package-lock.json
1548,execa,0.7.0,npm,,MIT,Transitive,0,package-lock.json,package-lock.json
1549,ignore-by-default,1.0.1,npm,,,Transitive,0,package-lock.json,package-lock.json
1550,media-typer,1.1.0,npm,,MIT,Transitive,0,package-lock.json,package-lock.json
1551,remark-stringify,11.0.0,npm,,MIT,Transitive,0,package-lock.json,package-lock.json
1552,aws-sdk,2.1693.0,npm,,,Direct,0,package-lock.json,package-lock.json
1553,git-up,7.0.0,npm,,MIT,Transitive,0,package-lock.json,package-lock.json
1554,tr46,4.1.1,npm,,MIT,Transitive,0,package-lock.json,package-lock.json
1555,@mui/system,7.3.9,npm,,,Direct,0,package-lock.json,package-lock.json
1556,@img/sharp-win32-ia32,0.33.5,npm,,Apache-2.0,Transitive,0,package-lock.json,package-lock.json
1557,lodash.escaperegexp,4.1.2,npm,,MIT,Transitive,0,package-lock.json,package-lock.json
1558,@module-federation/third-party-dts-extractor,0.9.1,npm,,,Transitive,0,package-lock.json,package-lock.json
1559,pkijs,3.3.3,npm,,,Transitive,0,package-lock.json,package-lock.json
1560,@types/content-disposition,0.5.9,npm,,,Transitive,0,package-lock.json,package-lock.json
1561,@types/cookies,0.9.2,npm,,,Transitive,0,package-lock.json,package-lock.json
1562,p-try,2.2.0,npm,,MIT,Transitive,0,package-lock.json,package-lock.json
1563,passport-strategy,1.0.0,npm,,,Transitive,0,package-lock.json,package-lock.json
1564,validator,13.15.26,npm,,,Transitive,0,package-lock.json,package-lock.json
1565,decompress-response,7.0.0,npm,,MIT,Transitive,0,package-lock.json,package-lock.json
1566,define-data-property,1.1.4,npm,,MIT,Transitive,0,package-lock.json,package-lock.json
1567,sirv,3.0.2,npm,,,Transitive,0,package-lock.json,package-lock.json
1568,@azure-rest/core-client,2.5.1,npm,,,Transitive,0,package-lock.json,package-lock.json
1569,@emotion/serialize,1.3.3,npm,,MIT,Transitive,0,package-lock.json,package-lock.json
1570,pluralize,8.0.0,npm,,MIT,Transitive,0,package-lock.json,package-lock.json
1571,env-paths,2.2.1,npm,,MIT,Transitive,0,package-lock.json,package-lock.json
1572,typed-array-byte-offset,1.0.4,npm,,,Transitive,0,package-lock.json,package-lock.json
1573,y18n,5.0.8,npm,,,Transitive,0,package-lock.json,package-lock.json
1574,@strapi/admin,5.39.0,npm,,,Transitive,0,package-lock.json,package-lock.json
1575,dom-serializer,1.4.1,npm,,MIT,Transitive,0,package-lock.json,package-lock.json
1576,is-promise,2.2.2,npm,,MIT,Transitive,0,package-lock.json,package-lock.json
1577,micromark-util-normalize-identifier,2.0.1,npm,,MIT,Transitive,0,package-lock.json,package-lock.json
1578,@azure/search-documents,12.2.0,npm,,,Direct,0,package-lock.json,package-lock.json
1579,@lezer/lr,1.4.8,npm,,,Transitive,0,package-lock.json,package-lock.json
1580,@types/luxon,3.7.1,npm,,,Transitive,0,package-lock.json,package-lock.json
1581,onetime,5.1.2,npm,,MIT,Transitive,0,package-lock.json,package-lock.json
1582,signal-exit,3.0.7,npm,,,Transitive,0,package-lock.json,package-lock.json
1583,apps/services/search-service,0.0.1,npm,,,Transitive,0,package-lock.json,package-lock.json
1584,is-glob,4.0.3,npm,,MIT,Transitive,0,package-lock.json,package-lock.json
1585,@sindresorhus/transliterate,0.1.2,npm,,MIT,Transitive,0,package-lock.json,package-lock.json
1586,conventional-changelog-angular,7.0.0,npm,,,Transitive,0,package-lock.json,package-lock.json
1587,wrap-ansi-cjs,7.0.0,npm,,,Transitive,0,package-lock.json,package-lock.json
1588,@babel/plugin-bugfix-v8-spread-parameters-in-optional-chaining,7.27.1,npm,,,Transitive,0,package-lock.json,package-lock.json
1589,sass-embedded-linux-musl-arm,1.98.0,npm,,,Transitive,0,package-lock.json,package-lock.json
1590,@commitlint/format,19.8.1,npm,,,Transitive,0,package-lock.json,package-lock.json
1591,cachedir,2.4.0,npm,,MIT,Transitive,0,package-lock.json,package-lock.json
1592,dotenv,16.6.1,npm,,,Direct,0,package-lock.json,package-lock.json
1593,path-scurry,1.11.1,npm,,,Transitive,0,package-lock.json,package-lock.json
1594,readdir-glob,1.1.3,npm,,Apache-2.0,Transitive,0,package-lock.json,package-lock.json
1595,@smithy/protocol-http,5.3.12,npm,,,Transitive,0,package-lock.json,package-lock.json
1596,autoprefixer,10.4.27,npm,,,Transitive,0,package-lock.json,package-lock.json
1597,koa-send,5.0.1,npm,,MIT,Transitive,0,package-lock.json,package-lock.json
1598,tr46,3.0.0,npm,,MIT,Transitive,0,package-lock.json,package-lock.json
1599,toposort,2.0.2,npm,,MIT,Transitive,0,package-lock.json,package-lock.json
1600,utila,0.4.0,npm,,MIT,Transitive,0,package-lock.json,package-lock.json
1601,@smithy/core,3.23.12,npm,,,Transitive,0,package-lock.json,package-lock.json
1602,lodash.isplainobject,4.0.6,npm,,MIT,Transitive,0,package-lock.json,package-lock.json
1603,combined-stream,1.0.8,npm,,,Transitive,0,package-lock.json,package-lock.json
1604,tar,7.5.11,npm,,,Transitive,0,package-lock.json,package-lock.json
1605,ts-node,10.9.1,npm,,,Direct,0,package-lock.json,package-lock.json
1606,mdast-util-gfm-table,2.0.0,npm,,MIT,Transitive,0,package-lock.json,package-lock.json
1607,neo-async,2.6.2,npm,,MIT,Transitive,0,package-lock.json,package-lock.json
1608,@types/raf,3.4.3,npm,,MIT,Transitive,0,package-lock.json,package-lock.json
1609,@vue/compiler-vue2,2.7.16,npm,,MIT,Transitive,0,package-lock.json,package-lock.json
1610,@radix-ui/react-use-size,1.0.1,npm,,MIT,Transitive,0,package-lock.json,package-lock.json
1611,tildify,2.0.0,npm,,MIT,Transitive,0,package-lock.json,package-lock.json
1612,@nestjs/axios,4.0.1,npm,,,Direct,0,package-lock.json,package-lock.json
1613,@rspack/binding-darwin-arm64,1.7.9,npm,,,Transitive,0,package-lock.json,package-lock.json
1614,react-dnd,16.0.1,npm,,MIT,Transitive,0,package-lock.json,package-lock.json
1615,@module-federation/bridge-react-webpack-plugin,0.9.1,npm,,,Transitive,0,package-lock.json,package-lock.json
1616,@napi-rs/nice-win32-x64-msvc,1.1.1,npm,,,Transitive,0,package-lock.json,package-lock.json
1617,@rtsao/scc,1.1.0,npm,,MIT,Transitive,0,package-lock.json,package-lock.json
1618,@babel/plugin-transform-new-target,7.27.1,npm,,,Transitive,0,package-lock.json,package-lock.json
1619,@insurance-wellness-hub/ai-service-e2e,,npm,,,Transitive,0,package-lock.json,package-lock.json
1620,@radix-ui/react-toggle-group,1.0.4,npm,,MIT,Transitive,0,package-lock.json,package-lock.json
1621,whatwg-encoding,2.0.0,npm,,MIT,Transitive,0,package-lock.json,package-lock.json
1622,@napi-rs/nice-darwin-x64,1.1.1,npm,,,Transitive,0,package-lock.json,package-lock.json
1623,collect-v8-coverage,1.0.3,npm,,,Transitive,0,package-lock.json,package-lock.json
1624,fast-fifo,1.3.2,npm,,MIT,Transitive,0,package-lock.json,package-lock.json
1625,@fast-csv/parse,4.3.6,npm,,MIT,Transitive,0,package-lock.json,package-lock.json
1626,get-caller-file,2.0.5,npm,,,Transitive,0,package-lock.json,package-lock.json
1627,react-side-effect,2.1.2,npm,,MIT,Transitive,0,package-lock.json,package-lock.json
1628,@azure/abort-controller,2.1.2,npm,,MIT,Transitive,0,package-lock.json,package-lock.json
1629,react-dnd-html5-backend,16.0.1,npm,,MIT,Transitive,0,package-lock.json,package-lock.json
1630,@commitlint/message,19.8.1,npm,,,Transitive,0,package-lock.json,package-lock.json
1631,duplexer2,0.1.4,npm,,BSD-3-Clause,Transitive,0,package-lock.json,package-lock.json
1632,@esbuild/linux-mips64el,0.25.12,npm,,,Transitive,0,package-lock.json,package-lock.json
1633,quill-delta,3.6.3,npm,,MIT,Transitive,0,package-lock.json,package-lock.json
1634,text-hex,1.0.0,npm,,MIT,Transitive,0,package-lock.json,package-lock.json
1635,@types/fined,1.1.5,npm,,MIT,Transitive,0,package-lock.json,package-lock.json
1636,@eslint/config-array,0.21.2,npm,,,Transitive,0,package-lock.json,package-lock.json
1637,cacheable-lookup,6.1.0,npm,,MIT,Transitive,0,package-lock.json,package-lock.json
1638,lodash.isfunction,3.0.9,npm,,MIT,Transitive,0,package-lock.json,package-lock.json
1639,open,8.4.0,npm,,MIT,Transitive,0,package-lock.json,package-lock.json
1640,stream-shift,1.0.3,npm,,MIT,Transitive,0,package-lock.json,package-lock.json
1641,supports-color,8.1.1,npm,,MIT,Transitive,0,package-lock.json,package-lock.json
1642,@azure/core-client,1.10.1,npm,,,Transitive,0,package-lock.json,package-lock.json
1643,@babel/core,7.29.0,npm,,,Direct,0,package-lock.json,package-lock.json
1644,gunzip-maybe,1.4.2,npm,,MIT,Transitive,0,package-lock.json,package-lock.json
1645,is-hotkey,0.1.8,npm,,MIT,Transitive,0,package-lock.json,package-lock.json
1646,react-router-dom,6.30.3,npm,,,Direct,0,package-lock.json,package-lock.json
1647,sass-embedded-linux-arm64,1.98.0,npm,,,Transitive,0,package-lock.json,package-lock.json
1648,xml-name-validator,4.0.0,npm,,Apache-2.0,Transitive,0,package-lock.json,package-lock.json
1649,asn1,0.2.6,npm,,MIT,Transitive,0,package-lock.json,package-lock.json
1650,koa-body,6.0.1,npm,,MIT,Transitive,0,package-lock.json,package-lock.json
1651,lodash.startcase,4.4.0,npm,,MIT,Transitive,0,package-lock.json,package-lock.json
1652,blob-util,2.0.2,npm,,Apache-2.0,Transitive,0,package-lock.json,package-lock.json
1653,koa-favicon,2.1.0,npm,,MIT,Transitive,0,package-lock.json,package-lock.json
1654,lodash.isinteger,4.0.4,npm,,MIT,Transitive,0,package-lock.json,package-lock.json
1655,webpack-cli,5.1.4,npm,,MIT,Direct,0,package-lock.json,package-lock.json
1656,@mui/core-downloads-tracker,7.3.9,npm,,,Transitive,0,package-lock.json,package-lock.json
1657,mdn-data,2.0.28,npm,,,Transitive,0,package-lock.json,package-lock.json
1658,exsolve,1.0.8,npm,,,Transitive,0,package-lock.json,package-lock.json
1659,levn,0.4.1,npm,,MIT,Transitive,0,package-lock.json,package-lock.json
1660,@babel/plugin-syntax-top-level-await,7.14.5,npm,,MIT,Transitive,0,package-lock.json,package-lock.json
1661,@radix-ui/primitive,1.0.1,npm,,MIT,Transitive,0,package-lock.json,package-lock.json
1662,jest-worker,29.7.0,npm,,MIT,Transitive,0,package-lock.json,package-lock.json
1663,parse-node-version,1.0.1,npm,,MIT,Transitive,0,package-lock.json,package-lock.json
1664,@smithy/hash-node,4.2.12,npm,,,Transitive,0,package-lock.json,package-lock.json
1665,url,0.10.3,npm,,,Transitive,0,package-lock.json,package-lock.json
1666,@verdaccio/core,8.0.0-next-8.33,npm,,,Transitive,0,package-lock.json,package-lock.json
1667,lazy-ass,1.6.0,npm,,MIT,Transitive,0,package-lock.json,package-lock.json
1668,aggregate-error,3.1.0,npm,,MIT,Transitive,0,package-lock.json,package-lock.json
1669,bonjour-service,1.3.0,npm,,,Transitive,0,package-lock.json,package-lock.json
1670,consola,2.15.3,npm,,MIT,Transitive,0,package-lock.json,package-lock.json
1671,@napi-rs/canvas-darwin-arm64,0.1.97,npm,,,Transitive,0,package-lock.json,package-lock.json
1672,@types/use-sync-external-store,0.0.6,npm,,MIT,Transitive,0,package-lock.json,package-lock.json
1673,d3-interpolate,3.0.1,npm,,,Transitive,0,package-lock.json,package-lock.json
1674,for-in,1.0.2,npm,,MIT,Transitive,0,package-lock.json,package-lock.json
1675,esrecurse,4.3.0,npm,,BSD-2-Clause,Transitive,0,package-lock.json,package-lock.json
1676,postcss-discard-empty,6.0.3,npm,,MIT,Transitive,0,package-lock.json,package-lock.json
1677,postcss-merge-longhand,6.0.5,npm,,MIT,Transitive,0,package-lock.json,package-lock.json
1678,@types/html-minifier-terser,6.1.0,npm,,MIT,Transitive,0,package-lock.json,package-lock.json
1679,@typescript-eslint/types,8.57.1,npm,,,Transitive,0,package-lock.json,package-lock.json
1680,config-chain,1.1.13,npm,,,Transitive,0,package-lock.json,package-lock.json
1681,rrweb-cssom,0.6.0,npm,,MIT,Transitive,0,package-lock.json,package-lock.json
1682,@emotion/utils,1.4.2,npm,,MIT,Transitive,0,package-lock.json,package-lock.json
1683,frac,1.1.2,npm,,Apache-2.0,Transitive,0,package-lock.json,package-lock.json
1684,is-windows,1.0.2,npm,,MIT,Transitive,0,package-lock.json,package-lock.json
1685,postcss-selector-parser,6.1.2,npm,,MIT,Transitive,0,package-lock.json,package-lock.json
1686,is-stream,2.0.1,npm,,MIT,Transitive,0,package-lock.json,package-lock.json
1687,jsdom,22.1.0,npm,,MIT,Direct,0,package-lock.json,package-lock.json
1688,@radix-ui/react-scroll-area,1.0.5,npm,,MIT,Transitive,0,package-lock.json,package-lock.json
1689,micromark-factory-label,2.0.1,npm,,MIT,Transitive,0,package-lock.json,package-lock.json
1690,@types/stylis,4.2.7,npm,,MIT,Transitive,0,package-lock.json,package-lock.json
1691,core-js-pure,3.49.0,npm,,,Transitive,0,package-lock.json,package-lock.json
1692,rechoir,0.8.0,npm,,MIT,Transitive,0,package-lock.json,package-lock.json
1693,@commitlint/types,19.8.1,npm,,,Transitive,0,package-lock.json,package-lock.json
1694,clsx,2.1.1,npm,,MIT,Transitive,0,package-lock.json,package-lock.json
1695,postgres-bytea,1.0.1,npm,,,Transitive,0,package-lock.json,package-lock.json
1696,psl,1.15.0,npm,,MIT,Transitive,0,package-lock.json,package-lock.json
1697,@formatjs/fast-memoize,2.2.7,npm,,,Transitive,0,package-lock.json,package-lock.json
1698,@radix-ui/react-separator,1.0.3,npm,,MIT,Transitive,0,package-lock.json,package-lock.json
1699,@babel/plugin-transform-class-static-block,7.28.6,npm,,,Transitive,0,package-lock.json,package-lock.json
1700,node-fetch,3.3.2,npm,,MIT,Transitive,0,package-lock.json,package-lock.json
1701,@types/adm-zip,0.5.8,npm,,,Direct,0,package-lock.json,package-lock.json
1702,react-select,5.8.0,npm,,MIT,Transitive,0,package-lock.json,package-lock.json
1703,apps/services/strapi-cms-service/node_modules/@types/node,22.19.15,npm,,,Transitive,0,package-lock.json,package-lock.json
1704,@esbuild/darwin-x64,0.20.2,npm,,MIT,Transitive,0,package-lock.json,package-lock.json
1705,global-prefix,1.0.2,npm,,MIT,Transitive,0,package-lock.json,package-lock.json
1706,hast-util-from-parse5,8.0.3,npm,,,Transitive,0,package-lock.json,package-lock.json
1707,jest-cli,29.7.0,npm,,MIT,Transitive,0,package-lock.json,package-lock.json
1708,cssesc,3.0.0,npm,,MIT,Transitive,0,package-lock.json,package-lock.json
1709,run-async,3.0.0,npm,,MIT,Transitive,0,package-lock.json,package-lock.json
1710,strtok3,10.3.4,npm,,,Transitive,0,package-lock.json,package-lock.json
1711,@types/d3-timer,3.0.2,npm,,MIT,Transitive,0,package-lock.json,package-lock.json
1712,ajv-keywords,5.1.0,npm,,MIT,Transitive,0,package-lock.json,package-lock.json
1713,domexception,4.0.0,npm,,MIT,Transitive,0,package-lock.json,package-lock.json
1714,@esbuild/android-x64,0.20.2,npm,,MIT,Transitive,0,package-lock.json,package-lock.json
1715,@typescript-eslint/utils,8.57.1,npm,,,Transitive,0,package-lock.json,package-lock.json
1716,zod,3.25.67,npm,,,Transitive,0,package-lock.json,package-lock.json
1717,@insurance-wellness-hub/report-service-e2e,,npm,,,Transitive,0,package-lock.json,package-lock.json
1718,@nx/nx-win32-x64-msvc,20.6.1,npm,,,Transitive,0,package-lock.json,package-lock.json
1719,depd,2.0.0,npm,,,Transitive,0,package-lock.json,package-lock.json
1720,apps/services/notification-service,0.0.1,npm,,,Transitive,0,package-lock.json,package-lock.json
1721,object.assign,4.1.7,npm,,,Transitive,0,package-lock.json,package-lock.json
1722,test-exclude,6.0.0,npm,,,Transitive,0,package-lock.json,package-lock.json
1723,compressible,2.0.18,npm,,MIT,Transitive,0,package-lock.json,package-lock.json
1724,jsesc,3.1.0,npm,,,Transitive,0,package-lock.json,package-lock.json
1725,js-tokens,9.0.1,npm,,MIT,Transitive,0,package-lock.json,package-lock.json
1726,@aws/lambda-invoke-store,0.2.4,npm,,,Transitive,0,package-lock.json,package-lock.json
1727,@casl/ability,6.8.0,npm,,,Transitive,0,package-lock.json,package-lock.json
1728,@rollup/rollup-darwin-arm64,4.59.0,npm,,,Transitive,0,package-lock.json,package-lock.json
1729,iconv-lite,0.7.2,npm,,,Transitive,0,package-lock.json,package-lock.json
1730,@strapi/openapi,5.39.0,npm,,,Transitive,0,package-lock.json,package-lock.json
1731,@rspack/binding-wasm32-wasi,1.7.9,npm,,,Transitive,0,package-lock.json,package-lock.json
1732,reselect,4.1.8,npm,,MIT,Transitive,0,package-lock.json,package-lock.json
1733,is-map,2.0.3,npm,,MIT,Transitive,0,package-lock.json,package-lock.json
1734,interpret,3.1.1,npm,,,Transitive,0,package-lock.json,package-lock.json
1735,tslib,2.3.0,npm,,,Direct,0,package-lock.json,package-lock.json
1736,@humanwhocodes/module-importer,1.0.1,npm,,Apache-2.0,Transitive,0,package-lock.json,package-lock.json
1737,winston,3.10.0,npm,,,Direct,0,package-lock.json,package-lock.json
1738,flat,5.0.2,npm,,BSD-3-Clause,Transitive,0,package-lock.json,package-lock.json
1739,cssom,0.3.8,npm,,MIT,Transitive,0,package-lock.json,package-lock.json
1740,pg-pool,3.13.0,npm,,,Transitive,0,package-lock.json,package-lock.json
1741,postcss-normalize-positions,6.0.2,npm,,MIT,Transitive,0,package-lock.json,package-lock.json
1742,fraction.js,5.3.4,npm,,,Transitive,0,package-lock.json,package-lock.json
1743,@smithy/abort-controller,4.2.12,npm,,,Transitive,0,package-lock.json,package-lock.json
1744,@swc/helpers,0.5.19,npm,,,Direct,0,package-lock.json,package-lock.json
1745,custom-media-element,1.4.5,npm,,,Transitive,0,package-lock.json,package-lock.json
1746,eslint-visitor-keys,3.4.3,npm,,Apache-2.0,Transitive,0,package-lock.json,package-lock.json
1747,apps/services/report-service-e2e,0.0.1,npm,,,Transitive,0,package-lock.json,package-lock.json
1748,@radix-ui/react-focus-scope,1.0.4,npm,,MIT,Transitive,0,package-lock.json,package-lock.json
1749,nanoclone,0.2.1,npm,,MIT,Transitive,0,package-lock.json,package-lock.json
1750,@microsoft/tsdoc,0.15.1,npm,,MIT,Transitive,0,package-lock.json,package-lock.json
1751,balanced-match,4.0.4,npm,,,Transitive,0,package-lock.json,package-lock.json
1752,jju,1.4.0,npm,,MIT,Transitive,0,package-lock.json,package-lock.json
1753,dotenv,16.4.7,npm,,,Direct,0,package-lock.json,package-lock.json
1754,@tokenizer/token,0.3.0,npm,,MIT,Transitive,0,package-lock.json,package-lock.json
1755,recharts,3.8.0,npm,,,Direct,0,package-lock.json,package-lock.json
1756,@esbuild/openbsd-x64,0.25.12,npm,,,Transitive,0,package-lock.json,package-lock.json
1757,@babel/plugin-syntax-typescript,7.28.6,npm,,,Transitive,0,package-lock.json,package-lock.json
1758,@radix-ui/rect,1.0.1,npm,,MIT,Transitive,0,package-lock.json,package-lock.json
1759,mdast-util-to-hast,13.2.1,npm,,,Transitive,0,package-lock.json,package-lock.json
1760,@esbuild/linux-arm64,0.20.2,npm,,MIT,Transitive,0,package-lock.json,package-lock.json
1761,@smithy/middleware-endpoint,4.4.26,npm,,,Transitive,0,package-lock.json,package-lock.json
1762,pino,9.14.0,npm,,,Transitive,0,package-lock.json,package-lock.json
1763,p-locate,5.0.0,npm,,MIT,Transitive,0,package-lock.json,package-lock.json
1764,ora,8.2.0,npm,,,Transitive,0,package-lock.json,package-lock.json
1765,apps/services/policy-service,0.0.1,npm,,,Transitive,0,package-lock.json,package-lock.json
1766,@nx/devkit,20.6.1,npm,,,Transitive,0,package-lock.json,package-lock.json
1767,debug,2.6.9,npm,,,Transitive,0,package-lock.json,package-lock.json
1768,readable-stream,3.6.2,npm,,MIT,Transitive,0,package-lock.json,package-lock.json
1769,@types/prop-types,15.7.15,npm,,,Transitive,0,package-lock.json,package-lock.json
1770,get-intrinsic,1.3.0,npm,,,Transitive,0,package-lock.json,package-lock.json
1771,listr2,3.14.0,npm,,MIT,Transitive,0,package-lock.json,package-lock.json
1772,@babel/plugin-transform-react-jsx-self,7.27.1,npm,,,Transitive,0,package-lock.json,package-lock.json
1773,@types/d3-ease,3.0.2,npm,,MIT,Transitive,0,package-lock.json,package-lock.json
1774,iconv-lite,0.4.24,npm,,MIT,Transitive,0,package-lock.json,package-lock.json
1775,@radix-ui/react-toggle,1.1.10,npm,,,Transitive,0,package-lock.json,package-lock.json
1776,escalade,3.2.0,npm,,MIT,Transitive,0,package-lock.json,package-lock.json
1777,@sec-ant/readable-stream,0.4.1,npm,,MIT,Transitive,0,package-lock.json,package-lock.json
1778,eslint-visitor-keys,4.2.1,npm,,,Transitive,0,package-lock.json,package-lock.json
1779,bser,2.1.1,npm,,Apache-2.0,Transitive,0,package-lock.json,package-lock.json
1780,object.fromentries,2.0.8,npm,,MIT,Transitive,0,package-lock.json,package-lock.json
1781,has-tostringtag,1.0.2,npm,,MIT,Transitive,0,package-lock.json,package-lock.json
1782,is-boolean-object,1.2.2,npm,,,Transitive,0,package-lock.json,package-lock.json
1783,escape-string-regexp,1.0.5,npm,,,Transitive,0,package-lock.json,package-lock.json
1784,pify,4.0.1,npm,,MIT,Transitive,0,package-lock.json,package-lock.json
1785,micromark-util-combine-extensions,2.0.1,npm,,MIT,Transitive,0,package-lock.json,package-lock.json
1786,oauth-sign,0.9.0,npm,,Apache-2.0,Transitive,0,package-lock.json,package-lock.json
1787,strip-literal,3.1.0,npm,,,Transitive,0,package-lock.json,package-lock.json
1788,unist-util-position,5.0.0,npm,,MIT,Transitive,0,package-lock.json,package-lock.json
1789,is-plain-object,2.0.4,npm,,MIT,Transitive,0,package-lock.json,package-lock.json
1790,node-addon-api,7.1.1,npm,,MIT,Transitive,0,package-lock.json,package-lock.json
1791,postcss-unique-selectors,6.0.4,npm,,MIT,Transitive,0,package-lock.json,package-lock.json
1792,trough,2.2.0,npm,,MIT,Transitive,0,package-lock.json,package-lock.json
1793,p-locate,6.0.0,npm,,MIT,Transitive,0,package-lock.json,package-lock.json
1794,eslint-import-resolver-node,0.3.9,npm,,MIT,Transitive,0,package-lock.json,package-lock.json
1795,sass-embedded-linux-musl-arm64,1.98.0,npm,,,Transitive,0,package-lock.json,package-lock.json
1796,synckit,0.9.1,npm,,MIT,Transitive,0,package-lock.json,package-lock.json
1797,@istanbuljs/load-nyc-config,1.1.0,npm,,,Transitive,0,package-lock.json,package-lock.json
1798,@types/responselike,1.0.0,npm,,MIT,Transitive,0,package-lock.json,package-lock.json
1799,lodash.camelcase,4.3.0,npm,,MIT,Transitive,0,package-lock.json,package-lock.json
1800,pvtsutils,1.3.6,npm,,MIT,Transitive,0,package-lock.json,package-lock.json
1801,@jsonjoy.com/fs-node-utils,4.56.11,npm,,,Transitive,0,package-lock.json,package-lock.json
1802,@strapi/provider-upload-local,5.39.0,npm,,,Transitive,0,package-lock.json,package-lock.json
1803,chainsaw,0.1.0,npm,,,Transitive,0,package-lock.json,package-lock.json
1804,undici-types,6.21.0,npm,,MIT,Transitive,0,package-lock.json,package-lock.json
1805,verdaccio-audit,13.0.0-next-8.33,npm,,,Transitive,0,package-lock.json,package-lock.json
1806,@module-federation/rspack,2.2.1,npm,,,Transitive,0,package-lock.json,package-lock.json
1807,router,2.2.0,npm,,,Transitive,0,package-lock.json,package-lock.json
1808,string-width,5.1.2,npm,,MIT,Transitive,0,package-lock.json,package-lock.json
1809,dir-glob,3.0.1,npm,,MIT,Transitive,0,package-lock.json,package-lock.json
1810,dom-accessibility-api,0.5.16,npm,,MIT,Transitive,0,package-lock.json,package-lock.json
1811,react-is,18.3.1,npm,,MIT,Transitive,0,package-lock.json,package-lock.json
1812,@vitest/utils,3.2.4,npm,,,Transitive,0,package-lock.json,package-lock.json
1813,ansi-html-community,0.0.8,npm,,Apache-2.0,Transitive,0,package-lock.json,package-lock.json
1814,aws4,1.13.2,npm,,MIT,Transitive,0,package-lock.json,package-lock.json
1815,baseline-browser-mapping,2.10.8,npm,,,Transitive,0,package-lock.json,package-lock.json
1816,p-limit,2.3.0,npm,,MIT,Transitive,0,package-lock.json,package-lock.json
1817,jwa,1.4.2,npm,,,Transitive,0,package-lock.json,package-lock.json
1818,semver,7.7.2,npm,,,Transitive,0,package-lock.json,package-lock.json
1819,lru-cache,6.0.0,npm,,,Transitive,0,package-lock.json,package-lock.json
1820,@module-federation/rspack,0.9.1,npm,,,Transitive,0,package-lock.json,package-lock.json
1821,@types/react,18.3.1,npm,,MIT,Direct,0,package-lock.json,package-lock.json
1822,generator-function,2.0.1,npm,,,Transitive,0,package-lock.json,package-lock.json
1823,typedarray-to-buffer,3.1.5,npm,,MIT,Transitive,0,package-lock.json,package-lock.json
1824,@smithy/middleware-retry,4.4.43,npm,,,Transitive,0,package-lock.json,package-lock.json
1825,cross-spawn,7.0.6,npm,,MIT,Transitive,0,package-lock.json,package-lock.json
1826,jest-matcher-utils,29.7.0,npm,,MIT,Transitive,0,package-lock.json,package-lock.json
1827,path-key,4.0.0,npm,,MIT,Transitive,0,package-lock.json,package-lock.json
1828,@dnd-kit/utilities,3.2.2,npm,,MIT,Transitive,0,package-lock.json,package-lock.json
1829,@module-federation/error-codes,0.8.12,npm,,,Transitive,0,package-lock.json,package-lock.json
1830,libmime,2.1.3,npm,,MIT,Transitive,0,package-lock.json,package-lock.json
1831,fs-extra,11.3.4,npm,,,Transitive,0,package-lock.json,package-lock.json
1832,@nx/nx-darwin-arm64,20.6.1,npm,,,Transitive,0,package-lock.json,package-lock.json
1833,markdown-it-sup,1.0.0,npm,,MIT,Transitive,0,package-lock.json,package-lock.json
1834,es-abstract,1.24.1,npm,,,Transitive,0,package-lock.json,package-lock.json
1835,@esbuild/aix-ppc64,0.25.12,npm,,,Transitive,0,package-lock.json,package-lock.json
1836,slash,4.0.0,npm,,MIT,Transitive,0,package-lock.json,package-lock.json
1837,node-releases,2.0.36,npm,,,Transitive,0,package-lock.json,package-lock.json
1838,@babel/parser,7.29.2,npm,,,Transitive,0,package-lock.json,package-lock.json
1839,redux,4.2.1,npm,,MIT,Transitive,0,package-lock.json,package-lock.json
1840,ms,2.1.3,npm,,,Transitive,0,package-lock.json,package-lock.json
1841,jest,29.7.0,npm,,,Direct,0,package-lock.json,package-lock.json
1842,@colors/colors,1.6.0,npm,,MIT,Transitive,0,package-lock.json,package-lock.json
1843,@babel/preset-react,7.28.5,npm,,,Direct,0,package-lock.json,package-lock.json
1844,language-tags,1.0.9,npm,,MIT,Transitive,0,package-lock.json,package-lock.json
1845,p-locate,3.0.0,npm,,MIT,Transitive,0,package-lock.json,package-lock.json
1846,find-cache-dir,4.0.0,npm,,MIT,Transitive,0,package-lock.json,package-lock.json
1847,lru-cache,7.18.3,npm,,,Transitive,0,package-lock.json,package-lock.json
1848,snake-case,3.0.4,npm,,MIT,Transitive,0,package-lock.json,package-lock.json
1849,http-errors,2.0.1,npm,,,Transitive,0,package-lock.json,package-lock.json
1850,@sindresorhus/slugify,1.1.0,npm,,MIT,Transitive,0,package-lock.json,package-lock.json
1851,@types/through,0.0.33,npm,,MIT,Transitive,0,package-lock.json,package-lock.json
1852,jscodeshift,17.3.0,npm,,,Transitive,0,package-lock.json,package-lock.json
1853,wrap-ansi,8.1.0,npm,,MIT,Transitive,0,package-lock.json,package-lock.json
1854,@sinonjs/fake-timers,10.3.0,npm,,BSD-3-Clause,Transitive,0,package-lock.json,package-lock.json
1855,toidentifier,1.0.1,npm,,MIT,Transitive,0,package-lock.json,package-lock.json
1856,@rollup/rollup-linux-arm64-gnu,4.59.0,npm,,,Transitive,0,package-lock.json,package-lock.json
1857,detect-file,1.0.0,npm,,MIT,Transitive,0,package-lock.json,package-lock.json
1858,micromark-extension-gfm-strikethrough,2.1.0,npm,,MIT,Transitive,0,package-lock.json,package-lock.json
1859,@dnd-kit/sortable,10.0.0,npm,,MIT,Transitive,0,package-lock.json,package-lock.json
1860,postcss-normalize-charset,6.0.2,npm,,MIT,Transitive,0,package-lock.json,package-lock.json
1861,async,3.2.6,npm,,,Transitive,0,package-lock.json,package-lock.json
1862,parse-ms,4.0.0,npm,,MIT,Transitive,0,package-lock.json,package-lock.json
1863,argparse,1.0.10,npm,,MIT,Transitive,0,package-lock.json,package-lock.json
1864,@types/use-sync-external-store,0.0.3,npm,,MIT,Transitive,0,package-lock.json,package-lock.json
1865,@types/istanbul-lib-coverage,2.0.6,npm,,MIT,Transitive,0,package-lock.json,package-lock.json
1866,locate-path,3.0.0,npm,,MIT,Transitive,0,package-lock.json,package-lock.json
1867,depd,1.1.2,npm,,,Transitive,0,package-lock.json,package-lock.json
1868,@codemirror/autocomplete,6.20.1,npm,,,Transitive,0,package-lock.json,package-lock.json
1869,@testing-library/user-event,14.6.1,npm,,,Direct,0,package-lock.json,package-lock.json
1870,exceljs,4.4.0,npm,,MIT,Direct,0,package-lock.json,package-lock.json
1871,babel-plugin-const-enum,1.2.0,npm,,MIT,Transitive,0,package-lock.json,package-lock.json
1872,ag-grid-community,33.3.2,npm,,,Direct,0,package-lock.json,package-lock.json
1873,react-redux,8.1.3,npm,,MIT,Direct,0,package-lock.json,package-lock.json
1874,btoa,1.2.1,npm,,MIT,Transitive,0,package-lock.json,package-lock.json
1875,function.prototype.name,1.1.8,npm,,,Transitive,0,package-lock.json,package-lock.json
1876,process,0.11.10,npm,,MIT,Direct,0,package-lock.json,package-lock.json
1877,source-map-support,0.5.21,npm,,MIT,Transitive,0,package-lock.json,package-lock.json
1878,tsconfig-paths-webpack-plugin,4.0.0,npm,,MIT,Transitive,0,package-lock.json,package-lock.json
1879,@smithy/util-uri-escape,4.2.2,npm,,,Transitive,0,package-lock.json,package-lock.json
1880,buffer-from,1.1.2,npm,,MIT,Transitive,0,package-lock.json,package-lock.json
1881,@uiw/react-codemirror,4.22.2,npm,,MIT,Transitive,0,package-lock.json,package-lock.json
1882,object-inspect,1.13.4,npm,,,Transitive,0,package-lock.json,package-lock.json
1883,is-unicode-supported,2.1.0,npm,,MIT,Transitive,0,package-lock.json,package-lock.json
1884,@webassemblyjs/leb128,1.13.2,npm,,Apache-2.0,Transitive,0,package-lock.json,package-lock.json
1885,@jest/source-map,29.6.3,npm,,MIT,Transitive,0,package-lock.json,package-lock.json
1886,lodash.isboolean,3.0.3,npm,,MIT,Transitive,0,package-lock.json,package-lock.json
1887,peek-stream,1.1.3,npm,,MIT,Transitive,0,package-lock.json,package-lock.json
1888,minipass,7.1.3,npm,,,Transitive,0,package-lock.json,package-lock.json
1889,tweetnacl,0.14.5,npm,,,Transitive,0,package-lock.json,package-lock.json
1890,@aws-sdk/client-ses,3.1010.0,npm,,,Direct,0,package-lock.json,package-lock.json
1891,aes-js,3.1.2,npm,,MIT,Transitive,0,package-lock.json,package-lock.json
1892,fecha,4.2.3,npm,,MIT,Transitive,0,package-lock.json,package-lock.json
1893,jsonstream,1.3.5,npm,,,Transitive,0,package-lock.json,package-lock.json
1894,npm-run-path,5.3.0,npm,,MIT,Transitive,0,package-lock.json,package-lock.json
1895,@types/d3-path,3.1.1,npm,,,Transitive,0,package-lock.json,package-lock.json
1896,lodash.clonedeepwith,4.5.0,npm,,MIT,Transitive,0,package-lock.json,package-lock.json
1897,@mui/utils,7.3.9,npm,,,Transitive,0,package-lock.json,package-lock.json
1898,is-arrayish,0.3.4,npm,,,Transitive,0,package-lock.json,package-lock.json
1899,@mux/mux-player-react,3.1.0,npm,,MIT,Transitive,0,package-lock.json,package-lock.json
1900,bcrypt-pbkdf,1.0.2,npm,,BSD-3-Clause,Transitive,0,package-lock.json,package-lock.json
1901,logform,2.7.0,npm,,MIT,Transitive,0,package-lock.json,package-lock.json
1902,util-deprecate,1.0.2,npm,,MIT,Transitive,0,package-lock.json,package-lock.json
1903,passport-local,1.0.0,npm,,MIT,Transitive,0,package-lock.json,package-lock.json
1904,postcss-minify-gradients,6.0.3,npm,,MIT,Transitive,0,package-lock.json,package-lock.json
1905,redis-errors,1.2.0,npm,,MIT,Transitive,0,package-lock.json,package-lock.json
1906,@mole-inc/bin-wrapper,8.0.1,npm,,MIT,Transitive,0,package-lock.json,package-lock.json
1907,immer,9.0.21,npm,,MIT,Transitive,0,package-lock.json,package-lock.json
1908,app-root-path,3.1.0,npm,,MIT,Transitive,0,package-lock.json,package-lock.json
1909,image-size,0.5.5,npm,,MIT,Transitive,0,package-lock.json,package-lock.json
1910,make-error,1.3.6,npm,,,Transitive,0,package-lock.json,package-lock.json
1911,@babel/compat-data,7.29.0,npm,,,Transitive,0,package-lock.json,package-lock.json
1912,@nx/module-federation,20.6.1,npm,,,Transitive,0,package-lock.json,package-lock.json
1913,react-redux,7.2.9,npm,,MIT,Direct,0,package-lock.json,package-lock.json
1914,@babel/helper-module-imports,7.28.6,npm,,,Transitive,0,package-lock.json,package-lock.json
1915,@radix-ui/react-avatar,1.0.4,npm,,MIT,Transitive,0,package-lock.json,package-lock.json
1916,@radix-ui/react-toolbar,1.0.4,npm,,MIT,Transitive,0,package-lock.json,package-lock.json
1917,is-plain-object,5.0.0,npm,,MIT,Transitive,0,package-lock.json,package-lock.json
1918,minimalistic-crypto-utils,1.0.1,npm,,MIT,Transitive,0,package-lock.json,package-lock.json
1919,sonner,2.0.7,npm,,,Transitive,0,package-lock.json,package-lock.json
1920,@cypress/request,3.0.10,npm,,,Transitive,0,package-lock.json,package-lock.json
1921,@radix-ui/react-use-controllable-state,1.2.2,npm,,,Transitive,0,package-lock.json,package-lock.json
1922,@rollup/rollup-linux-arm64-musl,4.59.0,npm,,,Transitive,0,package-lock.json,package-lock.json
1923,react-markdown,9.1.0,npm,,,Direct,0,package-lock.json,package-lock.json
1924,ansi-colors,4.1.3,npm,,MIT,Transitive,0,package-lock.json,package-lock.json
1925,socks,2.8.7,npm,,,Transitive,0,package-lock.json,package-lock.json
1926,@parcel/watcher,2.5.6,npm,,,Transitive,0,package-lock.json,package-lock.json
1927,exit,0.1.2,npm,,,Transitive,0,package-lock.json,package-lock.json
1928,apps/services/search-service-e2e,0.0.1,npm,,,Transitive,0,package-lock.json,package-lock.json
1929,magic-string,0.30.8,npm,,MIT,Transitive,0,package-lock.json,package-lock.json
1930,@babel/plugin-syntax-private-property-in-object,7.14.5,npm,,MIT,Transitive,0,package-lock.json,package-lock.json
1931,react-slick,0.30.3,npm,,,Direct,0,package-lock.json,package-lock.json
1932,@radix-ui/react-arrow,1.0.3,npm,,MIT,Transitive,0,package-lock.json,package-lock.json
1933,lodash.defaults,4.2.0,npm,,MIT,Transitive,0,package-lock.json,package-lock.json
1934,utils-merge,1.0.1,npm,,MIT,Transitive,0,package-lock.json,package-lock.json
1935,@types/serve-static,1.15.10,npm,,,Transitive,0,package-lock.json,package-lock.json
1936,@volar/language-core,2.4.28,npm,,,Transitive,0,package-lock.json,package-lock.json
1937,entities,7.0.1,npm,,,Transitive,0,package-lock.json,package-lock.json
1938,common-tags,1.8.2,npm,,MIT,Transitive,0,package-lock.json,package-lock.json
1939,has-flag,4.0.0,npm,,MIT,Transitive,0,package-lock.json,package-lock.json
1940,@sqltools/formatter,1.2.5,npm,,MIT,Transitive,0,package-lock.json,package-lock.json
1941,@esbuild/linux-arm64,0.25.12,npm,,,Transitive,0,package-lock.json,package-lock.json
1942,faye-websocket,0.11.4,npm,,Apache-2.0,Transitive,0,package-lock.json,package-lock.json
1943,immutable,5.1.5,npm,,,Transitive,0,package-lock.json,package-lock.json
1944,on-finished,2.4.1,npm,,MIT,Transitive,0,package-lock.json,package-lock.json
1945,@strapi/pack-up,5.1.1,npm,,,Transitive,0,package-lock.json,package-lock.json
1946,ajv-keywords,3.5.2,npm,,MIT,Transitive,0,package-lock.json,package-lock.json
1947,markdown-it-deflist,2.1.0,npm,,MIT,Transitive,0,package-lock.json,package-lock.json
1948,request-multipart,1.0.0,npm,,Apache-2.0,Transitive,0,package-lock.json,package-lock.json
1949,@polka/url,1.0.0-next.29,npm,,,Transitive,0,package-lock.json,package-lock.json
1950,walker,1.0.8,npm,,Apache-2.0,Transitive,0,package-lock.json,package-lock.json
1951,semver,7.6.3,npm,,,Transitive,0,package-lock.json,package-lock.json
1952,media-chrome,4.2.3,npm,,MIT,Transitive,0,package-lock.json,package-lock.json
1953,@esbuild/sunos-x64,0.25.12,npm,,,Transitive,0,package-lock.json,package-lock.json
1954,@nestjs/jwt,11.0.2,npm,,,Direct,0,package-lock.json,package-lock.json
1955,attr-accept,2.2.5,npm,,MIT,Transitive,0,package-lock.json,package-lock.json
1956,media-typer,0.3.0,npm,,MIT,Transitive,0,package-lock.json,package-lock.json
1957,is-typed-array,1.1.15,npm,,,Transitive,0,package-lock.json,package-lock.json
1958,stream-json,1.8.0,npm,,BSD-3-Clause,Transitive,0,package-lock.json,package-lock.json
1959,esbuild,0.25.12,npm,,,Transitive,0,package-lock.json,package-lock.json
1960,caniuse-lite,1.0.30001780,npm,,,Transitive,0,package-lock.json,package-lock.json
1961,finalhandler,1.3.2,npm,,,Transitive,0,package-lock.json,package-lock.json
1962,is-plain-obj,3.0.0,npm,,MIT,Transitive,0,package-lock.json,package-lock.json
1963,@jsonjoy.com/fs-node-builtins,4.56.11,npm,,,Transitive,0,package-lock.json,package-lock.json
1964,@smithy/is-array-buffer,2.2.0,npm,,Apache-2.0,Transitive,0,package-lock.json,package-lock.json
1965,setprototypeof,1.1.0,npm,,,Transitive,0,package-lock.json,package-lock.json
1966,cli-cursor,5.0.0,npm,,MIT,Transitive,0,package-lock.json,package-lock.json
1967,apps/services/connector-service-e2e,0.0.1,npm,,,Transitive,0,package-lock.json,package-lock.json
1968,tar-stream,3.1.8,npm,,,Transitive,0,package-lock.json,package-lock.json
1969,acorn-walk,8.3.5,npm,,,Transitive,0,package-lock.json,package-lock.json
1970,extract-zip,2.0.1,npm,,BSD-2-Clause,Transitive,0,package-lock.json,package-lock.json
1971,@module-federation/webpack-bundler-runtime,2.2.1,npm,,,Transitive,0,package-lock.json,package-lock.json
1972,@radix-ui/react-toggle-group,1.1.11,npm,,,Transitive,0,package-lock.json,package-lock.json
1973,@smithy/util-body-length-browser,4.2.2,npm,,,Transitive,0,package-lock.json,package-lock.json
1974,@webassemblyjs/floating-point-hex-parser,1.13.2,npm,,MIT,Transitive,0,package-lock.json,package-lock.json
1975,figures,3.2.0,npm,,MIT,Transitive,0,package-lock.json,package-lock.json
1976,@ucast/mongo2js,1.4.1,npm,,,Transitive,0,package-lock.json,package-lock.json
1977,@napi-rs/nice-darwin-arm64,1.1.1,npm,,,Transitive,0,package-lock.json,package-lock.json
1978,@jsonjoy.com/json-pointer,17.67.0,npm,,,Transitive,0,package-lock.json,package-lock.json
1979,statuses,1.5.0,npm,,,Transitive,0,package-lock.json,package-lock.json
1980,fast-levenshtein,2.0.6,npm,,MIT,Transitive,0,package-lock.json,package-lock.json
1981,get-package-type,0.1.0,npm,,MIT,Transitive,0,package-lock.json,package-lock.json
1982,saxes,6.0.0,npm,,,Transitive,0,package-lock.json,package-lock.json
1983,object.pick,1.3.0,npm,,MIT,Transitive,0,package-lock.json,package-lock.json
1984,sockjs,0.3.24,npm,,MIT,Transitive,0,package-lock.json,package-lock.json
1985,@jsonjoy.com/fs-fsa,4.56.11,npm,,,Transitive,0,package-lock.json,package-lock.json
1986,@types/estree-jsx,1.0.5,npm,,MIT,Transitive,0,package-lock.json,package-lock.json
1987,terser-webpack-plugin,5.4.0,npm,,,Transitive,0,package-lock.json,package-lock.json
1988,ieee754,1.2.1,npm,,BSD-3-Clause,Transitive,0,package-lock.json,package-lock.json
1989,wcwidth,1.0.1,npm,,MIT,Transitive,0,package-lock.json,package-lock.json
1990,ieee754,1.1.13,npm,,BSD-3-Clause,Transitive,0,package-lock.json,package-lock.json
1991,bl,4.1.0,npm,,MIT,Transitive,0,package-lock.json,package-lock.json
1992,stylis,4.2.0,npm,,MIT,Transitive,0,package-lock.json,package-lock.json
1993,@eslint/object-schema,2.1.7,npm,,,Transitive,0,package-lock.json,package-lock.json
1994,@types/send,1.2.1,npm,,,Transitive,0,package-lock.json,package-lock.json
1995,@aws-crypto/supports-web-crypto,5.2.0,npm,,Apache-2.0,Transitive,0,package-lock.json,package-lock.json
1996,@peculiar/asn1-cms,2.6.1,npm,,,Transitive,0,package-lock.json,package-lock.json
1997,canvg,3.0.11,npm,,,Transitive,0,package-lock.json,package-lock.json
1998,front-matter,4.0.2,npm,,MIT,Transitive,0,package-lock.json,package-lock.json
1999,getos,3.2.1,npm,,MIT,Transitive,0,package-lock.json,package-lock.json
2000,@dabh/diagnostics,2.0.8,npm,,,Transitive,0,package-lock.json,package-lock.json
2001,@napi-rs/nice-linux-arm-gnueabihf,1.1.1,npm,,,Transitive,0,package-lock.json,package-lock.json
2002,sprintf-js,1.0.3,npm,,BSD-3-Clause,Transitive,0,package-lock.json,package-lock.json
2003,cfb,1.2.2,npm,,Apache-2.0,Transitive,0,package-lock.json,package-lock.json
2004,@smithy/util-buffer-from,2.2.0,npm,,Apache-2.0,Transitive,0,package-lock.json,package-lock.json
2005,@smithy/querystring-builder,4.2.12,npm,,,Transitive,0,package-lock.json,package-lock.json
2006,p-cancelable,2.1.1,npm,,MIT,Transitive,0,package-lock.json,package-lock.json
2007,resolve.exports,2.0.3,npm,,MIT,Transitive,0,package-lock.json,package-lock.json
2008,@vue/compiler-dom,3.5.30,npm,,,Transitive,0,package-lock.json,package-lock.json
2009,ignore,5.3.2,npm,,MIT,Transitive,0,package-lock.json,package-lock.json
2010,ufo,1.6.3,npm,,,Transitive,0,package-lock.json,package-lock.json
2011,@insurance-wellness-hub/common-service-e2e,,npm,,,Transitive,0,package-lock.json,package-lock.json
2012,@svgr/core,8.1.0,npm,,MIT,Transitive,0,package-lock.json,package-lock.json
2013,crypto-random-string,2.0.0,npm,,MIT,Transitive,0,package-lock.json,package-lock.json
2014,css-line-break,2.1.0,npm,,MIT,Transitive,0,package-lock.json,package-lock.json
2015,eslint-scope,5.1.1,npm,,BSD-2-Clause,Transitive,0,package-lock.json,package-lock.json
2016,codemirror5,5.65.21,npm,,,Transitive,0,package-lock.json,package-lock.json
2017,resolve-pkg-maps,1.0.0,npm,,MIT,Transitive,0,package-lock.json,package-lock.json
2018,strip-eof,1.0.0,npm,,MIT,Transitive,0,package-lock.json,package-lock.json
2019,@insurance-wellness-hub/knowledge-service,,npm,,,Transitive,0,package-lock.json,package-lock.json
2020,cosmiconfig,9.0.1,npm,,,Transitive,0,package-lock.json,package-lock.json
2021,prismjs,1.30.0,npm,,,Direct,0,package-lock.json,package-lock.json
2022,is-callable,1.2.7,npm,,MIT,Transitive,0,package-lock.json,package-lock.json
2023,sort-keys,1.1.2,npm,,MIT,Transitive,0,package-lock.json,package-lock.json
2024,@esbuild/freebsd-arm64,0.20.2,npm,,MIT,Transitive,0,package-lock.json,package-lock.json
2025,@jest/expect,29.7.0,npm,,MIT,Transitive,0,package-lock.json,package-lock.json
2026,@mui/private-theming,6.4.9,npm,,,Transitive,0,package-lock.json,package-lock.json
2027,broadcast-channel,3.7.0,npm,,MIT,Transitive,0,package-lock.json,package-lock.json
2028,form-data-encoder,1.7.2,npm,,MIT,Transitive,0,package-lock.json,package-lock.json
2029,git-raw-commits,4.0.0,npm,,MIT,Transitive,0,package-lock.json,package-lock.json
2030,@rushstack/ts-command-line,4.23.7,npm,,,Transitive,0,package-lock.json,package-lock.json
2031,@strapi/plugin-cloud,5.39.0,npm,,,Direct,0,package-lock.json,package-lock.json
2032,path-root-regex,0.1.2,npm,,MIT,Transitive,0,package-lock.json,package-lock.json
2033,string.prototype.matchall,4.0.12,npm,,,Transitive,0,package-lock.json,package-lock.json
2034,xml2js,0.6.2,npm,,,Transitive,0,package-lock.json,package-lock.json
2035,@jsonjoy.com/fs-snapshot,4.56.11,npm,,,Transitive,0,package-lock.json,package-lock.json
2036,gopd,1.2.0,npm,,,Transitive,0,package-lock.json,package-lock.json
2037,regexp.prototype.flags,1.5.4,npm,,,Transitive,0,package-lock.json,package-lock.json
2038,@smithy/util-middleware,4.2.12,npm,,,Transitive,0,package-lock.json,package-lock.json
2039,mkdirp,1.0.4,npm,,MIT,Transitive,0,package-lock.json,package-lock.json
2040,type-fest,0.21.3,npm,,MIT,Transitive,0,package-lock.json,package-lock.json
2041,sonic-boom,4.2.1,npm,,,Transitive,0,package-lock.json,package-lock.json
2042,@types/sizzle,2.3.10,npm,,,Transitive,0,package-lock.json,package-lock.json
2043,@eslint/core,0.17.0,npm,,,Transitive,0,package-lock.json,package-lock.json
2044,sorted-array-functions,1.3.0,npm,,MIT,Transitive,0,package-lock.json,package-lock.json
2045,@types/babel__template,7.4.4,npm,,MIT,Transitive,0,package-lock.json,package-lock.json
2046,@types/bonjour,3.5.13,npm,,MIT,Transitive,0,package-lock.json,package-lock.json
2047,babel-loader,9.2.1,npm,,MIT,Transitive,0,package-lock.json,package-lock.json
2048,node-abi,3.89.0,npm,,,Transitive,0,package-lock.json,package-lock.json
2049,@esbuild/aix-ppc64,0.20.2,npm,,MIT,Transitive,0,package-lock.json,package-lock.json
2050,ts-api-utils,1.4.3,npm,,MIT,Transitive,0,package-lock.json,package-lock.json
2051,is-what,3.14.1,npm,,MIT,Transitive,0,package-lock.json,package-lock.json
2052,style-to-js,1.1.21,npm,,,Transitive,0,package-lock.json,package-lock.json
2053,svg-parser,2.0.4,npm,,MIT,Transitive,0,package-lock.json,package-lock.json
2054,@babel/plugin-transform-named-capturing-groups-regex,7.29.0,npm,,,Transitive,0,package-lock.json,package-lock.json
2055,@strapi/email,5.39.0,npm,,,Transitive,0,package-lock.json,package-lock.json
2056,jest-watcher,29.7.0,npm,,MIT,Transitive,0,package-lock.json,package-lock.json
2057,@mui/system,6.5.0,npm,,,Direct,0,package-lock.json,package-lock.json
2058,apps/ui/ibp,0.0.1,npm,,,Transitive,0,package-lock.json,package-lock.json
2059,@module-federation/bridge-react-webpack-plugin,2.2.1,npm,,,Transitive,0,package-lock.json,package-lock.json
2060,type-is,1.6.18,npm,,MIT,Transitive,0,package-lock.json,package-lock.json
2061,reusify,1.1.0,npm,,,Transitive,0,package-lock.json,package-lock.json
2062,sql-highlight,6.1.0,npm,,,Transitive,0,package-lock.json,package-lock.json
2063,@img/sharp-linux-x64,0.33.5,npm,,Apache-2.0,Transitive,0,package-lock.json,package-lock.json
2064,prettier,3.3.3,npm,,,Direct,0,package-lock.json,package-lock.json
2065,has-bigints,1.1.0,npm,,,Transitive,0,package-lock.json,package-lock.json
2066,webpack-sources,3.3.4,npm,,,Transitive,0,package-lock.json,package-lock.json
2067,@img/sharp-libvips-linux-x64,1.0.4,npm,,LGPL-3.0-only,Transitive,0,package-lock.json,package-lock.json
2068,ejs,3.1.10,npm,,,Transitive,0,package-lock.json,package-lock.json
2069,@vercel/stega,0.1.2,npm,,,Transitive,0,package-lock.json,package-lock.json
2070,js-tokens,4.0.0,npm,,MIT,Transitive,0,package-lock.json,package-lock.json
2071,requires-port,1.0.0,npm,,MIT,Transitive,0,package-lock.json,package-lock.json
2072,safe-buffer,5.2.1,npm,,MIT,Transitive,0,package-lock.json,package-lock.json
2073,styled-components,6.3.11,npm,,,Direct,0,package-lock.json,package-lock.json
2074,webpack-dev-middleware,7.4.5,npm,,,Transitive,0,package-lock.json,package-lock.json
2075,map-cache,0.2.2,npm,,MIT,Transitive,0,package-lock.json,package-lock.json
2076,meow,12.1.1,npm,,MIT,Transitive,0,package-lock.json,package-lock.json
2077,@parcel/watcher-linux-x64-glibc,2.5.6,npm,,,Transitive,0,package-lock.json,package-lock.json
2078,lodash.clonedeep,4.5.0,npm,,MIT,Transitive,0,package-lock.json,package-lock.json
2079,locate-path,5.0.0,npm,,MIT,Transitive,0,package-lock.json,package-lock.json
2080,@esbuild/android-arm,0.20.2,npm,,MIT,Transitive,0,package-lock.json,package-lock.json
2081,listr2,8.3.3,npm,,,Transitive,0,package-lock.json,package-lock.json
2082,yallist,5.0.0,npm,,,Transitive,0,package-lock.json,package-lock.json
2083,koa-is-json,1.0.0,npm,,MIT,Transitive,0,package-lock.json,package-lock.json
2084,redux,5.0.1,npm,,MIT,Transitive,0,package-lock.json,package-lock.json
2085,emoji-regex,8.0.0,npm,,MIT,Transitive,0,package-lock.json,package-lock.json
2086,strip-bom,3.0.0,npm,,MIT,Transitive,0,package-lock.json,package-lock.json
2087,cookie-signature,1.0.7,npm,,MIT,Transitive,0,package-lock.json,package-lock.json
2088,@jridgewell/sourcemap-codec,1.5.5,npm,,,Transitive,0,package-lock.json,package-lock.json
2089,mdast-util-from-markdown,2.0.3,npm,,,Transitive,0,package-lock.json,package-lock.json
2090,isarray,0.0.1,npm,,,Transitive,0,package-lock.json,package-lock.json
2091,@babel/helper-optimise-call-expression,7.27.1,npm,,,Transitive,0,package-lock.json,package-lock.json
2092,@babel/helper-validator-identifier,7.28.5,npm,,,Transitive,0,package-lock.json,package-lock.json
2093,@lezer/common,1.5.1,npm,,,Transitive,0,package-lock.json,package-lock.json
2094,readdirp,4.1.2,npm,,,Transitive,0,package-lock.json,package-lock.json
2095,schema-utils,3.3.0,npm,,MIT,Transitive,0,package-lock.json,package-lock.json
2096,unist-util-stringify-position,4.0.0,npm,,MIT,Transitive,0,package-lock.json,package-lock.json
2097,serve-static,1.16.3,npm,,,Transitive,0,package-lock.json,package-lock.json
2098,chownr,3.0.0,npm,,,Transitive,0,package-lock.json,package-lock.json
2099,@nestjs/swagger,8.1.1,npm,,,Direct,0,package-lock.json,package-lock.json
2100,type-fest,0.13.1,npm,,MIT,Transitive,0,package-lock.json,package-lock.json
2101,b4a,1.8.0,npm,,,Transitive,0,package-lock.json,package-lock.json
2102,@peculiar/x509,1.14.3,npm,,,Transitive,0,package-lock.json,package-lock.json
2103,@esbuild/win32-arm64,0.25.12,npm,,,Transitive,0,package-lock.json,package-lock.json
2104,http-errors,2.0.0,npm,,MIT,Transitive,0,package-lock.json,package-lock.json
2105,http-proxy-middleware,3.0.5,npm,,,Transitive,0,package-lock.json,package-lock.json
2106,magic-string,0.30.21,npm,,,Transitive,0,package-lock.json,package-lock.json
2107,base64-arraybuffer,1.0.2,npm,,MIT,Transitive,0,package-lock.json,package-lock.json
2108,@swc/core-darwin-arm64,1.5.29,npm,,MIT,Transitive,0,package-lock.json,package-lock.json
2109,d3-shape,3.2.0,npm,,,Transitive,0,package-lock.json,package-lock.json
2110,es-toolkit,1.45.1,npm,,,Transitive,0,package-lock.json,package-lock.json
2111,get-stream,8.0.1,npm,,MIT,Transitive,0,package-lock.json,package-lock.json
2112,fn.name,1.1.0,npm,,MIT,Transitive,0,package-lock.json,package-lock.json
2113,postcss-modules-extract-imports,3.1.0,npm,,,Transitive,0,package-lock.json,package-lock.json
2114,@babel/plugin-syntax-class-properties,7.12.13,npm,,MIT,Transitive,0,package-lock.json,package-lock.json
2115,@commitlint/execute-rule,19.8.1,npm,,,Transitive,0,package-lock.json,package-lock.json
2116,nodemon,3.0.2,npm,,,Transitive,0,package-lock.json,package-lock.json
2117,is-stream,3.0.0,npm,,MIT,Transitive,0,package-lock.json,package-lock.json
2118,protocols,2.0.2,npm,,,Transitive,0,package-lock.json,package-lock.json
2119,@babel/plugin-transform-dotall-regex,7.28.6,npm,,,Transitive,0,package-lock.json,package-lock.json
2120,@babel/plugin-transform-react-display-name,7.28.0,npm,,,Transitive,0,package-lock.json,package-lock.json
2121,@verdaccio/middleware,8.0.0-next-8.33,npm,,,Transitive,0,package-lock.json,package-lock.json
2122,buildmail,3.10.0,npm,,MIT,Transitive,0,package-lock.json,package-lock.json
2123,@aws-sdk/credential-provider-ini,3.972.20,npm,,,Transitive,0,package-lock.json,package-lock.json
2124,@jest/console,29.7.0,npm,,MIT,Transitive,0,package-lock.json,package-lock.json
2125,@radix-ui/react-checkbox,1.0.4,npm,,MIT,Transitive,0,package-lock.json,package-lock.json
2126,@smithy/util-defaults-mode-browser,4.3.42,npm,,,Transitive,0,package-lock.json,package-lock.json
2127,@verdaccio/auth,8.0.0-next-8.33,npm,,,Transitive,0,package-lock.json,package-lock.json
2128,semver,5.7.2,npm,,,Transitive,0,package-lock.json,package-lock.json
2129,raf-schd,4.0.3,npm,,MIT,Transitive,0,package-lock.json,package-lock.json
2130,request-ip,3.3.0,npm,,MIT,Transitive,0,package-lock.json,package-lock.json
2131,stream-slice,0.1.2,npm,,MIT,Transitive,0,package-lock.json,package-lock.json
2132,vite-plugin-dts,4.5.4,npm,,,Direct,0,package-lock.json,package-lock.json
2133,@babel/register,7.28.6,npm,,,Transitive,0,package-lock.json,package-lock.json
2134,fast-json-stable-stringify,2.1.0,npm,,MIT,Transitive,0,package-lock.json,package-lock.json
2135,@babel/helper-plugin-utils,7.28.6,npm,,,Transitive,0,package-lock.json,package-lock.json
2136,@mui/icons-material,6.5.0,npm,,,Direct,0,package-lock.json,package-lock.json
2137,cluster-key-slot,1.1.2,npm,,Apache-2.0,Transitive,0,package-lock.json,package-lock.json
2138,koa,2.16.4,npm,,,Transitive,0,package-lock.json,package-lock.json
2139,@strapi/upload,5.39.0,npm,,,Transitive,0,package-lock.json,package-lock.json
2140,sendmail,1.6.1,npm,,MIT,Transitive,0,package-lock.json,package-lock.json
2141,http-proxy-middleware,2.0.9,npm,,,Transitive,0,package-lock.json,package-lock.json
2142,fresh,0.5.2,npm,,MIT,Transitive,0,package-lock.json,package-lock.json
2143,@swc/core-win32-x64-msvc,1.5.29,npm,,MIT,Transitive,0,package-lock.json,package-lock.json
2144,get-nonce,1.0.1,npm,,MIT,Transitive,0,package-lock.json,package-lock.json
2145,ansi-escapes,7.3.0,npm,,,Transitive,0,package-lock.json,package-lock.json
2146,@napi-rs/canvas-linux-x64-gnu,0.1.97,npm,,,Transitive,0,package-lock.json,package-lock.json
2147,@strapi/cloud-cli,5.39.0,npm,,,Transitive,0,package-lock.json,package-lock.json
2148,mime,3.0.0,npm,,,Transitive,0,package-lock.json,package-lock.json
2149,react-is,16.13.1,npm,,MIT,Transitive,0,package-lock.json,package-lock.json
2150,jwt-decode,4.0.0,npm,,MIT,Direct,0,package-lock.json,package-lock.json
2151,@strapi/logger,5.39.0,npm,,,Transitive,0,package-lock.json,package-lock.json
2152,mkdirp,0.5.6,npm,,MIT,Transitive,0,package-lock.json,package-lock.json
2153,get-uri,6.0.5,npm,,,Transitive,0,package-lock.json,package-lock.json
2154,jwks-rsa,3.1.0,npm,,MIT,Transitive,0,package-lock.json,package-lock.json
2155,apps/services/strapi-cms-service/node_modules/debug,4.3.4,npm,,,Transitive,0,package-lock.json,package-lock.json
2156,@vitejs/plugin-react,4.7.0,npm,,,Direct,0,package-lock.json,package-lock.json
2157,hyperdyperid,1.2.0,npm,,MIT,Transitive,0,package-lock.json,package-lock.json
2158,ansi-styles,5.2.0,npm,,MIT,Transitive,0,package-lock.json,package-lock.json
2159,cssnano-utils,4.0.2,npm,,MIT,Transitive,0,package-lock.json,package-lock.json
2160,jest-validate,29.7.0,npm,,MIT,Transitive,0,package-lock.json,package-lock.json
2161,html-void-elements,3.0.0,npm,,MIT,Transitive,0,package-lock.json,package-lock.json
2162,commander,13.1.0,npm,,,Transitive,0,package-lock.json,package-lock.json
2163,react-fast-compare,3.2.2,npm,,MIT,Transitive,0,package-lock.json,package-lock.json
2164,get-stream,3.0.0,npm,,MIT,Transitive,0,package-lock.json,package-lock.json
2165,log4js,6.9.1,npm,,,Transitive,0,package-lock.json,package-lock.json
2166,pathe,1.1.2,npm,,MIT,Transitive,0,package-lock.json,package-lock.json
2167,@jest/pattern,30.0.1,npm,,,Transitive,0,package-lock.json,package-lock.json
2168,@marijn/find-cluster-break,1.0.2,npm,,MIT,Transitive,0,package-lock.json,package-lock.json
2169,resolve.exports,2.0.2,npm,,MIT,Transitive,0,package-lock.json,package-lock.json
2170,@types/babel__core,7.20.5,npm,,MIT,Transitive,0,package-lock.json,package-lock.json
2171,acorn-jsx,5.3.2,npm,,MIT,Transitive,0,package-lock.json,package-lock.json
2172,postcss-normalize-timing-functions,6.0.2,npm,,MIT,Transitive,0,package-lock.json,package-lock.json
2173,@isaacs/fs-minipass,4.0.1,npm,,,Transitive,0,package-lock.json,package-lock.json
2174,yargs-parser,21.1.1,npm,,,Transitive,0,package-lock.json,package-lock.json
2175,own-keys,1.0.1,npm,,MIT,Transitive,0,package-lock.json,package-lock.json
2176,pascal-case,3.1.2,npm,,MIT,Transitive,0,package-lock.json,package-lock.json
2177,redent,3.0.0,npm,,MIT,Transitive,0,package-lock.json,package-lock.json
2178,typed-query-selector,2.12.1,npm,,,Transitive,0,package-lock.json,package-lock.json
2179,send,0.19.2,npm,,,Transitive,0,package-lock.json,package-lock.json
2180,yallist,4.0.0,npm,,,Transitive,0,package-lock.json,package-lock.json
2181,chalk,4.1.2,npm,,MIT,Transitive,0,package-lock.json,package-lock.json
2182,get-east-asian-width,1.5.0,npm,,,Transitive,0,package-lock.json,package-lock.json
2183,string.prototype.trim,1.2.10,npm,,,Transitive,0,package-lock.json,package-lock.json
2184,@nx/nx-linux-x64-gnu,20.6.1,npm,,,Transitive,0,package-lock.json,package-lock.json
2185,@svgr/webpack,8.1.0,npm,,MIT,Transitive,0,package-lock.json,package-lock.json
2186,pretty-format,29.7.0,npm,,MIT,Transitive,0,package-lock.json,package-lock.json
2187,string_decoder,1.1.1,npm,,MIT,Transitive,0,package-lock.json,package-lock.json
2188,symbol-tree,3.2.4,npm,,MIT,Transitive,0,package-lock.json,package-lock.json
2189,@smithy/util-utf8,2.3.0,npm,,Apache-2.0,Transitive,0,package-lock.json,package-lock.json
2190,@module-federation/error-codes,0.9.1,npm,,,Transitive,0,package-lock.json,package-lock.json
2191,@mui/types,7.4.12,npm,,,Transitive,0,package-lock.json,package-lock.json
2192,@radix-ui/react-id,1.0.1,npm,,MIT,Transitive,0,package-lock.json,package-lock.json
2193,cli-cursor,3.1.0,npm,,MIT,Transitive,0,package-lock.json,package-lock.json
2194,es-to-primitive,1.3.0,npm,,,Transitive,0,package-lock.json,package-lock.json
2195,mute-stream,1.0.0,npm,,,Transitive,0,package-lock.json,package-lock.json
2196,@img/sharp-libvips-darwin-x64,1.0.4,npm,,LGPL-3.0-only,Transitive,0,package-lock.json,package-lock.json
2197,@so-ric/colorspace,1.1.6,npm,,,Transitive,0,package-lock.json,package-lock.json
2198,@standard-schema/utils,0.3.0,npm,,MIT,Transitive,0,package-lock.json,package-lock.json
2199,axe-core,4.11.1,npm,,,Transitive,0,package-lock.json,package-lock.json
2200,simple-get,4.0.1,npm,,MIT,Transitive,0,package-lock.json,package-lock.json
2201,import-local,3.2.0,npm,,MIT,Transitive,0,package-lock.json,package-lock.json
2202,http-proxy-agent,5.0.0,npm,,MIT,Transitive,0,package-lock.json,package-lock.json
2203,make-iterator,1.0.1,npm,,MIT,Transitive,0,package-lock.json,package-lock.json
2204,@formatjs/fast-memoize,2.2.0,npm,,MIT,Transitive,0,package-lock.json,package-lock.json
2205,jackspeak,3.4.3,npm,,,Transitive,0,package-lock.json,package-lock.json
2206,string.prototype.trimend,1.0.9,npm,,,Transitive,0,package-lock.json,package-lock.json
2207,v8-to-istanbul,9.3.0,npm,,,Transitive,0,package-lock.json,package-lock.json
2208,@babel/generator,7.29.1,npm,,,Transitive,0,package-lock.json,package-lock.json
2209,@tybys/wasm-util,0.10.1,npm,,,Transitive,0,package-lock.json,package-lock.json
2210,extend,3.0.2,npm,,,Transitive,0,package-lock.json,package-lock.json
2211,libbase64,0.1.0,npm,,MIT,Transitive,0,package-lock.json,package-lock.json
2212,sass-embedded-android-arm,1.98.0,npm,,,Transitive,0,package-lock.json,package-lock.json
2213,tsscmp,1.0.6,npm,,MIT,Transitive,0,package-lock.json,package-lock.json
2214,cssnano,6.1.2,npm,,MIT,Transitive,0,package-lock.json,package-lock.json
2215,lodash.includes,4.3.0,npm,,MIT,Transitive,0,package-lock.json,package-lock.json
2216,unist-util-visit-parents,6.0.2,npm,,,Transitive,0,package-lock.json,package-lock.json
2217,negotiator,0.6.3,npm,,MIT,Transitive,0,package-lock.json,package-lock.json
2218,@mui/x-date-pickers,7.29.4,npm,,,Direct,0,package-lock.json,package-lock.json
2219,core-js-compat,3.49.0,npm,,,Transitive,0,package-lock.json,package-lock.json
2220,is-retry-allowed,2.2.0,npm,,MIT,Transitive,0,package-lock.json,package-lock.json
2221,type-fest,0.6.0,npm,,MIT,Transitive,0,package-lock.json,package-lock.json
2222,@radix-ui/react-focus-guards,1.0.1,npm,,MIT,Transitive,0,package-lock.json,package-lock.json
2223,intl-messageformat,10.5.11,npm,,BSD-3-Clause,Transitive,0,package-lock.json,package-lock.json
2224,encodeurl,1.0.2,npm,,MIT,Transitive,0,package-lock.json,package-lock.json
2225,semver,7.7.4,npm,,,Transitive,0,package-lock.json,package-lock.json
2226,hastscript,9.0.1,npm,,,Transitive,0,package-lock.json,package-lock.json
2227,@rollup/pluginutils,5.3.0,npm,,,Transitive,0,package-lock.json,package-lock.json
2228,@verdaccio/logger-prettify,8.0.0-next-8.4,npm,,,Transitive,0,package-lock.json,package-lock.json
2229,array-includes,3.1.9,npm,,,Transitive,0,package-lock.json,package-lock.json
2230,columnify,1.6.0,npm,,MIT,Transitive,0,package-lock.json,package-lock.json
2231,sass-embedded-linux-x64,1.98.0,npm,,,Transitive,0,package-lock.json,package-lock.json
2232,rxjs,7.8.1,npm,,,Direct,0,package-lock.json,package-lock.json
2233,@humanfs/core,0.19.1,npm,,Apache-2.0,Transitive,0,package-lock.json,package-lock.json
2234,strtok3,7.1.1,npm,,MIT,Transitive,0,package-lock.json,package-lock.json
2235,is-alphabetical,2.0.1,npm,,MIT,Transitive,0,package-lock.json,package-lock.json
2236,vary,1.1.2,npm,,MIT,Transitive,0,package-lock.json,package-lock.json
2237,@azure/core-util,1.13.1,npm,,,Transitive,0,package-lock.json,package-lock.json
2238,@types/babel__generator,7.27.0,npm,,,Transitive,0,package-lock.json,package-lock.json
2239,date-fns,2.30.0,npm,,,Direct,0,package-lock.json,package-lock.json
2240,ms,2.0.0,npm,,,Transitive,0,package-lock.json,package-lock.json
2241,@esbuild/netbsd-x64,0.25.12,npm,,,Transitive,0,package-lock.json,package-lock.json
2242,@strapi/data-transfer,5.39.0,npm,,,Transitive,0,package-lock.json,package-lock.json
2243,find-up,5.0.0,npm,,MIT,Transitive,0,package-lock.json,package-lock.json
2244,@eslint-community/regexpp,4.12.2,npm,,,Transitive,0,package-lock.json,package-lock.json
2245,json-schema-traverse,0.4.1,npm,,MIT,Transitive,0,package-lock.json,package-lock.json
2246,@formatjs/icu-skeleton-parser,1.8.0,npm,,MIT,Transitive,0,package-lock.json,package-lock.json
2247,@typescript-eslint/type-utils,8.57.1,npm,,,Transitive,0,package-lock.json,package-lock.json
2248,fetch-blob,3.2.0,npm,,MIT,Transitive,0,package-lock.json,package-lock.json
2249,internmap,2.0.3,npm,,,Transitive,0,package-lock.json,package-lock.json
2250,regjsparser,0.13.0,npm,,,Transitive,0,package-lock.json,package-lock.json
2251,@insurance-wellness-hub/ai-service,,npm,,,Transitive,0,package-lock.json,package-lock.json
2252,react-intl,6.6.2,npm,,BSD-3-Clause,Transitive,0,package-lock.json,package-lock.json
2253,eslint-module-utils,2.12.1,npm,,,Transitive,0,package-lock.json,package-lock.json
2254,json-stringify-safe,5.0.1,npm,,,Transitive,0,package-lock.json,package-lock.json
2255,pstree.remy,1.1.8,npm,,MIT,Transitive,0,package-lock.json,package-lock.json
2256,recast,0.23.11,npm,,,Transitive,0,package-lock.json,package-lock.json
2257,apps/services/config-service,0.0.1,npm,,,Transitive,0,package-lock.json,package-lock.json
2258,@tsconfig/node10,1.0.12,npm,,,Transitive,0,package-lock.json,package-lock.json
2259,co-body,6.2.0,npm,,MIT,Transitive,0,package-lock.json,package-lock.json
2260,supports-color,7.2.0,npm,,MIT,Transitive,0,package-lock.json,package-lock.json
2261,human-signals,5.0.0,npm,,Apache-2.0,Transitive,0,package-lock.json,package-lock.json
2262,node-abort-controller,3.1.1,npm,,MIT,Transitive,0,package-lock.json,package-lock.json
2263,normalize-path,3.0.0,npm,,MIT,Transitive,0,package-lock.json,package-lock.json
2264,proxy-addr,2.0.7,npm,,,Transitive,0,package-lock.json,package-lock.json
2265,apps/services/document-service,0.0.1,npm,,,Transitive,0,package-lock.json,package-lock.json
2266,dotenv,16.0.0,npm,,BSD-2-Clause,Direct,0,apps/services/strapi-cms-service/package.json,apps/services/strapi-cms-service/package.json
2267,@nestjs/mapped-types,*,npm,,,Direct,0,apps/services/org-service/package.json,apps/services/org-service/package.json
2268,lucide-react,0.574.0,npm,,,Direct,0,apps/ui/ibp/package.json,apps/ui/ibp/package.json
2269,jsonwebtoken,9.0.3,npm,,,Direct,0,apps/services/strapi-cms-service/package.json,apps/services/strapi-cms-service/package.json
2270,react-dom,18.3.1,npm,,,Direct,0,apps/services/strapi-cms-service/package.json,apps/services/strapi-cms-service/package.json
2271,styled-components,6.3.8,npm,,,Direct,0,apps/services/strapi-cms-service/package.json,apps/services/strapi-cms-service/package.json
2272,@strapi/plugin-cloud,5.36.0,npm,,,Direct,0,apps/services/strapi-cms-service/package.json,apps/services/strapi-cms-service/package.json
2273,knex,3.1.0,npm,,,Direct,0,apps/services/strapi-cms-service/package.json,apps/services/strapi-cms-service/package.json
2274,prismjs,1.30.0,npm,,,Direct,0,apps/services/strapi-cms-service/package.json,apps/services/strapi-cms-service/package.json
2275,strapi-plugin-jodit-editor,1.1.3,npm,,,Direct,0,apps/services/strapi-cms-service/package.json,apps/services/strapi-cms-service/package.json
2276,better-sqlite3,11.8.1,npm,,,Direct,0,apps/services/strapi-cms-service/package.json,apps/services/strapi-cms-service/package.json
2277,react,18.3.1,npm,,,Direct,0,apps/services/strapi-cms-service/package.json,apps/services/strapi-cms-service/package.json
2278,react-router-dom,6.30.3,npm,,,Direct,0,apps/services/strapi-cms-service/package.json,apps/services/strapi-cms-service/package.json
2279,functions-have-names,1.2.3,npm,,MIT,Transitive,0,package-lock.json,package-lock.json
2280,pg,8.13.1,npm,,,Direct,0,apps/services/strapi-cms-service/package.json,apps/services/strapi-cms-service/package.json
2281,@types/jsonwebtoken,9.0.10,npm,,,Direct,0,apps/services/strapi-cms-service/package.json,apps/services/strapi-cms-service/package.json
2282,@types/node,22.10.2,npm,,,Direct,0,apps/services/strapi-cms-service/package.json,apps/services/strapi-cms-service/package.json
2283,typescript,5.7.2,npm,,,Direct,0,apps/services/strapi-cms-service/package.json,apps/services/strapi-cms-service/package.json
2284,p-limit,4.0.0,npm,,MIT,Transitive,0,package-lock.json,package-lock.json
2285,postcss-loader,6.2.1,npm,,MIT,Transitive,0,package-lock.json,package-lock.json
2286,@typescript-eslint/scope-manager,8.57.1,npm,,,Transitive,0,package-lock.json,package-lock.json
2287,whatwg-url,11.0.0,npm,,MIT,Transitive,0,package-lock.json,package-lock.json
2288,apps/services/workflow-service-e2e,0.0.1,npm,,,Transitive,0,package-lock.json,package-lock.json
2289,@babel/helpers,7.29.2,npm,,,Transitive,0,package-lock.json,package-lock.json
2290,express,4.22.1,npm,,,Direct,0,package-lock.json,package-lock.json
2291,debug,3.2.7,npm,,,Transitive,0,package-lock.json,package-lock.json
2292,loader-runner,4.3.1,npm,,,Transitive,0,package-lock.json,package-lock.json
2293,postcss-modules-scope,3.2.1,npm,,,Transitive,0,package-lock.json,package-lock.json
2294,tinyrainbow,2.0.0,npm,,,Transitive,0,package-lock.json,package-lock.json
2295,@babel/plugin-bugfix-safari-class-field-initializer-scope,7.27.1,npm,,,Transitive,0,package-lock.json,package-lock.json
2296,@commitlint/load,19.8.1,npm,,,Transitive,0,package-lock.json,package-lock.json
2297,@esbuild/openbsd-arm64,0.25.12,npm,,,Transitive,0,package-lock.json,package-lock.json
2298,isarray,2.0.5,npm,,MIT,Transitive,0,package-lock.json,package-lock.json
2299,apps/services/ai-utility-service,0.0.1,npm,,,Transitive,0,package-lock.json,package-lock.json
2300,semver,7.5.4,npm,,,Transitive,0,package-lock.json,package-lock.json
2301,locate-path,6.0.0,npm,,MIT,Transitive,0,package-lock.json,package-lock.json
2302,pgpass,1.0.5,npm,,MIT,Transitive,0,package-lock.json,package-lock.json
2303,@aws-sdk/credential-provider-node,3.972.21,npm,,,Transitive,0,package-lock.json,package-lock.json
2304,@smithy/util-body-length-node,4.2.3,npm,,,Transitive,0,package-lock.json,package-lock.json
2305,ansi-styles,4.3.0,npm,,MIT,Transitive,0,package-lock.json,package-lock.json
2306,lodash.isundefined,3.0.1,npm,,MIT,Transitive,0,package-lock.json,package-lock.json
2307,@babel/plugin-transform-typeof-symbol,7.27.1,npm,,,Transitive,0,package-lock.json,package-lock.json
2308,statuses,2.0.2,npm,,,Transitive,0,package-lock.json,package-lock.json
2309,asynckit,0.4.0,npm,,MIT,Transitive,0,package-lock.json,package-lock.json
2310,jest-mock,29.7.0,npm,,MIT,Transitive,0,package-lock.json,package-lock.json
2311,@codemirror/view,6.40.0,npm,,,Transitive,0,package-lock.json,package-lock.json
2312,copyfiles,2.4.1,npm,,MIT,Transitive,0,package-lock.json,package-lock.json
2313,colorette,2.0.20,npm,,MIT,Transitive,0,package-lock.json,package-lock.json
2314,encoding,0.1.13,npm,,MIT,Transitive,0,package-lock.json,package-lock.json
2315,getpass,0.1.7,npm,,MIT,Transitive,0,package-lock.json,package-lock.json
2316,object.groupby,1.0.3,npm,,MIT,Transitive,0,package-lock.json,package-lock.json
2317,@jest/test-result,29.7.0,npm,,MIT,Transitive,0,package-lock.json,package-lock.json
2318,@formatjs/intl,2.10.0,npm,,MIT,Transitive,0,package-lock.json,package-lock.json
2319,semver,6.3.1,npm,,,Transitive,0,package-lock.json,package-lock.json
2320,apps/services/strapi-cms-service,0.0.1,npm,,,Transitive,0,package-lock.json,package-lock.json
2321,@jsonjoy.com/buffers,1.2.1,npm,,,Transitive,0,package-lock.json,package-lock.json
2322,lint-staged,15.5.2,npm,,,Direct,0,package-lock.json,package-lock.json
2323,iconv-lite,0.4.13,npm,,MIT,Transitive,0,package-lock.json,package-lock.json
2324,portfinder,1.0.38,npm,,,Transitive,0,package-lock.json,package-lock.json
2325,fstream,1.0.12,npm,,,Transitive,0,package-lock.json,package-lock.json
2326,prompts,2.4.2,npm,,MIT,Transitive,0,package-lock.json,package-lock.json
2327,@babel/plugin-transform-duplicate-named-capturing-groups-regex,7.29.0,npm,,,Transitive,0,package-lock.json,package-lock.json
2328,webidl-conversions,3.0.1,npm,,BSD-2-Clause,Transitive,0,package-lock.json,package-lock.json
2329,@typescript-eslint/scope-manager,8.19.0,npm,,,Transitive,0,package-lock.json,package-lock.json
2330,@insurance-wellness-hub/org-service-e2e,,npm,,,Transitive,0,package-lock.json,package-lock.json
2331,apps/services/connector-service,0.0.1,npm,,,Transitive,0,package-lock.json,package-lock.json
2332,@strapi/utils,5.39.0,npm,,,Transitive,0,package-lock.json,package-lock.json
2333,jake,10.9.4,npm,,,Transitive,0,package-lock.json,package-lock.json
2334,package-json-from-dist,1.0.1,npm,,,Transitive,0,package-lock.json,package-lock.json
2335,dom-accessibility-api,0.6.3,npm,,MIT,Transitive,0,package-lock.json,package-lock.json
2336,readable-stream,2.3.8,npm,,MIT,Transitive,0,package-lock.json,package-lock.json
2337,string.prototype.trimstart,1.0.8,npm,,MIT,Transitive,0,package-lock.json,package-lock.json
2338,accepts,2.0.0,npm,,,Transitive,0,package-lock.json,package-lock.json
2339,direction,1.0.4,npm,,MIT,Transitive,0,package-lock.json,package-lock.json
2340,hosted-git-info,7.0.2,npm,,,Transitive,0,package-lock.json,package-lock.json
2341,unc-path-regex,0.1.2,npm,,MIT,Transitive,0,package-lock.json,package-lock.json
2342,jsonc-parser,3.2.1,npm,,MIT,Transitive,0,package-lock.json,package-lock.json
2343,@babel/plugin-syntax-class-static-block,7.14.5,npm,,MIT,Transitive,0,package-lock.json,package-lock.json
2344,@types/node,14.18.63,npm,,MIT,Direct,0,package-lock.json,package-lock.json
2345,@nx/vite,20.6.1,npm,,,Direct,0,package-lock.json,package-lock.json
2346,signal-exit,4.1.0,npm,,,Transitive,0,package-lock.json,package-lock.json
2347,@types/parse-json,4.0.2,npm,,MIT,Transitive,0,package-lock.json,package-lock.json
2348,crc32-stream,4.0.3,npm,,MIT,Transitive,0,package-lock.json,package-lock.json
2349,only,0.0.2,npm,,,Transitive,0,package-lock.json,package-lock.json
2350,picocolors,1.1.1,npm,,,Transitive,0,package-lock.json,package-lock.json
2351,vfile-message,4.0.3,npm,,,Transitive,0,package-lock.json,package-lock.json
2352,@codemirror/lint,6.9.5,npm,,,Transitive,0,package-lock.json,package-lock.json
2353,@internationalized/number,3.5.3,npm,,Apache-2.0,Transitive,0,package-lock.json,package-lock.json
2354,@module-federation/data-prefetch,2.2.1,npm,,,Transitive,0,package-lock.json,package-lock.json
2355,@reduxjs/toolkit,1.9.7,npm,,MIT,Direct,0,package-lock.json,package-lock.json
2356,astral-regex,2.0.0,npm,,MIT,Transitive,0,package-lock.json,package-lock.json
2357,mime-types,3.0.2,npm,,,Transitive,0,package-lock.json,package-lock.json
2358,@babel/plugin-transform-async-generator-functions,7.29.0,npm,,,Transitive,0,package-lock.json,package-lock.json
2359,lodash.deburr,4.1.0,npm,,MIT,Transitive,0,package-lock.json,package-lock.json
2360,readable-web-to-node-stream,3.0.4,npm,,,Transitive,0,package-lock.json,package-lock.json
2361,unified,11.0.5,npm,,MIT,Transitive,0,package-lock.json,package-lock.json
2362,emojis-list,3.0.0,npm,,MIT,Transitive,0,package-lock.json,package-lock.json
2363,json-buffer,3.0.1,npm,,MIT,Transitive,0,package-lock.json,package-lock.json
2364,json-schema,0.4.0,npm,,BSD-3-Clause,Transitive,0,package-lock.json,package-lock.json
2365,path-exists,3.0.0,npm,,MIT,Transitive,0,package-lock.json,package-lock.json
2366,reflect-metadata,0.1.14,npm,,,Direct,0,package-lock.json,package-lock.json
2367,strip-final-newline,4.0.0,npm,,MIT,Transitive,0,package-lock.json,package-lock.json
2368,jwk-to-pem,2.0.7,npm,,Apache-2.0,Transitive,0,package-lock.json,package-lock.json
2369,obuf,1.1.2,npm,,MIT,Transitive,0,package-lock.json,package-lock.json
2370,log-symbols,6.0.0,npm,,MIT,Transitive,0,package-lock.json,package-lock.json
2371,ignore-walk,3.0.4,npm,,,Transitive,0,package-lock.json,package-lock.json
2372,@jest/core,29.7.0,npm,,MIT,Transitive,0,package-lock.json,package-lock.json
2373,clone-response,1.0.3,npm,,MIT,Transitive,0,package-lock.json,package-lock.json
2374,ms,2.1.2,npm,,,Transitive,0,package-lock.json,package-lock.json
2375,pg-types,2.2.0,npm,,MIT,Transitive,0,package-lock.json,package-lock.json
2376,spdx-correct,3.2.0,npm,,Apache-2.0,Transitive,0,package-lock.json,package-lock.json
2377,@insurance-wellness-hub/auth-service,,npm,,,Transitive,0,package-lock.json,package-lock.json
2378,@radix-ui/react-use-layout-effect,1.1.1,npm,,,Transitive,0,package-lock.json,package-lock.json
2379,function-bind,1.1.2,npm,,MIT,Transitive,0,package-lock.json,package-lock.json
2380,@module-federation/webpack-bundler-runtime,0.22.0,npm,,,Transitive,0,package-lock.json,package-lock.json
2381,@webassemblyjs/wasm-edit,1.14.1,npm,,MIT,Transitive,0,package-lock.json,package-lock.json
2382,glob-parent,6.0.2,npm,,,Transitive,0,package-lock.json,package-lock.json
2383,dashdash,1.14.1,npm,,,Transitive,0,package-lock.json,package-lock.json
2384,set-function-name,2.0.2,npm,,MIT,Transitive,0,package-lock.json,package-lock.json
2385,accepts,1.3.8,npm,,,Transitive,0,package-lock.json,package-lock.json
2386,@jsonjoy.com/util,1.9.0,npm,,,Transitive,0,package-lock.json,package-lock.json
2387,@rspack/binding-darwin-x64,1.7.9,npm,,,Transitive,0,package-lock.json,package-lock.json
2388,anymatch,3.1.3,npm,,,Transitive,0,package-lock.json,package-lock.json
2389,available-typed-arrays,1.0.7,npm,,MIT,Transitive,0,package-lock.json,package-lock.json
2390,rxjs,7.8.2,npm,,,Direct,0,package-lock.json,package-lock.json
2391,@vue/shared,3.5.30,npm,,,Transitive,0,package-lock.json,package-lock.json
2392,pkg-dir,4.2.0,npm,,MIT,Transitive,0,package-lock.json,package-lock.json
2393,wsl-utils,0.1.0,npm,,,Transitive,0,package-lock.json,package-lock.json
2394,yargs-parser,20.2.9,npm,,,Transitive,0,package-lock.json,package-lock.json
2395,@formatjs/intl-displaynames,6.6.6,npm,,MIT,Transitive,0,package-lock.json,package-lock.json
2396,apps/services/workflow-service,0.0.1,npm,,,Transitive,0,package-lock.json,package-lock.json
2397,apps/services/common-service-e2e,0.0.1,npm,,,Transitive,0,package-lock.json,package-lock.json
2398,@codemirror/theme-one-dark,6.1.3,npm,,,Transitive,0,package-lock.json,package-lock.json
2399,lodash.isnil,4.0.0,npm,,MIT,Transitive,0,package-lock.json,package-lock.json
2400,for-each,0.3.5,npm,,,Transitive,0,package-lock.json,package-lock.json
2401,inline-style-parser,0.2.7,npm,,,Transitive,0,package-lock.json,package-lock.json
2402,@babel/plugin-transform-shorthand-properties,7.27.1,npm,,,Transitive,0,package-lock.json,package-lock.json
2403,@radix-ui/react-use-escape-keydown,1.0.3,npm,,MIT,Transitive,0,package-lock.json,package-lock.json
2404,@types/archiver,7.0.0,npm,,,Direct,0,package-lock.json,package-lock.json
2405,tslib,2.8.1,npm,,,Direct,0,package-lock.json,package-lock.json
2406,create-require,1.1.1,npm,,MIT,Transitive,0,package-lock.json,package-lock.json
2407,js-yaml,4.1.1,npm,,,Transitive,0,package-lock.json,package-lock.json
2408,methods,1.1.2,npm,,MIT,Transitive,0,package-lock.json,package-lock.json
2409,pako,1.0.11,npm,,MIT,Transitive,0,package-lock.json,package-lock.json
2410,apps/services/config-service-e2e,0.0.1,npm,,,Transitive,0,package-lock.json,package-lock.json
2411,@module-federation/error-codes,2.2.1,npm,,,Transitive,0,package-lock.json,package-lock.json
2412,environment,1.1.0,npm,,MIT,Transitive,0,package-lock.json,package-lock.json
2413,bs-logger,0.2.6,npm,,MIT,Transitive,0,package-lock.json,package-lock.json
2414,quick-lru,5.1.1,npm,,MIT,Transitive,0,package-lock.json,package-lock.json
2415,remove-accents,0.5.0,npm,,MIT,Transitive,0,package-lock.json,package-lock.json
2416,concurrently,8.2.2,npm,,MIT,Transitive,0,package-lock.json,package-lock.json
2417,xdg-basedir,4.0.0,npm,,MIT,Transitive,0,package-lock.json,package-lock.json
2418,@nx/cypress,20.6.1,npm,,,Direct,0,package-lock.json,package-lock.json
2419,@rspack/binding-linux-arm64-musl,1.7.9,npm,,,Transitive,0,package-lock.json,package-lock.json
2420,whatwg-url,12.0.1,npm,,MIT,Transitive,0,package-lock.json,package-lock.json
2421,@emotion/hash,0.9.2,npm,,MIT,Transitive,0,package-lock.json,package-lock.json
2422,@peculiar/asn1-pkcs9,2.6.1,npm,,,Transitive,0,package-lock.json,package-lock.json
2423,@types/send,0.17.6,npm,,,Transitive,0,package-lock.json,package-lock.json
2424,@nestjs/testing,10.4.22,npm,,,Direct,0,package-lock.json,package-lock.json
2425,lodash.memoize,4.1.2,npm,,MIT,Transitive,0,package-lock.json,package-lock.json
2426,dotenv,16.4.5,npm,,,Direct,0,package-lock.json,package-lock.json
2427,@strapi/permissions,5.39.0,npm,,,Transitive,0,package-lock.json,package-lock.json
2428,formik,2.4.5,npm,,Apache-2.0,Transitive,0,package-lock.json,package-lock.json
2429,readable-stream,1.0.34,npm,,MIT,Transitive,0,package-lock.json,package-lock.json
2430,@formatjs/intl-localematcher,0.5.4,npm,,MIT,Transitive,0,package-lock.json,package-lock.json
2431,dot-prop,5.3.0,npm,,MIT,Transitive,0,package-lock.json,package-lock.json
2432,svgo,3.3.3,npm,,,Transitive,0,package-lock.json,package-lock.json
2433,@volar/source-map,2.4.28,npm,,,Transitive,0,package-lock.json,package-lock.json
2434,cac,6.7.14,npm,,MIT,Transitive,0,package-lock.json,package-lock.json
2435,isomorphic-rslog,0.0.7,npm,,,Transitive,0,package-lock.json,package-lock.json
2436,micromark-extension-gfm-task-list-item,2.1.0,npm,,MIT,Transitive,0,package-lock.json,package-lock.json
2437,micromark-util-classify-character,2.0.1,npm,,MIT,Transitive,0,package-lock.json,package-lock.json
2438,merge-descriptors,1.0.3,npm,,MIT,Transitive,0,package-lock.json,package-lock.json
2439,ini,1.3.8,npm,,,Transitive,0,package-lock.json,package-lock.json
2440,tarn,3.0.2,npm,,MIT,Transitive,0,package-lock.json,package-lock.json
2441,mitt,3.0.1,npm,,MIT,Transitive,0,package-lock.json,package-lock.json
2442,stack-trace,0.0.10,npm,,MIT,Transitive,0,package-lock.json,package-lock.json
2443,use-context-selector,1.4.1,npm,,MIT,Transitive,0,package-lock.json,package-lock.json
2444,archiver-zip-encrypted,2.0.0,npm,,MIT,Direct,0,package-lock.json,package-lock.json
2445,concat-stream,2.0.0,npm,,MIT,Transitive,0,package-lock.json,package-lock.json
2446,w3c-keyname,2.2.8,npm,,MIT,Transitive,0,package-lock.json,package-lock.json
2447,@module-federation/runtime,0.9.1,npm,,,Transitive,0,package-lock.json,package-lock.json
2448,sort-object-keys,1.1.3,npm,,MIT,Transitive,0,package-lock.json,package-lock.json
2449,source-map,0.7.6,npm,,,Transitive,0,package-lock.json,package-lock.json
2450,ci-info,3.9.0,npm,,MIT,Transitive,0,package-lock.json,package-lock.json
2451,@aws-sdk/xml-builder,3.972.11,npm,,,Transitive,0,package-lock.json,package-lock.json
2452,@microsoft/tsdoc,0.16.0,npm,,,Transitive,0,package-lock.json,package-lock.json
2453,@smithy/eventstream-serde-browser,4.2.12,npm,,,Transitive,0,package-lock.json,package-lock.json
2454,domhandler,4.3.1,npm,,,Transitive,0,package-lock.json,package-lock.json
2455,ajv,6.14.0,npm,,,Transitive,0,package-lock.json,package-lock.json
2456,path-exists,4.0.0,npm,,MIT,Transitive,0,package-lock.json,package-lock.json
2457,jose,4.15.9,npm,,MIT,Transitive,0,package-lock.json,package-lock.json
2458,koa-range,0.3.0,npm,,,Transitive,0,package-lock.json,package-lock.json
2459,@types/express,4.17.25,npm,,,Transitive,0,package-lock.json,package-lock.json
2460,lru-cache,5.1.1,npm,,,Transitive,0,package-lock.json,package-lock.json
2461,pg,8.20.0,npm,,,Direct,0,package-lock.json,package-lock.json
2462,swagger-ui-express,5.0.1,npm,,MIT,Direct,0,package-lock.json,package-lock.json
2463,apps/services/ibp-service-e2e,0.0.1,npm,,,Transitive,0,package-lock.json,package-lock.json
2464,webpack-sources,1.4.3,npm,,MIT,Transitive,0,package-lock.json,package-lock.json
2465,wordwrap,1.0.0,npm,,MIT,Transitive,0,package-lock.json,package-lock.json
2466,apps/services/service-lib,0.0.1,npm,,,Transitive,0,package-lock.json,package-lock.json
2467,@strapi/typescript-utils,5.39.0,npm,,,Transitive,0,package-lock.json,package-lock.json
2468,stack-utils,2.0.6,npm,,MIT,Transitive,0,package-lock.json,package-lock.json
2469,@types/react-transition-group,4.4.12,npm,,,Transitive,0,package-lock.json,package-lock.json
2470,error-ex,1.3.4,npm,,,Transitive,0,package-lock.json,package-lock.json
2471,fuzzball,2.2.3,npm,,,Direct,0,package-lock.json,package-lock.json
2472,side-channel-list,1.0.0,npm,,MIT,Transitive,0,package-lock.json,package-lock.json
2473,@radix-ui/react-slot,1.2.3,npm,,,Transitive,0,package-lock.json,package-lock.json
2474,debug,4.4.3,npm,,,Transitive,0,package-lock.json,package-lock.json
2475,@nestjs/common,10.4.22,npm,,,Direct,0,package-lock.json,package-lock.json
2476,proto-list,1.2.4,npm,,,Transitive,0,package-lock.json,package-lock.json
2477,@napi-rs/canvas-android-arm64,0.1.97,npm,,,Transitive,0,package-lock.json,package-lock.json
2478,@radix-ui/react-slot,1.0.2,npm,,MIT,Transitive,0,package-lock.json,package-lock.json
2479,match-sorter,6.3.4,npm,,MIT,Transitive,0,package-lock.json,package-lock.json
2480,micromark-extension-gfm-tagfilter,2.0.0,npm,,MIT,Transitive,0,package-lock.json,package-lock.json
2481,untildify,4.0.0,npm,,MIT,Transitive,0,package-lock.json,package-lock.json
2482,webpack-dev-middleware,6.1.2,npm,,,Transitive,0,package-lock.json,package-lock.json
2483,apps/services/strapi-cms-service/node_modules/commander,10.0.1,npm,,,Transitive,0,package-lock.json,package-lock.json
2484,devlop,1.1.0,npm,,MIT,Transitive,0,package-lock.json,package-lock.json
2485,nest-winston,1.10.2,npm,,,Direct,0,package-lock.json,package-lock.json
2486,hosted-git-info,2.8.9,npm,,,Transitive,0,package-lock.json,package-lock.json
2487,source-map,0.6.1,npm,,BSD-3-Clause,Transitive,0,package-lock.json,package-lock.json
2488,isarray,1.0.0,npm,,MIT,Transitive,0,package-lock.json,package-lock.json
2489,parse-json,5.2.0,npm,,MIT,Transitive,0,package-lock.json,package-lock.json
2490,sanitize-html,2.13.0,npm,,,Transitive,0,package-lock.json,package-lock.json
2491,@module-federation/sdk,0.9.1,npm,,,Transitive,0,package-lock.json,package-lock.json
2492,@radix-ui/primitive,1.1.3,npm,,,Transitive,0,package-lock.json,package-lock.json
2493,cache-content-type,1.0.1,npm,,MIT,Transitive,0,package-lock.json,package-lock.json
2494,minizlib,3.1.0,npm,,,Transitive,0,package-lock.json,package-lock.json
2495,@radix-ui/react-use-callback-ref,1.0.1,npm,,MIT,Transitive,0,package-lock.json,package-lock.json
2496,clipanion,4.0.0-rc.4,npm,,,Transitive,0,package-lock.json,package-lock.json
2497,detect-node-es,1.1.0,npm,,MIT,Transitive,0,package-lock.json,package-lock.json
2498,yargs,16.2.0,npm,,MIT,Transitive,0,package-lock.json,package-lock.json
2499,@aws-crypto/sha256-browser,5.2.0,npm,,Apache-2.0,Transitive,0,package-lock.json,package-lock.json
2500,jsprim,2.0.2,npm,,MIT,Transitive,0,package-lock.json,package-lock.json
2501,keygrip,1.1.0,npm,,,Transitive,0,package-lock.json,package-lock.json
2502,@webassemblyjs/ast,1.14.1,npm,,MIT,Transitive,0,package-lock.json,package-lock.json
2503,sass-embedded,1.98.0,npm,,,Transitive,0,package-lock.json,package-lock.json
2504,color-name,2.1.0,npm,,,Transitive,0,package-lock.json,package-lock.json
2505,retry,0.13.1,npm,,,Transitive,0,package-lock.json,package-lock.json
2506,@formatjs/icu-messageformat-parser,2.7.6,npm,,MIT,Transitive,0,package-lock.json,package-lock.json
2507,micromark-factory-space,2.0.1,npm,,MIT,Transitive,0,package-lock.json,package-lock.json
2508,@types/chai,5.2.3,npm,,,Transitive,0,package-lock.json,package-lock.json
2509,expand-template,2.0.3,npm,,MIT,Transitive,0,package-lock.json,package-lock.json
2510,kind-of,6.0.3,npm,,,Transitive,0,package-lock.json,package-lock.json
2511,http-parser-js,0.5.10,npm,,,Transitive,0,package-lock.json,package-lock.json
2512,trim-lines,3.0.1,npm,,MIT,Transitive,0,package-lock.json,package-lock.json
2513,@babel/plugin-transform-duplicate-keys,7.27.1,npm,,,Transitive,0,package-lock.json,package-lock.json
2514,@nx/web,20.6.1,npm,,,Direct,0,package-lock.json,package-lock.json
2515,ansi-sequence-parser,1.1.3,npm,,,Transitive,0,package-lock.json,package-lock.json
2516,debug,4.3.4,npm,,,Transitive,0,package-lock.json,package-lock.json
2517,@rolldown/pluginutils,1.0.0-beta.27,npm,,,Transitive,0,package-lock.json,package-lock.json
2518,typedoc,0.25.10,npm,,Apache-2.0,Transitive,0,package-lock.json,package-lock.json
2519,any-promise,1.3.0,npm,,MIT,Transitive,0,package-lock.json,package-lock.json
2520,lodash.isnumber,3.0.3,npm,,MIT,Transitive,0,package-lock.json,package-lock.json
2521,@rspack/binding-linux-x64-musl,1.7.9,npm,,,Transitive,0,package-lock.json,package-lock.json
2522,@rushstack/problem-matcher,0.2.1,npm,,,Transitive,0,package-lock.json,package-lock.json
2523,archiver-utils,5.0.2,npm,,MIT,Transitive,0,package-lock.json,package-lock.json
2524,fastq,1.20.1,npm,,,Transitive,0,package-lock.json,package-lock.json
2525,path-root,0.1.1,npm,,MIT,Transitive,0,package-lock.json,package-lock.json
2526,@nx/workspace,20.6.1,npm,,,Direct,0,package-lock.json,package-lock.json
2527,cosmiconfig,7.1.0,npm,,,Transitive,0,package-lock.json,package-lock.json
2528,linkify-it,5.0.0,npm,,MIT,Transitive,0,package-lock.json,package-lock.json
2529,find-up,3.0.0,npm,,MIT,Transitive,0,package-lock.json,package-lock.json
2530,find-up,4.1.0,npm,,MIT,Transitive,0,package-lock.json,package-lock.json
2531,real-require,0.2.0,npm,,MIT,Transitive,0,package-lock.json,package-lock.json
2532,word,0.3.0,npm,,Apache-2.0,Transitive,0,package-lock.json,package-lock.json
2533,array-slice,1.1.0,npm,,MIT,Transitive,0,package-lock.json,package-lock.json
2534,deep-eql,5.0.2,npm,,MIT,Transitive,0,package-lock.json,package-lock.json
2535,listenercount,1.0.1,npm,,,Transitive,0,package-lock.json,package-lock.json
2536,cli-width,4.1.0,npm,,,Transitive,0,package-lock.json,package-lock.json
2537,path-type,4.0.0,npm,,MIT,Transitive,0,package-lock.json,package-lock.json
2538,string.prototype.includes,2.0.1,npm,,MIT,Transitive,0,package-lock.json,package-lock.json
2539,vscode-oniguruma,1.7.0,npm,,MIT,Transitive,0,package-lock.json,package-lock.json
2540,espree,9.6.1,npm,,BSD-2-Clause,Transitive,0,package-lock.json,package-lock.json
2541,shebang-regex,3.0.0,npm,,MIT,Transitive,0,package-lock.json,package-lock.json
2542,source-map,0.7.4,npm,,BSD-3-Clause,Transitive,0,package-lock.json,package-lock.json
2543,http-errors,1.8.1,npm,,MIT,Transitive,0,package-lock.json,package-lock.json
2544,ws,7.5.10,npm,,,Transitive,0,package-lock.json,package-lock.json
2545,os-tmpdir,1.0.2,npm,,MIT,Transitive,0,package-lock.json,package-lock.json
2546,regenerate-unicode-properties,10.2.2,npm,,,Transitive,0,package-lock.json,package-lock.json
2547,crelt,1.0.6,npm,,MIT,Transitive,0,package-lock.json,package-lock.json
2548,jest-runner,29.7.0,npm,,MIT,Transitive,0,package-lock.json,package-lock.json
2549,postcss-value-parser,4.2.0,npm,,MIT,Transitive,0,package-lock.json,package-lock.json
2550,@babel/plugin-transform-react-pure-annotations,7.27.1,npm,,,Transitive,0,package-lock.json,package-lock.json
2551,@img/sharp-libvips-linuxmusl-arm64,1.0.4,npm,,LGPL-3.0-only,Transitive,0,package-lock.json,package-lock.json
2552,@pmmmwh/react-refresh-webpack-plugin,0.5.15,npm,,MIT,Transitive,0,package-lock.json,package-lock.json
2553,@formatjs/ecma402-abstract,1.18.2,npm,,MIT,Transitive,0,package-lock.json,package-lock.json
2554,@types/nodemon,1.19.6,npm,,MIT,Transitive,0,package-lock.json,package-lock.json
2555,strip-ansi-cjs,6.0.1,npm,,,Transitive,0,package-lock.json,package-lock.json
2556,@aws-sdk/client-cloudwatch-logs,3.1010.0,npm,,,Direct,0,package-lock.json,package-lock.json
2557,path-key,2.0.1,npm,,MIT,Transitive,0,package-lock.json,package-lock.json
2558,package-json,7.0.0,npm,,MIT,Transitive,0,package-lock.json,package-lock.json
2559,@insurance-wellness-hub/common-service,,npm,,,Transitive,0,package-lock.json,package-lock.json
2560,diff-sequences,29.6.3,npm,,MIT,Transitive,0,package-lock.json,package-lock.json
2561,http-proxy,1.18.1,npm,,,Transitive,0,package-lock.json,package-lock.json
2562,text-segmentation,1.0.3,npm,,MIT,Transitive,0,package-lock.json,package-lock.json
2563,mimic-fn,2.1.0,npm,,MIT,Transitive,0,package-lock.json,package-lock.json
2564,@types/d3-scale,4.0.9,npm,,,Transitive,0,package-lock.json,package-lock.json
2565,@ungap/structured-clone,1.3.0,npm,,,Transitive,0,package-lock.json,package-lock.json
2566,cli-spinners,2.6.1,npm,,MIT,Transitive,0,package-lock.json,package-lock.json
2567,cliui,8.0.1,npm,,,Transitive,0,package-lock.json,package-lock.json
2568,mdast-util-mdx-jsx,3.2.0,npm,,,Transitive,0,package-lock.json,package-lock.json
2569,bin-check,4.1.0,npm,,MIT,Transitive,0,package-lock.json,package-lock.json
2570,conventional-changelog-conventionalcommits,7.0.2,npm,,,Transitive,0,package-lock.json,package-lock.json
2571,@peculiar/asn1-x509,2.6.1,npm,,,Transitive,0,package-lock.json,package-lock.json
2572,@types/serve-static,2.2.0,npm,,,Transitive,0,package-lock.json,package-lock.json
2573,jodit,4.11.14,npm,,,Transitive,0,package-lock.json,package-lock.json
2574,@ai-sdk/provider,2.0.1,npm,,,Transitive,0,package-lock.json,package-lock.json
2575,@emotion/memoize,0.9.0,npm,,MIT,Transitive,0,package-lock.json,package-lock.json
2576,@types/connect-history-api-fallback,1.5.4,npm,,MIT,Transitive,0,package-lock.json,package-lock.json
2577,pino-abstract-transport,1.2.0,npm,,MIT,Transitive,0,package-lock.json,package-lock.json
2578,word-wrap,1.2.5,npm,,MIT,Transitive,0,package-lock.json,package-lock.json
2579,yalc,1.0.0-pre.53,npm,,,Transitive,0,package-lock.json,package-lock.json
2580,@mui/material,7.3.9,npm,,,Direct,0,package-lock.json,package-lock.json
2581,pac-resolver,7.0.1,npm,,MIT,Transitive,0,package-lock.json,package-lock.json
2582,react-window,1.8.10,npm,,MIT,Transitive,0,package-lock.json,package-lock.json
2583,check-error,2.1.3,npm,,,Transitive,0,package-lock.json,package-lock.json
2584,eslint-plugin-import,2.31.0,npm,,MIT,Direct,0,package-lock.json,package-lock.json
2585,eventemitter3,5.0.4,npm,,,Transitive,0,package-lock.json,package-lock.json
2586,ee-first,1.1.1,npm,,MIT,Transitive,0,package-lock.json,package-lock.json
2587,sass-embedded-all-unknown,1.98.0,npm,,,Transitive,0,package-lock.json,package-lock.json
2588,@jest/environment,29.7.0,npm,,MIT,Transitive,0,package-lock.json,package-lock.json
2589,postcss-normalize-display-values,6.0.2,npm,,MIT,Transitive,0,package-lock.json,package-lock.json
2590,htmlparser2,8.0.2,npm,,,Transitive,0,package-lock.json,package-lock.json
2591,@adobe/css-tools,4.4.4,npm,,,Transitive,0,package-lock.json,package-lock.json
2592,@svgr/babel-plugin-remove-jsx-empty-expression,8.0.0,npm,,MIT,Transitive,0,package-lock.json,package-lock.json
2593,@types/multer,1.4.13,npm,,,Direct,0,package-lock.json,package-lock.json
2594,@nx/nx-linux-arm64-gnu,20.6.1,npm,,,Transitive,0,package-lock.json,package-lock.json
2595,use-sync-external-store,1.6.0,npm,,,Transitive,0,package-lock.json,package-lock.json
2596,@babel/plugin-transform-numeric-separator,7.28.6,npm,,,Transitive,0,package-lock.json,package-lock.json
2597,@lezer/json,1.0.3,npm,,,Transitive,0,package-lock.json,package-lock.json
2598,d3-array,3.2.4,npm,,,Transitive,0,package-lock.json,package-lock.json
2599,stdin-discarder,0.2.2,npm,,MIT,Transitive,0,package-lock.json,package-lock.json
2600,cron,4.4.0,npm,,,Transitive,0,package-lock.json,package-lock.json
2601,markdown-it-footnote,3.0.3,npm,,MIT,Transitive,0,package-lock.json,package-lock.json
2602,postcss-normalize-url,6.0.2,npm,,MIT,Transitive,0,package-lock.json,package-lock.json
2603,aria-query,5.3.2,npm,,Apache-2.0,Transitive,0,package-lock.json,package-lock.json
2604,jodit-react,5.3.21,npm,,,Transitive,0,package-lock.json,package-lock.json
2605,lodash.snakecase,4.1.1,npm,,MIT,Transitive,0,package-lock.json,package-lock.json
2606,@radix-ui/react-switch,1.0.3,npm,,MIT,Transitive,0,package-lock.json,package-lock.json
2607,strip-ansi,6.0.1,npm,,MIT,Transitive,0,package-lock.json,package-lock.json
2608,@babel/plugin-transform-runtime,7.29.0,npm,,,Transitive,0,package-lock.json,package-lock.json
2609,@swc/jest,0.2.39,npm,,,Direct,0,package-lock.json,package-lock.json
2610,filelist,1.0.6,npm,,,Transitive,0,package-lock.json,package-lock.json
2611,is-symbol,1.1.1,npm,,,Transitive,0,package-lock.json,package-lock.json
2612,plop,4.0.1,npm,,MIT,Transitive,0,package-lock.json,package-lock.json
2613,@babel/plugin-transform-private-methods,7.28.6,npm,,,Transitive,0,package-lock.json,package-lock.json
2614,is-regex,1.2.1,npm,,,Transitive,0,package-lock.json,package-lock.json
2615,react-remove-scroll,2.5.5,npm,,MIT,Transitive,0,package-lock.json,package-lock.json
2616,unbox-primitive,1.1.0,npm,,,Transitive,0,package-lock.json,package-lock.json
2617,@ai-sdk/provider,2.0.0,npm,,,Transitive,0,package-lock.json,package-lock.json
2618,adm-zip,0.5.16,npm,,MIT,Direct,0,package-lock.json,package-lock.json
2619,findup-sync,5.0.0,npm,,MIT,Transitive,0,package-lock.json,package-lock.json
2620,@radix-ui/react-dismissable-layer,1.0.5,npm,,MIT,Transitive,0,package-lock.json,package-lock.json
2621,@smithy/eventstream-codec,4.2.12,npm,,,Transitive,0,package-lock.json,package-lock.json
2622,bare-path,3.0.0,npm,,Apache-2.0,Transitive,0,package-lock.json,package-lock.json
2623,cron-parser,4.9.0,npm,,MIT,Transitive,0,package-lock.json,package-lock.json
2624,libqp,1.1.0,npm,,MIT,Transitive,0,package-lock.json,package-lock.json
2625,yallist,3.1.1,npm,,,Transitive,0,package-lock.json,package-lock.json
2626,@nxlv/python,21.3.1,npm,,,Direct,0,package-lock.json,package-lock.json
2627,get-stream,9.0.1,npm,,MIT,Transitive,0,package-lock.json,package-lock.json
2628,cssom,0.5.0,npm,,MIT,Transitive,0,package-lock.json,package-lock.json
2629,@esbuild/openbsd-x64,0.20.2,npm,,MIT,Transitive,0,package-lock.json,package-lock.json
2630,convert-source-map,1.9.0,npm,,MIT,Transitive,0,package-lock.json,package-lock.json
2631,pako,2.1.0,npm,,MIT,Transitive,0,package-lock.json,package-lock.json
2632,thingies,2.5.0,npm,,MIT,Transitive,0,package-lock.json,package-lock.json
2633,apps/services/wellness-service,0.0.1,npm,,,Transitive,0,package-lock.json,package-lock.json
2634,nano-time,1.0.0,npm,,,Transitive,0,package-lock.json,package-lock.json
2635,resolve,1.22.8,npm,,MIT,Transitive,0,package-lock.json,package-lock.json
2636,simple-update-notifier,2.0.0,npm,,MIT,Transitive,0,package-lock.json,package-lock.json
2637,umzug,3.8.1,npm,,MIT,Transitive,0,package-lock.json,package-lock.json
2638,ora,5.3.0,npm,,MIT,Transitive,0,package-lock.json,package-lock.json
2639,postcss-merge-rules,6.1.1,npm,,MIT,Transitive,0,package-lock.json,package-lock.json
2640,@babel/plugin-transform-react-jsx,7.28.6,npm,,,Transitive,0,package-lock.json,package-lock.json
2641,execa,8.0.1,npm,,MIT,Transitive,0,package-lock.json,package-lock.json
2642,teex,1.0.1,npm,,MIT,Transitive,0,package-lock.json,package-lock.json
2643,which-typed-array,1.1.20,npm,,,Transitive,0,package-lock.json,package-lock.json
2644,@img/sharp-wasm32,0.33.5,npm,,MIT,Transitive,0,package-lock.json,package-lock.json
2645,xmlchars,2.2.0,npm,,MIT,Transitive,0,package-lock.json,package-lock.json
2646,pify,2.3.0,npm,,MIT,Transitive,0,package-lock.json,package-lock.json
2647,@babel/plugin-transform-modules-amd,7.27.1,npm,,,Transitive,0,package-lock.json,package-lock.json
2648,chokidar,4.0.1,npm,,,Transitive,0,package-lock.json,package-lock.json
2649,conventional-commits-parser,5.0.0,npm,,MIT,Transitive,0,package-lock.json,package-lock.json
2650,es-module-lexer,1.7.0,npm,,,Transitive,0,package-lock.json,package-lock.json
2651,globals,15.15.0,npm,,,Transitive,0,package-lock.json,package-lock.json
2652,brorand,1.1.0,npm,,MIT,Transitive,0,package-lock.json,package-lock.json
2653,once,1.4.0,npm,,,Transitive,0,package-lock.json,package-lock.json
2654,sax,1.2.1,npm,,,Transitive,0,package-lock.json,package-lock.json
2655,cssnano-preset-default,6.1.2,npm,,MIT,Transitive,0,package-lock.json,package-lock.json
2656,pify,3.0.0,npm,,MIT,Transitive,0,package-lock.json,package-lock.json
2657,apps/services/service-registry-e2e,0.0.1,npm,,,Transitive,0,package-lock.json,package-lock.json
2658,@floating-ui/react-dom,2.1.8,npm,,,Transitive,0,package-lock.json,package-lock.json
2659,multicast-dns,7.2.5,npm,,MIT,Transitive,0,package-lock.json,package-lock.json
2660,@vercel/oidc,3.0.5,npm,,,Transitive,0,package-lock.json,package-lock.json
2661,microseconds,0.2.0,npm,,MIT,Transitive,0,package-lock.json,package-lock.json
2662,quick-format-unescaped,4.0.4,npm,,MIT,Transitive,0,package-lock.json,package-lock.json
2663,registry-auth-token,5.1.1,npm,,,Transitive,0,package-lock.json,package-lock.json
2664,@azure/core-http-compat,2.3.2,npm,,,Transitive,0,package-lock.json,package-lock.json
2665,slice-ansi,5.0.0,npm,,MIT,Transitive,0,package-lock.json,package-lock.json
2666,mdast-util-phrasing,4.1.0,npm,,MIT,Transitive,0,package-lock.json,package-lock.json
2667,@esbuild/android-arm,0.25.12,npm,,,Transitive,0,package-lock.json,package-lock.json
2668,@babel/plugin-transform-parameters,7.27.7,npm,,,Transitive,0,package-lock.json,package-lock.json
2669,@mux/playback-core,0.27.0,npm,,MIT,Transitive,0,package-lock.json,package-lock.json
2670,@rollup/rollup-win32-ia32-msvc,4.59.0,npm,,,Transitive,0,package-lock.json,package-lock.json
2671,encodeurl,2.0.0,npm,,MIT,Transitive,0,package-lock.json,package-lock.json
2672,iconv-lite,0.6.3,npm,,MIT,Transitive,0,package-lock.json,package-lock.json
2673,@esbuild/win32-ia32,0.25.12,npm,,,Transitive,0,package-lock.json,package-lock.json
2674,needle,3.5.0,npm,,,Transitive,0,package-lock.json,package-lock.json
2675,@esbuild/darwin-arm64,0.20.2,npm,,MIT,Transitive,0,package-lock.json,package-lock.json
2676,@types/jsdom,20.0.1,npm,,MIT,Transitive,0,package-lock.json,package-lock.json
2677,@rspack/core,1.7.9,npm,,,Transitive,0,package-lock.json,package-lock.json
2678,marked,4.3.0,npm,,,Transitive,0,package-lock.json,package-lock.json
2679,possible-typed-array-names,1.1.0,npm,,,Transitive,0,package-lock.json,package-lock.json
2680,why-is-node-running,2.3.0,npm,,MIT,Transitive,0,package-lock.json,package-lock.json
2681,@vitest/ui,3.2.4,npm,,,Direct,0,package-lock.json,package-lock.json
2682,ssf,0.11.2,npm,,Apache-2.0,Transitive,0,package-lock.json,package-lock.json
2683,redux-thunk,2.4.2,npm,,,Transitive,0,package-lock.json,package-lock.json
2684,compare-func,2.0.0,npm,,MIT,Transitive,0,package-lock.json,package-lock.json
2685,quansync,0.2.11,npm,,,Transitive,0,package-lock.json,package-lock.json
2686,@rushstack/node-core-library,5.20.3,npm,,,Transitive,0,package-lock.json,package-lock.json
2687,jest-environment-node,29.7.0,npm,,MIT,Direct,0,package-lock.json,package-lock.json
2688,kolorist,1.8.0,npm,,MIT,Transitive,0,package-lock.json,package-lock.json
2689,@types/oauth,0.9.6,npm,,MIT,Transitive,0,package-lock.json,package-lock.json
2690,asn1.js,5.4.1,npm,,MIT,Transitive,0,package-lock.json,package-lock.json
2691,clone,1.0.4,npm,,,Transitive,0,package-lock.json,package-lock.json
2692,locate-path,7.2.0,npm,,MIT,Transitive,0,package-lock.json,package-lock.json
2693,is-unicode-supported,1.3.0,npm,,MIT,Transitive,0,package-lock.json,package-lock.json
2694,espree,10.4.0,npm,,,Transitive,0,package-lock.json,package-lock.json
2695,json-parse-even-better-errors,2.3.1,npm,,MIT,Transitive,0,package-lock.json,package-lock.json
2696,jsonc-parser,3.2.0,npm,,MIT,Transitive,0,package-lock.json,package-lock.json
2697,rehype-raw,7.0.0,npm,,MIT,Direct,0,package-lock.json,package-lock.json
2698,@emotion/sheet,1.4.0,npm,,MIT,Transitive,0,package-lock.json,package-lock.json
2699,throttleit,1.0.1,npm,,MIT,Transitive,0,package-lock.json,package-lock.json
2700,@cypress/xvfb,1.2.4,npm,,MIT,Transitive,0,package-lock.json,package-lock.json
2701,d3-scale,4.0.2,npm,,,Transitive,0,package-lock.json,package-lock.json
2702,jest-resolve-dependencies,29.7.0,npm,,MIT,Transitive,0,package-lock.json,package-lock.json
2703,log-update,4.0.0,npm,,MIT,Transitive,0,package-lock.json,package-lock.json
2704,@jsonjoy.com/base64,1.1.2,npm,,Apache-2.0,Transitive,0,package-lock.json,package-lock.json
2705,degenerator,5.0.1,npm,,MIT,Transitive,0,package-lock.json,package-lock.json
2706,@babel/plugin-transform-nullish-coalescing-operator,7.28.6,npm,,,Transitive,0,package-lock.json,package-lock.json
2707,@pinojs/redact,0.4.0,npm,,,Transitive,0,package-lock.json,package-lock.json
2708,@types/deep-eql,4.0.2,npm,,MIT,Transitive,0,package-lock.json,package-lock.json
2709,foreground-child,3.3.1,npm,,,Transitive,0,package-lock.json,package-lock.json
2710,apps/services/scheduler-service-e2e,0.0.1,npm,,,Transitive,0,package-lock.json,package-lock.json
2711,@babel/helper-replace-supers,7.28.6,npm,,,Transitive,0,package-lock.json,package-lock.json
2712,is-docker,2.2.1,npm,,MIT,Transitive,0,package-lock.json,package-lock.json
2713,openapi-types,12.1.3,npm,,MIT,Transitive,0,package-lock.json,package-lock.json
2714,detect-newline,4.0.1,npm,,MIT,Transitive,0,package-lock.json,package-lock.json
2715,@insurance-wellness-hub/wellness-service,,npm,,,Transitive,0,package-lock.json,package-lock.json
2716,@verdaccio/search-indexer,8.0.0-next-8.5,npm,,,Transitive,0,package-lock.json,package-lock.json
2717,colord,2.9.3,npm,,MIT,Transitive,0,package-lock.json,package-lock.json
2718,cosmiconfig-typescript-loader,6.2.0,npm,,,Transitive,0,package-lock.json,package-lock.json
2719,lowercase-keys,2.0.0,npm,,MIT,Transitive,0,package-lock.json,package-lock.json
2720,@codemirror/language,6.12.2,npm,,,Transitive,0,package-lock.json,package-lock.json
2721,semver,7.8.0,npm,,,Transitive,0,package-lock.json,package-lock.json
2722,@babel/helper-wrap-function,7.28.6,npm,,,Transitive,0,package-lock.json,package-lock.json
2723,@leichtgewicht/ip-codec,2.0.5,npm,,MIT,Transitive,0,package-lock.json,package-lock.json
2724,@types/http-errors,2.0.5,npm,,,Transitive,0,package-lock.json,package-lock.json
2725,colorette,2.0.19,npm,,MIT,Transitive,0,package-lock.json,package-lock.json
2726,parse5,7.3.0,npm,,,Transitive,0,package-lock.json,package-lock.json
2727,webidl-conversions,7.0.0,npm,,BSD-2-Clause,Transitive,0,package-lock.json,package-lock.json
2728,cookie,0.7.2,npm,,,Transitive,0,package-lock.json,package-lock.json
2729,form-data,4.0.5,npm,,,Transitive,0,package-lock.json,package-lock.json
2730,loose-envify,1.4.0,npm,,MIT,Transitive,0,package-lock.json,package-lock.json
2731,widest-line,3.1.0,npm,,MIT,Transitive,0,package-lock.json,package-lock.json
2732,@koa/cors,5.0.0,npm,,MIT,Transitive,0,package-lock.json,package-lock.json
2733,@nestjs/config,4.0.3,npm,,,Direct,0,package-lock.json,package-lock.json
2734,@typespec/ts-http-runtime,0.3.4,npm,,,Transitive,0,package-lock.json,package-lock.json
2735,@insurance-wellness-hub/scheduler-service,,npm,,,Transitive,0,package-lock.json,package-lock.json
2736,@radix-ui/react-collection,1.1.7,npm,,,Transitive,0,package-lock.json,package-lock.json
2737,has-proto,1.2.0,npm,,MIT,Transitive,0,package-lock.json,package-lock.json
2738,@humanwhocodes/retry,0.4.3,npm,,,Transitive,0,package-lock.json,package-lock.json
2739,http-deceiver,1.2.7,npm,,MIT,Transitive,0,package-lock.json,package-lock.json
2740,unicorn-magic,0.3.0,npm,,MIT,Transitive,0,package-lock.json,package-lock.json
2741,@radix-ui/react-roving-focus,1.1.11,npm,,,Transitive,0,package-lock.json,package-lock.json
2742,ansi-regex,5.0.1,npm,,,Transitive,0,package-lock.json,package-lock.json
2743,zip-stream,6.0.1,npm,,,Transitive,0,package-lock.json,package-lock.json
2744,@codemirror/lang-json,6.0.1,npm,,MIT,Transitive,0,package-lock.json,package-lock.json
2745,@hapi/bourne,3.0.0,npm,,BSD-3-Clause,Transitive,0,package-lock.json,package-lock.json
2746,@webpack-cli/serve,2.0.5,npm,,MIT,Transitive,0,package-lock.json,package-lock.json
2747,common-path-prefix,3.0.0,npm,,,Transitive,0,package-lock.json,package-lock.json
2748,memoize-one,5.2.1,npm,,MIT,Transitive,0,package-lock.json,package-lock.json
2749,@angular-devkit/core,16.0.1,npm,,MIT,Transitive,0,package-lock.json,package-lock.json
2750,lodash.isempty,4.4.0,npm,,MIT,Transitive,0,package-lock.json,package-lock.json
2751,@babel/plugin-bugfix-firefox-class-in-computed-class-key,7.28.5,npm,,,Transitive,0,package-lock.json,package-lock.json
2752,token-types,5.0.1,npm,,MIT,Transitive,0,package-lock.json,package-lock.json
2753,@radix-ui/react-use-rect,1.0.1,npm,,MIT,Transitive,0,package-lock.json,package-lock.json
2754,cli-progress,3.12.0,npm,,MIT,Transitive,0,package-lock.json,package-lock.json
2755,execa,4.1.0,npm,,MIT,Transitive,0,package-lock.json,package-lock.json
2756,mlly,1.8.1,npm,,,Transitive,0,package-lock.json,package-lock.json
2757,pg-protocol,1.13.0,npm,,,Transitive,0,package-lock.json,package-lock.json
2758,@insurance-wellness-hub/notification-service,,npm,,,Transitive,0,package-lock.json,package-lock.json
2759,postcss-ordered-values,6.0.2,npm,,MIT,Transitive,0,package-lock.json,package-lock.json
2760,@babel/plugin-syntax-async-generators,7.8.4,npm,,MIT,Transitive,0,package-lock.json,package-lock.json
2761,@divami-labs/nestjs-captcha,0.0.3,npm,,,Direct,0,package-lock.json,package-lock.json
2762,@angular-devkit/schematics,16.0.1,npm,,MIT,Transitive,0,package-lock.json,package-lock.json
2763,@radix-ui/number,1.0.1,npm,,MIT,Transitive,0,package-lock.json,package-lock.json
2764,@peculiar/asn1-x509-attr,2.6.1,npm,,,Transitive,0,package-lock.json,package-lock.json
2765,@esbuild/android-x64,0.25.12,npm,,,Transitive,0,package-lock.json,package-lock.json
2766,has-own-prop,2.0.0,npm,,MIT,Transitive,0,package-lock.json,package-lock.json
2767,nodemon,3.1.14,npm,,,Transitive,0,package-lock.json,package-lock.json
2768,@smithy/property-provider,4.2.12,npm,,,Transitive,0,package-lock.json,package-lock.json
2769,change-case,5.4.4,npm,,,Transitive,0,package-lock.json,package-lock.json
2770,@babel/helper-create-class-features-plugin,7.28.6,npm,,,Transitive,0,package-lock.json,package-lock.json
2771,@emotion/use-insertion-effect-with-fallbacks,1.2.0,npm,,,Transitive,0,package-lock.json,package-lock.json
2772,@mui/lab,6.0.0-dev.20240529-082515-213b5e33ab,npm,,,Direct,0,package-lock.json,package-lock.json
2773,acorn,8.16.0,npm,,,Transitive,0,package-lock.json,package-lock.json
2774,@parcel/watcher-linux-x64-musl,2.5.6,npm,,,Transitive,0,package-lock.json,package-lock.json
2775,@svgr/babel-preset,8.1.0,npm,,MIT,Transitive,0,package-lock.json,package-lock.json
2776,ansis,4.2.0,npm,,,Transitive,0,package-lock.json,package-lock.json
2777,@aws-sdk/util-endpoints,3.996.5,npm,,,Transitive,0,package-lock.json,package-lock.json
2778,react-slot-counter,3.3.2,npm,,,Direct,0,package-lock.json,package-lock.json
2779,agent-base,7.1.4,npm,,,Transitive,0,package-lock.json,package-lock.json
2780,bare-events,2.8.2,npm,,,Transitive,0,package-lock.json,package-lock.json
2781,less-loader,11.1.0,npm,,MIT,Transitive,0,package-lock.json,package-lock.json
2782,is-fullwidth-code-point,4.0.0,npm,,MIT,Transitive,0,package-lock.json,package-lock.json
2783,is-weakset,2.0.4,npm,,,Transitive,0,package-lock.json,package-lock.json
2784,postcss-normalize-string,6.0.2,npm,,MIT,Transitive,0,package-lock.json,package-lock.json
2785,@radix-ui/react-use-controllable-state,1.0.1,npm,,MIT,Transitive,0,package-lock.json,package-lock.json
2786,lines-and-columns,1.2.4,npm,,MIT,Transitive,0,package-lock.json,package-lock.json
2787,side-channel-weakmap,1.0.2,npm,,MIT,Transitive,0,package-lock.json,package-lock.json
2788,define-lazy-prop,3.0.0,npm,,MIT,Transitive,0,package-lock.json,package-lock.json
2789,apps/ui/ibp/node_modules/lucide-react,0.574.0,npm,,,Transitive,0,package-lock.json,package-lock.json
2790,@formatjs/intl,3.1.8,npm,,,Transitive,0,package-lock.json,package-lock.json
2791,process-nextick-args,2.0.1,npm,,MIT,Transitive,0,package-lock.json,package-lock.json
2792,regenerate,1.4.2,npm,,MIT,Transitive,0,package-lock.json,package-lock.json
2793,@napi-rs/canvas-win32-arm64-msvc,0.1.97,npm,,,Transitive,0,package-lock.json,package-lock.json
2794,d3-path,3.1.0,npm,,,Transitive,0,package-lock.json,package-lock.json
2795,typed-array-byte-length,1.0.3,npm,,,Transitive,0,package-lock.json,package-lock.json
2796,@radix-ui/react-menu,2.0.6,npm,,MIT,Transitive,0,package-lock.json,package-lock.json
2797,@radix-ui/react-roving-focus,1.0.4,npm,,MIT,Transitive,0,package-lock.json,package-lock.json
2798,postcss-minify-selectors,6.0.4,npm,,MIT,Transitive,0,package-lock.json,package-lock.json
2799,unicode-property-aliases-ecmascript,2.2.0,npm,,,Transitive,0,package-lock.json,package-lock.json
2800,@emotion/weak-memoize,0.4.0,npm,,MIT,Transitive,0,package-lock.json,package-lock.json
2801,@standard-schema/spec,1.1.0,npm,,,Transitive,0,package-lock.json,package-lock.json
2802,debug,4.4.1,npm,,,Transitive,0,package-lock.json,package-lock.json
2803,call-bind,1.0.8,npm,,MIT,Transitive,0,package-lock.json,package-lock.json
2804,@napi-rs/canvas-linux-arm64-gnu,0.1.97,npm,,,Transitive,0,package-lock.json,package-lock.json
2805,which,2.0.2,npm,,,Transitive,0,package-lock.json,package-lock.json
2806,data-uri-to-buffer,4.0.1,npm,,MIT,Transitive,0,package-lock.json,package-lock.json
2807,@rollup/rollup-linux-riscv64-musl,4.59.0,npm,,,Transitive,0,package-lock.json,package-lock.json
2808,assertion-error,2.0.1,npm,,MIT,Transitive,0,package-lock.json,package-lock.json
2809,compute-scroll-into-view,1.0.20,npm,,MIT,Transitive,0,package-lock.json,package-lock.json
2810,@module-federation/sdk,2.2.1,npm,,,Transitive,0,package-lock.json,package-lock.json
2811,fractional-indexing,3.2.0,npm,,,Transitive,0,package-lock.json,package-lock.json
2812,ast-types,0.16.1,npm,,MIT,Transitive,0,package-lock.json,package-lock.json
2813,regjsgen,0.8.0,npm,,MIT,Transitive,0,package-lock.json,package-lock.json
2814,restore-cursor,3.1.0,npm,,MIT,Transitive,0,package-lock.json,package-lock.json
2815,@date-io/date-fns,3.2.1,npm,,,Direct,0,package-lock.json,package-lock.json
2816,lodash.difference,4.5.0,npm,,MIT,Transitive,0,package-lock.json,package-lock.json
2817,commander,6.2.1,npm,,,Transitive,0,package-lock.json,package-lock.json
2818,error-stack-parser,2.1.4,npm,,MIT,Transitive,0,package-lock.json,package-lock.json
2819,escape-html,1.0.3,npm,,MIT,Transitive,0,package-lock.json,package-lock.json
2820,pg-int8,1.0.1,npm,,,Transitive,0,package-lock.json,package-lock.json
2821,tiny-invariant,1.0.6,npm,,MIT,Transitive,0,package-lock.json,package-lock.json
2822,@babel/plugin-transform-react-constant-elements,7.27.1,npm,,,Transitive,0,package-lock.json,package-lock.json
2823,@types/mime,1.3.5,npm,,MIT,Transitive,0,package-lock.json,package-lock.json
2824,node-plop,0.32.3,npm,,,Transitive,0,package-lock.json,package-lock.json
2825,universalify,0.1.2,npm,,MIT,Transitive,0,package-lock.json,package-lock.json
2826,get-latest-version,5.1.0,npm,,MIT,Transitive,0,package-lock.json,package-lock.json
2827,@types/multer,1.4.12,npm,,MIT,Direct,0,apps/services/ai-service/package.json,apps/services/ai-service/package.json
2828,os-paths,7.4.0,npm,,MIT,Transitive,0,package-lock.json,package-lock.json
2829,@vitest/snapshot,3.2.4,npm,,,Transitive,0,package-lock.json,package-lock.json
2830,@esbuild/freebsd-arm64,0.25.12,npm,,,Transitive,0,package-lock.json,package-lock.json
2831,parseurl,1.3.3,npm,,MIT,Transitive,0,package-lock.json,package-lock.json
2832,@rspack/binding-win32-ia32-msvc,1.7.9,npm,,,Transitive,0,package-lock.json,package-lock.json
2833,@types/sinonjs__fake-timers,8.1.1,npm,,MIT,Transitive,0,package-lock.json,package-lock.json
2834,reselect,5.1.1,npm,,MIT,Transitive,0,package-lock.json,package-lock.json
2835,rgbcolor,1.0.1,npm,,,Transitive,0,package-lock.json,package-lock.json
2836,babel-plugin-polyfill-corejs3,0.14.2,npm,,,Transitive,0,package-lock.json,package-lock.json
2837,@emotion/cache,11.14.0,npm,,,Transitive,0,package-lock.json,package-lock.json
2838,@rushstack/terminal,0.22.3,npm,,,Transitive,0,package-lock.json,package-lock.json
2839,babel-preset-jest,29.6.3,npm,,MIT,Transitive,0,package-lock.json,package-lock.json
2840,corser,2.0.1,npm,,MIT,Transitive,0,package-lock.json,package-lock.json
2841,identity-obj-proxy,3.0.0,npm,,MIT,Transitive,0,package-lock.json,package-lock.json
2842,micromark-util-decode-numeric-character-reference,2.0.2,npm,,MIT,Transitive,0,package-lock.json,package-lock.json
2843,etag,1.8.1,npm,,MIT,Transitive,0,package-lock.json,package-lock.json
2844,object.entries,1.1.9,npm,,,Transitive,0,package-lock.json,package-lock.json
2845,undefsafe,2.0.5,npm,,MIT,Transitive,0,package-lock.json,package-lock.json
2846,@typescript-eslint/utils,8.19.0,npm,,,Transitive,0,package-lock.json,package-lock.json
2847,binary,0.3.0,npm,,,Transitive,0,package-lock.json,package-lock.json
2848,node-schedule,2.1.1,npm,,,Transitive,0,package-lock.json,package-lock.json
2849,react-remove-scroll,2.5.10,npm,,MIT,Transitive,0,package-lock.json,package-lock.json
2850,unique-string,2.0.0,npm,,MIT,Transitive,0,package-lock.json,package-lock.json
2851,@jest/fake-timers,29.7.0,npm,,MIT,Transitive,0,package-lock.json,package-lock.json
2852,commander,12.1.0,npm,,,Transitive,0,package-lock.json,package-lock.json
2853,@ucast/core,1.10.2,npm,,Apache-2.0,Transitive,0,package-lock.json,package-lock.json
2854,ipaddr.js,1.9.1,npm,,MIT,Transitive,0,package-lock.json,package-lock.json
2855,object.defaults,1.1.0,npm,,MIT,Transitive,0,package-lock.json,package-lock.json
2856,react-remove-scroll-bar,2.3.8,npm,,,Transitive,0,package-lock.json,package-lock.json
2857,html-minifier-terser,6.1.0,npm,,MIT,Transitive,0,package-lock.json,package-lock.json
2858,es6-error,4.1.1,npm,,MIT,Transitive,0,package-lock.json,package-lock.json
2859,filenamify,5.1.1,npm,,MIT,Transitive,0,package-lock.json,package-lock.json
2860,@babel/types,7.29.0,npm,,,Transitive,0,package-lock.json,package-lock.json
2861,@rollup/rollup-linux-riscv64-gnu,4.59.0,npm,,,Transitive,0,package-lock.json,package-lock.json
2862,punycode.js,2.3.1,npm,,MIT,Transitive,0,package-lock.json,package-lock.json
2863,@esbuild/linux-ppc64,0.25.12,npm,,,Transitive,0,package-lock.json,package-lock.json
2864,chardet,2.1.1,npm,,,Transitive,0,package-lock.json,package-lock.json
2865,@types/aria-query,5.0.4,npm,,MIT,Transitive,0,package-lock.json,package-lock.json
2866,resolve,2.0.0-next.6,npm,,,Transitive,0,package-lock.json,package-lock.json
2867,react-quill,2.0.0,npm,,MIT,Direct,0,package-lock.json,package-lock.json
2868,ag-grid-react,33.3.2,npm,,,Direct,0,package-lock.json,package-lock.json
2869,esquery,1.7.0,npm,,,Transitive,0,package-lock.json,package-lock.json
2870,is-class-hotfix,0.0.6,npm,,MIT,Transitive,0,package-lock.json,package-lock.json
2871,@gsap/react,2.1.2,npm,,,Direct,0,package-lock.json,package-lock.json
2872,compare-versions,6.1.1,npm,,MIT,Transitive,0,package-lock.json,package-lock.json
2873,compress-commons,6.0.2,npm,,MIT,Transitive,0,package-lock.json,package-lock.json
2874,resolve-from,4.0.0,npm,,MIT,Transitive,0,package-lock.json,package-lock.json
2875,is-relative,1.0.0,npm,,MIT,Transitive,0,package-lock.json,package-lock.json
2876,minimalistic-assert,1.0.1,npm,,,Transitive,0,package-lock.json,package-lock.json
2877,path-is-absolute,1.0.1,npm,,MIT,Transitive,0,package-lock.json,package-lock.json
2878,@radix-ui/react-tabs,1.0.4,npm,,MIT,Transitive,0,package-lock.json,package-lock.json
2879,@swc/core-linux-x64-gnu,1.5.29,npm,,MIT,Transitive,0,package-lock.json,package-lock.json
2880,react-intl,7.1.14,npm,,,Transitive,0,package-lock.json,package-lock.json
2881,source-map,0.5.7,npm,,BSD-3-Clause,Transitive,0,package-lock.json,package-lock.json
2882,cliui,7.0.4,npm,,,Transitive,0,package-lock.json,package-lock.json
2883,@rspack/binding-win32-x64-msvc,1.7.9,npm,,,Transitive,0,package-lock.json,package-lock.json
2884,is-generator-function,1.1.2,npm,,,Transitive,0,package-lock.json,package-lock.json
2885,jest-circus,29.7.0,npm,,MIT,Transitive,0,package-lock.json,package-lock.json
2886,cli-spinners,2.9.2,npm,,MIT,Transitive,0,package-lock.json,package-lock.json
2887,read-pkg,5.2.0,npm,,MIT,Transitive,0,package-lock.json,package-lock.json
2888,space-separated-tokens,2.0.2,npm,,MIT,Transitive,0,package-lock.json,package-lock.json
2889,@babel/plugin-proposal-private-property-in-object,7.21.0-placeholder-for-preset-env.2,npm,,,Transitive,0,package-lock.json,package-lock.json
2890,@napi-rs/nice-android-arm-eabi,1.1.1,npm,,,Transitive,0,package-lock.json,package-lock.json
2891,@smithy/shared-ini-file-loader,4.4.7,npm,,,Transitive,0,package-lock.json,package-lock.json
2892,comment-json,4.2.5,npm,,MIT,Transitive,0,package-lock.json,package-lock.json
2893,type-fest,4.41.0,npm,,,Transitive,0,package-lock.json,package-lock.json
2894,@microsoft/tsdoc-config,0.18.1,npm,,,Transitive,0,package-lock.json,package-lock.json
2895,bare-os,3.8.0,npm,,,Transitive,0,package-lock.json,package-lock.json
2896,emittery,0.13.1,npm,,MIT,Transitive,0,package-lock.json,package-lock.json
2897,body-parser,2.2.2,npm,,,Transitive,0,package-lock.json,package-lock.json
2898,color-name,1.1.4,npm,,MIT,Transitive,0,package-lock.json,package-lock.json
2899,peek-readable,5.4.2,npm,,,Transitive,0,package-lock.json,package-lock.json
2900,use-memo-one,1.1.3,npm,,MIT,Transitive,0,package-lock.json,package-lock.json
2901,eventemitter3,2.0.3,npm,,MIT,Transitive,0,package-lock.json,package-lock.json
2902,ajv,8.18.0,npm,,,Transitive,0,package-lock.json,package-lock.json
2903,entities,6.0.1,npm,,,Transitive,0,package-lock.json,package-lock.json
2904,parse-url,8.1.0,npm,,MIT,Transitive,0,package-lock.json,package-lock.json
2905,run-async,2.4.1,npm,,MIT,Transitive,0,package-lock.json,package-lock.json
2906,winston-transport,4.9.0,npm,,MIT,Transitive,0,package-lock.json,package-lock.json
2907,@img/sharp-linuxmusl-x64,0.33.5,npm,,Apache-2.0,Transitive,0,package-lock.json,package-lock.json
2908,@verdaccio/logger,8.0.0-next-8.33,npm,,,Transitive,0,package-lock.json,package-lock.json
2909,ansi-styles,6.2.3,npm,,,Transitive,0,package-lock.json,package-lock.json
2910,koa-convert,2.0.0,npm,,MIT,Transitive,0,package-lock.json,package-lock.json
2911,@babel/plugin-transform-optional-catch-binding,7.28.6,npm,,,Transitive,0,package-lock.json,package-lock.json
2912,lockfile,1.0.4,npm,,,Transitive,0,package-lock.json,package-lock.json
2913,react-transition-group,4.4.5,npm,,BSD-3-Clause,Transitive,0,package-lock.json,package-lock.json
2914,wmf,1.0.2,npm,,Apache-2.0,Transitive,0,package-lock.json,package-lock.json
2915,@babel/plugin-transform-function-name,7.27.1,npm,,,Transitive,0,package-lock.json,package-lock.json
2916,slice-ansi,7.1.2,npm,,,Transitive,0,package-lock.json,package-lock.json
2917,sha.js,2.4.12,npm,,,Transitive,0,package-lock.json,package-lock.json
2918,@azure/core-tracing,1.3.1,npm,,,Transitive,0,package-lock.json,package-lock.json
2919,sync-child-process,1.0.2,npm,,MIT,Transitive,0,package-lock.json,package-lock.json
2920,@img/sharp-linux-s390x,0.33.5,npm,,Apache-2.0,Transitive,0,package-lock.json,package-lock.json
2921,@napi-rs/nice-linux-arm64-gnu,1.1.1,npm,,,Transitive,0,package-lock.json,package-lock.json
2922,strip-bom,4.0.0,npm,,MIT,Transitive,0,package-lock.json,package-lock.json
2923,rambda,9.4.2,npm,,,Transitive,0,package-lock.json,package-lock.json
2924,roarr,2.15.4,npm,,BSD-3-Clause,Transitive,0,package-lock.json,package-lock.json
2925,globals,14.0.0,npm,,MIT,Transitive,0,package-lock.json,package-lock.json
2926,merge-stream,2.0.0,npm,,MIT,Transitive,0,package-lock.json,package-lock.json
2927,pure-rand,6.1.0,npm,,MIT,Transitive,0,package-lock.json,package-lock.json
2928,@types/hoist-non-react-statics,3.3.7,npm,,,Transitive,0,package-lock.json,package-lock.json
2929,is-wsl,3.1.1,npm,,,Transitive,0,package-lock.json,package-lock.json
2930,zip-stream,4.1.1,npm,,,Transitive,0,package-lock.json,package-lock.json
2931,micromark-factory-destination,2.0.1,npm,,MIT,Transitive,0,package-lock.json,package-lock.json
2932,@codemirror/commands,6.10.3,npm,,,Transitive,0,package-lock.json,package-lock.json
2933,@insurance-wellness-hub/connector-service,,npm,,,Transitive,0,package-lock.json,package-lock.json
2934,micromark,4.0.2,npm,,,Transitive,0,package-lock.json,package-lock.json
2935,normalize-url,6.1.0,npm,,MIT,Transitive,0,package-lock.json,package-lock.json
2936,title-case,4.3.2,npm,,MIT,Transitive,0,package-lock.json,package-lock.json
2937,@ucast/mongo,2.4.3,npm,,Apache-2.0,Transitive,0,package-lock.json,package-lock.json
2938,which,1.3.1,npm,,,Transitive,0,package-lock.json,package-lock.json
2939,parchment,1.1.4,npm,,BSD-3-Clause,Transitive,0,package-lock.json,package-lock.json
2940,@esbuild/sunos-x64,0.20.2,npm,,MIT,Transitive,0,package-lock.json,package-lock.json
2941,@types/unist,3.0.3,npm,,MIT,Transitive,0,package-lock.json,package-lock.json
2942,import-meta-resolve,4.2.0,npm,,,Transitive,0,package-lock.json,package-lock.json
2943,@emotion/unitless,0.10.0,npm,,MIT,Transitive,0,package-lock.json,package-lock.json
2944,@napi-rs/canvas,0.1.97,npm,,,Transitive,0,package-lock.json,package-lock.json
2945,data-uri-to-buffer,6.0.2,npm,,,Transitive,0,package-lock.json,package-lock.json
2946,@module-federation/managers,2.2.1,npm,,,Transitive,0,package-lock.json,package-lock.json
2947,@strapi/generators,5.39.0,npm,,,Transitive,0,package-lock.json,package-lock.json
2948,@strapi/design-system,2.2.0,npm,,,Transitive,0,package-lock.json,package-lock.json
2949,@tanstack/virtual-core,3.13.23,npm,,,Transitive,0,package-lock.json,package-lock.json
2950,jsonfile,6.2.0,npm,,,Transitive,0,package-lock.json,package-lock.json
2951,@napi-rs/nice,1.1.1,npm,,,Transitive,0,package-lock.json,package-lock.json
2952,@mui/material,6.5.0,npm,,,Direct,0,package-lock.json,package-lock.json
2953,fs-extra,11.2.0,npm,,MIT,Transitive,0,package-lock.json,package-lock.json
2954,git-hooks-list,3.2.0,npm,,,Transitive,0,package-lock.json,package-lock.json
2955,koa-passport,6.0.0,npm,,MIT,Transitive,0,package-lock.json,package-lock.json
2956,@esbuild/freebsd-x64,0.25.12,npm,,,Transitive,0,package-lock.json,package-lock.json
2957,decompress-response,6.0.0,npm,,MIT,Transitive,0,package-lock.json,package-lock.json
2958,is-deflate,1.0.0,npm,,MIT,Transitive,0,package-lock.json,package-lock.json
2959,p-finally,1.0.0,npm,,MIT,Transitive,0,package-lock.json,package-lock.json
2960,@babel/runtime,7.29.2,npm,,,Transitive,0,package-lock.json,package-lock.json
2961,is-hexadecimal,2.0.1,npm,,MIT,Transitive,0,package-lock.json,package-lock.json
2962,napi-build-utils,2.0.0,npm,,,Transitive,0,package-lock.json,package-lock.json
2963,pretty-bytes,5.6.0,npm,,,Transitive,0,package-lock.json,package-lock.json
2964,@rollup/rollup-linux-ppc64-musl,4.59.0,npm,,,Transitive,0,package-lock.json,package-lock.json
2965,argparse,2.0.1,npm,,,Transitive,0,package-lock.json,package-lock.json
2966,cropperjs,1.6.1,npm,,MIT,Transitive,0,package-lock.json,package-lock.json
2967,detect-libc,2.1.2,npm,,,Transitive,0,package-lock.json,package-lock.json
2968,fast-deep-equal,3.1.3,npm,,MIT,Transitive,0,package-lock.json,package-lock.json
2969,koa-ip,2.1.4,npm,,,Transitive,0,package-lock.json,package-lock.json
2970,long-timeout,0.1.1,npm,,MIT,Transitive,0,package-lock.json,package-lock.json
2971,jest-regex-util,30.0.1,npm,,,Transitive,0,package-lock.json,package-lock.json
2972,array.prototype.flat,1.3.3,npm,,,Transitive,0,package-lock.json,package-lock.json
2973,dunder-proto,1.0.1,npm,,MIT,Transitive,0,package-lock.json,package-lock.json
2974,resolve-alpn,1.2.1,npm,,MIT,Transitive,0,package-lock.json,package-lock.json
2975,domutils,3.2.2,npm,,,Transitive,0,package-lock.json,package-lock.json
2976,jest-haste-map,29.7.0,npm,,MIT,Transitive,0,package-lock.json,package-lock.json
2977,mime-types,2.1.35,npm,,,Transitive,0,package-lock.json,package-lock.json
2978,react-query,3.39.3,npm,,,Transitive,0,package-lock.json,package-lock.json
2979,buffer,5.7.1,npm,,MIT,Transitive,0,package-lock.json,package-lock.json
2980,is-data-view,1.0.2,npm,,,Transitive,0,package-lock.json,package-lock.json
2981,relateurl,0.2.7,npm,,MIT,Transitive,0,package-lock.json,package-lock.json
2982,@azure/logger,1.3.0,npm,,,Transitive,0,package-lock.json,package-lock.json
2983,@eslint/eslintrc,3.3.5,npm,,,Transitive,0,package-lock.json,package-lock.json
2984,@formatjs/ecma402-abstract,2.3.6,npm,,,Transitive,0,package-lock.json,package-lock.json
2985,@typescript-eslint/eslint-plugin,8.19.0,npm,,,Transitive,0,package-lock.json,package-lock.json
2986,append-field,1.0.0,npm,,MIT,Transitive,0,package-lock.json,package-lock.json
2987,mdast-util-mdx-expression,2.0.1,npm,,MIT,Transitive,0,package-lock.json,package-lock.json
2988,is-inside-container,1.0.0,npm,,MIT,Transitive,0,package-lock.json,package-lock.json
2989,@babel/helper-remap-async-to-generator,7.27.1,npm,,,Transitive,0,package-lock.json,package-lock.json
2990,set-proto,1.0.0,npm,,MIT,Transitive,0,package-lock.json,package-lock.json
2991,apps/services/api-gateway,0.0.1,npm,,,Transitive,0,package-lock.json,package-lock.json
2992,@swc-node/register,1.9.2,npm,,MIT,Direct,0,package-lock.json,package-lock.json
2993,@verdaccio/core,8.0.0-next-8.21,npm,,,Transitive,0,package-lock.json,package-lock.json
2994,get-stream,5.2.0,npm,,MIT,Transitive,0,package-lock.json,package-lock.json
2995,echarts-for-react,3.0.6,npm,,,Direct,0,package-lock.json,package-lock.json
2996,safe-array-concat,1.1.3,npm,,,Transitive,0,package-lock.json,package-lock.json
2997,postcss-modules-local-by-default,4.2.0,npm,,,Transitive,0,package-lock.json,package-lock.json
2998,@vitest/expect,3.2.4,npm,,,Transitive,0,package-lock.json,package-lock.json
2999,@insurance-wellness-hub/opportunity-service-e2e,,npm,,,Transitive,0,package-lock.json,package-lock.json
3000,import-fresh,3.3.1,npm,,,Transitive,0,package-lock.json,package-lock.json
3001,@verdaccio/tarball,13.0.0-next-8.33,npm,,,Transitive,0,package-lock.json,package-lock.json
3002,uc.micro,2.1.0,npm,,MIT,Transitive,0,package-lock.json,package-lock.json
3003,pg-connection-string,2.6.1,npm,,MIT,Transitive,0,package-lock.json,package-lock.json
3004,ipaddr.js,2.3.0,npm,,,Transitive,0,package-lock.json,package-lock.json
3005,jsonparse,1.3.1,npm,,MIT,Transitive,0,package-lock.json,package-lock.json
3006,@module-federation/runtime-core,0.9.1,npm,,,Transitive,0,package-lock.json,package-lock.json
3007,jszip,3.10.1,npm,,MIT,Transitive,0,package-lock.json,package-lock.json
3008,@rollup/rollup-android-arm64,4.59.0,npm,,,Transitive,0,package-lock.json,package-lock.json
3009,@types/ms,2.1.0,npm,,,Transitive,0,package-lock.json,package-lock.json
3010,find-yarn-workspace-root2,1.2.16,npm,,Apache-2.0,Transitive,0,package-lock.json,package-lock.json
3011,lodash.kebabcase,4.1.1,npm,,MIT,Transitive,0,package-lock.json,package-lock.json
3012,apps/services/master-data-service-e2e,0.0.1,npm,,,Transitive,0,package-lock.json,package-lock.json
3013,@types/istanbul-lib-report,3.0.3,npm,,MIT,Transitive,0,package-lock.json,package-lock.json
3014,koa-compose,4.1.0,npm,,MIT,Transitive,0,package-lock.json,package-lock.json
3015,archiver,7.0.1,npm,,,Direct,0,package-lock.json,package-lock.json
3016,lru-cache,10.4.3,npm,,,Transitive,0,package-lock.json,package-lock.json
3017,luxon,3.7.2,npm,,,Transitive,0,package-lock.json,package-lock.json
3018,@babel/plugin-syntax-json-strings,7.8.3,npm,,MIT,Transitive,0,package-lock.json,package-lock.json
3019,@insurance-wellness-hub/container,,npm,,,Transitive,0,package-lock.json,package-lock.json
3020,@smithy/smithy-client,4.12.6,npm,,,Transitive,0,package-lock.json,package-lock.json
3021,events,1.1.1,npm,,,Transitive,0,package-lock.json,package-lock.json
3022,ccount,2.0.1,npm,,MIT,Transitive,0,package-lock.json,package-lock.json
3023,estree-util-is-identifier-name,3.0.0,npm,,MIT,Transitive,0,package-lock.json,package-lock.json
3024,os-filter-obj,2.0.0,npm,,MIT,Transitive,0,package-lock.json,package-lock.json
3025,mimic-response,3.1.0,npm,,MIT,Transitive,0,package-lock.json,package-lock.json
3026,@aws-crypto/sha256-js,5.2.0,npm,,Apache-2.0,Transitive,0,package-lock.json,package-lock.json
3027,loupe,3.2.1,npm,,,Transitive,0,package-lock.json,package-lock.json
3028,@esbuild/darwin-x64,0.25.12,npm,,,Transitive,0,package-lock.json,package-lock.json
3029,wildcard,2.0.1,npm,,MIT,Transitive,0,package-lock.json,package-lock.json
3030,@radix-ui/react-visually-hidden,1.0.3,npm,,MIT,Transitive,0,package-lock.json,package-lock.json
3031,envinfo,7.21.0,npm,,,Transitive,0,package-lock.json,package-lock.json
3032,@napi-rs/nice-linux-riscv64-gnu,1.1.1,npm,,,Transitive,0,package-lock.json,package-lock.json
3033,slice-ansi,4.0.0,npm,,MIT,Transitive,0,package-lock.json,package-lock.json
3034,mime,1.6.0,npm,,,Transitive,0,package-lock.json,package-lock.json
3035,spdx-license-ids,3.0.23,npm,,,Transitive,0,package-lock.json,package-lock.json
3036,d3-format,3.1.2,npm,,,Transitive,0,package-lock.json,package-lock.json
3037,istanbul-reports,3.2.0,npm,,,Transitive,0,package-lock.json,package-lock.json
3038,react-markdown,10.1.0,npm,,,Direct,0,package-lock.json,package-lock.json
3039,@insurance-wellness-hub/service-lib,,npm,,,Transitive,0,package-lock.json,package-lock.json
3040,path-browserify,1.0.1,npm,,MIT,Transitive,0,package-lock.json,package-lock.json
3041,@cspotcode/source-map-support,0.8.1,npm,,MIT,Transitive,0,package-lock.json,package-lock.json
3042,@insurance-wellness-hub/org-service,,npm,,,Transitive,0,package-lock.json,package-lock.json
3043,@napi-rs/nice-android-arm64,1.1.1,npm,,,Transitive,0,package-lock.json,package-lock.json
3044,@module-federation/runtime-core,0.22.0,npm,,,Transitive,0,package-lock.json,package-lock.json
3045,@tsconfig/node16,1.0.4,npm,,MIT,Transitive,0,package-lock.json,package-lock.json
3046,@types/http-cache-semantics,4.2.0,npm,,,Transitive,0,package-lock.json,package-lock.json
3047,http-proxy-agent,7.0.2,npm,,MIT,Transitive,0,package-lock.json,package-lock.json
3048,iobuffer,5.4.0,npm,,,Transitive,0,package-lock.json,package-lock.json
3049,default-browser-id,5.0.1,npm,,,Transitive,0,package-lock.json,package-lock.json
3050,delegates,1.0.0,npm,,,Transitive,0,package-lock.json,package-lock.json
3051,unix-crypt-td-js,1.1.4,npm,,BSD-3-Clause,Transitive,0,package-lock.json,package-lock.json
3052,@module-federation/third-party-dts-extractor,2.2.1,npm,,,Transitive,0,package-lock.json,package-lock.json
3053,agent-base,6.0.2,npm,,MIT,Transitive,0,package-lock.json,package-lock.json
3054,cli-truncate,4.0.0,npm,,MIT,Transitive,0,package-lock.json,package-lock.json
3055,validate-npm-package-name,5.0.1,npm,,,Transitive,0,package-lock.json,package-lock.json
3056,@tootallnate/quickjs-emscripten,0.23.0,npm,,MIT,Transitive,0,package-lock.json,package-lock.json
3057,@typescript-eslint/project-service,8.57.1,npm,,,Transitive,0,package-lock.json,package-lock.json
3058,http-cache-semantics,4.2.0,npm,,,Transitive,0,package-lock.json,package-lock.json
3059,babel-plugin-jest-hoist,29.6.3,npm,,MIT,Transitive,0,package-lock.json,package-lock.json
3060,event-target-shim,5.0.1,npm,,MIT,Transitive,0,package-lock.json,package-lock.json
3061,shallow-clone,3.0.1,npm,,MIT,Transitive,0,package-lock.json,package-lock.json
3062,@mui/types,7.2.24,npm,,,Transitive,0,package-lock.json,package-lock.json
3063,harmony-reflect,1.6.2,npm,,Apache-2.0,Transitive,0,package-lock.json,package-lock.json
3064,object.map,1.0.1,npm,,MIT,Transitive,0,package-lock.json,package-lock.json
3065,string.prototype.repeat,1.0.0,npm,,MIT,Transitive,0,package-lock.json,package-lock.json
3066,css-select,5.2.2,npm,,,Transitive,0,package-lock.json,package-lock.json
3067,@smithy/service-error-classification,4.2.12,npm,,,Transitive,0,package-lock.json,package-lock.json
3068,fs-extra,8.1.0,npm,,MIT,Transitive,0,package-lock.json,package-lock.json
3069,@dnd-kit/core,6.3.1,npm,,MIT,Transitive,0,package-lock.json,package-lock.json
3070,@radix-ui/react-toggle,1.0.3,npm,,MIT,Transitive,0,package-lock.json,package-lock.json
3071,@types/json-schema,7.0.15,npm,,MIT,Transitive,0,package-lock.json,package-lock.json
3072,dedent,1.7.2,npm,,,Transitive,0,package-lock.json,package-lock.json
3073,mdast-util-to-markdown,2.1.2,npm,,MIT,Transitive,0,package-lock.json,package-lock.json
3074,micromark-extension-gfm-table,2.1.1,npm,,,Transitive,0,package-lock.json,package-lock.json
3075,@commitlint/lint,19.8.1,npm,,,Transitive,0,package-lock.json,package-lock.json
3076,@types/argparse,1.0.38,npm,,MIT,Transitive,0,package-lock.json,package-lock.json
3077,addressparser,1.0.1,npm,,MIT,Transitive,0,package-lock.json,package-lock.json
3078,array-timsort,1.0.3,npm,,MIT,Transitive,0,package-lock.json,package-lock.json
3079,postcss-calc,9.0.1,npm,,MIT,Transitive,0,package-lock.json,package-lock.json
3080,@babel/plugin-transform-regenerator,7.29.0,npm,,,Transitive,0,package-lock.json,package-lock.json
3081,postcss-normalize-unicode,6.1.0,npm,,MIT,Transitive,0,package-lock.json,package-lock.json
3082,tough-cookie,4.1.4,npm,,BSD-3-Clause,Transitive,0,package-lock.json,package-lock.json
3083,@radix-ui/react-accordion,1.1.2,npm,,MIT,Transitive,0,package-lock.json,package-lock.json
3084,is-arrayish,0.2.1,npm,,MIT,Transitive,0,package-lock.json,package-lock.json
3085,tinyglobby,0.2.15,npm,,,Transitive,0,package-lock.json,package-lock.json
3086,lucide-react,0.575.0,npm,,,Direct,0,package-lock.json,package-lock.json
3087,enabled,2.0.0,npm,,MIT,Transitive,0,package-lock.json,package-lock.json
3088,memoize-one,6.0.0,npm,,MIT,Transitive,0,package-lock.json,package-lock.json
3089,character-reference-invalid,2.0.1,npm,,MIT,Transitive,0,package-lock.json,package-lock.json
3090,defaults,1.0.4,npm,,MIT,Transitive,0,package-lock.json,package-lock.json
3091,motion,12.23.24,npm,,,Transitive,0,package-lock.json,package-lock.json
3092,is-fullwidth-code-point,3.0.0,npm,,MIT,Transitive,0,package-lock.json,package-lock.json
3093,path-exists,5.0.0,npm,,MIT,Transitive,0,package-lock.json,package-lock.json
3094,@babel/helper-globals,7.28.0,npm,,,Transitive,0,package-lock.json,package-lock.json
3095,@rollup/rollup-win32-x64-msvc,4.59.0,npm,,,Transitive,0,package-lock.json,package-lock.json
3096,jmespath,0.16.0,npm,,,Transitive,0,package-lock.json,package-lock.json
3097,make-dir,2.1.0,npm,,MIT,Transitive,0,package-lock.json,package-lock.json
3098,reflect-metadata,0.2.2,npm,,,Direct,0,package-lock.json,package-lock.json
3099,unicode-match-property-value-ecmascript,2.2.1,npm,,,Transitive,0,package-lock.json,package-lock.json
3100,@babel/plugin-transform-async-to-generator,7.28.6,npm,,,Transitive,0,package-lock.json,package-lock.json
3101,@webassemblyjs/helper-numbers,1.13.2,npm,,MIT,Transitive,0,package-lock.json,package-lock.json
3102,postcss-colormin,6.1.0,npm,,MIT,Transitive,0,package-lock.json,package-lock.json
3103,varint,6.0.0,npm,,MIT,Transitive,0,package-lock.json,package-lock.json
3104,@napi-rs/nice-openharmony-arm64,1.1.1,npm,,,Transitive,0,package-lock.json,package-lock.json
3105,typescript,5.4.4,npm,,,Direct,0,package-lock.json,package-lock.json
3106,npm-package-arg,11.0.1,npm,,,Transitive,0,package-lock.json,package-lock.json
3107,is-plain-obj,4.1.0,npm,,MIT,Transitive,0,package-lock.json,package-lock.json
3108,@swc/core-darwin-x64,1.5.29,npm,,MIT,Transitive,0,package-lock.json,package-lock.json
3109,libmime,2.1.0,npm,,MIT,Transitive,0,package-lock.json,package-lock.json
3110,typescript-eslint,8.19.0,npm,,,Direct,0,package-lock.json,package-lock.json
3111,@aws-sdk/credential-provider-login,3.972.20,npm,,,Transitive,0,package-lock.json,package-lock.json
3112,@types/passport-oauth2,1.8.0,npm,,,Transitive,0,package-lock.json,package-lock.json
3113,path-key,3.1.1,npm,,MIT,Transitive,0,package-lock.json,package-lock.json
3114,apps/ui/ui-lib,0.0.1,npm,,,Transitive,0,package-lock.json,package-lock.json
3115,esbuild-loader,4.3.0,npm,,,Transitive,0,package-lock.json,package-lock.json
3116,standard-as-callback,2.1.0,npm,,MIT,Transitive,0,package-lock.json,package-lock.json
3117,@babel/helper-module-transforms,7.28.6,npm,,,Transitive,0,package-lock.json,package-lock.json
3118,@rushstack/terminal,0.15.2,npm,,,Transitive,0,package-lock.json,package-lock.json
3119,ast-types,0.13.4,npm,,MIT,Transitive,0,package-lock.json,package-lock.json
3120,@napi-rs/wasm-runtime,0.2.4,npm,,MIT,Transitive,0,package-lock.json,package-lock.json
3121,pretty-error,4.0.0,npm,,MIT,Transitive,0,package-lock.json,package-lock.json
3122,@nestjs/typeorm,11.0.0,npm,,,Direct,0,package-lock.json,package-lock.json
3123,bare-fs,4.5.5,npm,,,Transitive,0,package-lock.json,package-lock.json
3124,is-alphanumerical,2.0.1,npm,,MIT,Transitive,0,package-lock.json,package-lock.json
3125,commander,2.20.3,npm,,,Transitive,0,package-lock.json,package-lock.json
3126,@nestjs/passport,11.0.5,npm,,,Direct,0,package-lock.json,package-lock.json
3127,clean-css,5.3.3,npm,,MIT,Transitive,0,package-lock.json,package-lock.json
3128,punycode,1.3.2,npm,,MIT,Transitive,0,package-lock.json,package-lock.json
3129,@babel/plugin-transform-block-scoped-functions,7.27.1,npm,,,Transitive,0,package-lock.json,package-lock.json
3130,@esbuild/linux-riscv64,0.25.12,npm,,,Transitive,0,package-lock.json,package-lock.json
3131,deepmerge,2.2.1,npm,,MIT,Transitive,0,package-lock.json,package-lock.json
3132,@rollup/rollup-linux-arm-gnueabihf,4.59.0,npm,,,Transitive,0,package-lock.json,package-lock.json
3133,mimic-function,5.0.1,npm,,MIT,Transitive,0,package-lock.json,package-lock.json
3134,@esbuild/linux-x64,0.25.12,npm,,,Transitive,0,package-lock.json,package-lock.json
3135,content-type,1.0.5,npm,,MIT,Transitive,0,package-lock.json,package-lock.json
3136,fsevents,2.3.3,npm,,,Transitive,0,package-lock.json,package-lock.json
3137,strip-json-comments,2.0.1,npm,,MIT,Transitive,0,package-lock.json,package-lock.json
3138,@nx/nx-linux-arm64-musl,20.6.1,npm,,,Transitive,0,package-lock.json,package-lock.json
3139,uid2,0.0.4,npm,,MIT,Transitive,0,package-lock.json,package-lock.json
3140,safe-buffer,5.1.2,npm,,MIT,Transitive,0,package-lock.json,package-lock.json
3141,websocket-extensions,0.1.4,npm,,Apache-2.0,Transitive,0,package-lock.json,package-lock.json
3142,@types/passport-google-oauth20,2.0.17,npm,,,Direct,0,package-lock.json,package-lock.json
3143,ioredis,5.10.0,npm,,,Direct,0,package-lock.json,package-lock.json
3144,@esbuild/linux-arm,0.20.2,npm,,MIT,Transitive,0,package-lock.json,package-lock.json
3145,cli-boxes,2.2.1,npm,,MIT,Transitive,0,package-lock.json,package-lock.json
3146,@smithy/types,4.13.1,npm,,,Transitive,0,package-lock.json,package-lock.json
3147,@types/json5,0.0.29,npm,,MIT,Transitive,0,package-lock.json,package-lock.json
3148,is-bigint,1.1.0,npm,,MIT,Transitive,0,package-lock.json,package-lock.json
3149,lodash.merge,4.6.2,npm,,MIT,Transitive,0,package-lock.json,package-lock.json
3150,@divami-labs/react-captcha,0.0.1,npm,,,Direct,0,package-lock.json,package-lock.json
3151,@insurance-wellness-hub/admin,,npm,,,Transitive,0,package-lock.json,package-lock.json
3152,@module-federation/node,2.7.35,npm,,,Transitive,0,package-lock.json,package-lock.json
3153,strip-ansi,7.2.0,npm,,,Transitive,0,package-lock.json,package-lock.json
3154,@babel/template,7.28.6,npm,,,Transitive,0,package-lock.json,package-lock.json
3155,jest-pnp-resolver,1.2.3,npm,,MIT,Transitive,0,package-lock.json,package-lock.json
3156,lilconfig,3.1.3,npm,,MIT,Transitive,0,package-lock.json,package-lock.json
3157,memfs,4.56.11,npm,,,Transitive,0,package-lock.json,package-lock.json
3158,is-type-of,1.4.0,npm,,,Transitive,0,package-lock.json,package-lock.json
3159,css-what,6.2.2,npm,,,Transitive,0,package-lock.json,package-lock.json
3160,dayjs,1.11.20,npm,,,Transitive,0,package-lock.json,package-lock.json
3161,tslib,1.14.1,npm,,,Direct,0,package-lock.json,package-lock.json
3162,@mux/mux-player,3.1.0,npm,,MIT,Transitive,0,package-lock.json,package-lock.json
3163,@parcel/watcher-linux-arm-glibc,2.5.6,npm,,,Transitive,0,package-lock.json,package-lock.json
3164,@types/yargs-parser,21.0.3,npm,,MIT,Transitive,0,package-lock.json,package-lock.json
3165,math-intrinsics,1.1.0,npm,,MIT,Transitive,0,package-lock.json,package-lock.json
3166,mdast-util-gfm-footnote,2.1.0,npm,,,Transitive,0,package-lock.json,package-lock.json
3167,@jest/expect-utils,29.7.0,npm,,MIT,Transitive,0,package-lock.json,package-lock.json
3168,estree-walker,3.0.3,npm,,MIT,Transitive,0,package-lock.json,package-lock.json
3169,browserslist,4.28.1,npm,,,Transitive,0,package-lock.json,package-lock.json
3170,data-view-buffer,1.0.2,npm,,,Transitive,0,package-lock.json,package-lock.json
3171,@inquirer/figures,1.0.15,npm,,,Transitive,0,package-lock.json,package-lock.json
3172,jest-worker,27.5.1,npm,,MIT,Transitive,0,package-lock.json,package-lock.json
3173,@colors/colors,1.5.0,npm,,MIT,Transitive,0,package-lock.json,package-lock.json
3174,@types/estree,1.0.8,npm,,,Transitive,0,package-lock.json,package-lock.json
3175,@esbuild/linux-loong64,0.25.12,npm,,,Transitive,0,package-lock.json,package-lock.json
3176,eslint-scope,8.4.0,npm,,,Transitive,0,package-lock.json,package-lock.json
3177,hash.js,1.1.7,npm,,,Transitive,0,package-lock.json,package-lock.json
3178,@insurance-wellness-hub/ai-utility-service,,npm,,,Transitive,0,package-lock.json,package-lock.json
3179,chalk,3.0.0,npm,,MIT,Transitive,0,package-lock.json,package-lock.json
3180,jest-util,29.7.0,npm,,MIT,Transitive,0,package-lock.json,package-lock.json
3181,node-ensure,0.0.0,npm,,MIT,Transitive,0,package-lock.json,package-lock.json
3182,size-sensor,1.0.3,npm,,,Transitive,0,package-lock.json,package-lock.json
3183,@babel/plugin-syntax-unicode-sets-regex,7.18.6,npm,,MIT,Transitive,0,package-lock.json,package-lock.json
3184,clone,2.1.2,npm,,,Transitive,0,package-lock.json,package-lock.json
3185,@types/eslint,9.6.1,npm,,MIT,Transitive,0,package-lock.json,package-lock.json
3186,pirates,4.0.7,npm,,,Transitive,0,package-lock.json,package-lock.json
3187,source-map-js,1.2.1,npm,,BSD-3-Clause,Transitive,0,package-lock.json,package-lock.json
3188,address,1.2.2,npm,,,Transitive,0,package-lock.json,package-lock.json
3189,mimic-fn,4.0.0,npm,,MIT,Transitive,0,package-lock.json,package-lock.json
3190,lower-case,2.0.2,npm,,MIT,Transitive,0,package-lock.json,package-lock.json
3191,prr,1.0.1,npm,,MIT,Transitive,0,package-lock.json,package-lock.json
3192,@mui/styled-engine,6.5.0,npm,,,Transitive,0,package-lock.json,package-lock.json
3193,@module-federation/sdk,0.22.0,npm,,,Transitive,0,package-lock.json,package-lock.json
3194,apps/ui/container,0.0.1,npm,,,Transitive,0,package-lock.json,package-lock.json
3195,@bufbuild/protobuf,2.11.0,npm,,,Transitive,0,package-lock.json,package-lock.json
3196,globby,12.2.0,npm,,MIT,Transitive,0,package-lock.json,package-lock.json
3197,postcss-discard-overridden,6.0.2,npm,,MIT,Transitive,0,package-lock.json,package-lock.json
3198,find-root,1.1.0,npm,,MIT,Transitive,0,package-lock.json,package-lock.json
3199,dequal,2.0.3,npm,,MIT,Transitive,0,package-lock.json,package-lock.json
3200,sax,1.4.4,npm,,,Transitive,0,package-lock.json,package-lock.json
3201,array-buffer-byte-length,1.0.2,npm,,,Transitive,0,package-lock.json,package-lock.json
3202,pkg-types,2.3.0,npm,,,Transitive,0,package-lock.json,package-lock.json
3203,spdy,4.0.2,npm,,,Transitive,0,package-lock.json,package-lock.json
3204,yn,3.1.1,npm,,MIT,Transitive,0,package-lock.json,package-lock.json
3205,deep-extend,0.6.0,npm,,MIT,Transitive,0,package-lock.json,package-lock.json
3206,ext-list,2.2.2,npm,,MIT,Transitive,0,package-lock.json,package-lock.json
3207,yoctocolors,2.1.2,npm,,,Transitive,0,package-lock.json,package-lock.json
3208,npm-run-path,2.0.2,npm,,MIT,Transitive,0,package-lock.json,package-lock.json
3209,mux-embed,5.17.10,npm,,,Transitive,0,package-lock.json,package-lock.json
3210,p-limit,3.1.0,npm,,MIT,Transitive,0,package-lock.json,package-lock.json
3211,get-symbol-description,1.1.0,npm,,,Transitive,0,package-lock.json,package-lock.json
3212,sass-embedded-linux-musl-riscv64,1.98.0,npm,,,Transitive,0,package-lock.json,package-lock.json
3213,xdg-app-paths,8.3.0,npm,,MIT,Transitive,0,package-lock.json,package-lock.json
3214,@smithy/middleware-content-length,4.2.12,npm,,,Transitive,0,package-lock.json,package-lock.json
3215,yup,0.32.9,npm,,MIT,Transitive,0,package-lock.json,package-lock.json
3216,tough-cookie,5.1.2,npm,,,Transitive,0,package-lock.json,package-lock.json
3217,@insurance-wellness-hub/admin-e2e,,npm,,,Transitive,0,package-lock.json,package-lock.json
3218,@types/qs,6.15.0,npm,,,Transitive,0,package-lock.json,package-lock.json
3219,multer,2.1.1,npm,,,Transitive,0,package-lock.json,package-lock.json
3220,officecrypto-tool,0.0.19,npm,,,Direct,0,package-lock.json,package-lock.json
3221,esbuild-register,3.5.0,npm,,MIT,Transitive,0,package-lock.json,package-lock.json
3222,shallowequal,1.1.0,npm,,MIT,Transitive,0,package-lock.json,package-lock.json
3223,define-properties,1.2.1,npm,,MIT,Transitive,0,package-lock.json,package-lock.json
3224,@insurance-wellness-hub/opportunity-service,,npm,,,Transitive,0,package-lock.json,package-lock.json
3225,which-builtin-type,1.2.1,npm,,,Transitive,0,package-lock.json,package-lock.json
3226,events-universal,1.0.1,npm,,,Transitive,0,package-lock.json,package-lock.json
3227,micromark-util-resolve-all,2.0.1,npm,,MIT,Transitive,0,package-lock.json,package-lock.json
3228,minimatch,10.2.4,npm,,,Transitive,0,package-lock.json,package-lock.json
3229,@jsonjoy.com/fs-node,4.56.11,npm,,,Transitive,0,package-lock.json,package-lock.json
3230,@types/koa-compose,3.2.9,npm,,,Transitive,0,package-lock.json,package-lock.json
3231,ajv-formats,2.1.1,npm,,MIT,Transitive,0,package-lock.json,package-lock.json
3232,react-dom,18.3.1,npm,,,Direct,0,package-lock.json,package-lock.json
3233,@svgr/babel-plugin-svg-em-dimensions,8.0.0,npm,,MIT,Transitive,0,package-lock.json,package-lock.json
3234,arg,4.1.3,npm,,MIT,Transitive,0,package-lock.json,package-lock.json
3235,npm-normalize-package-bin,1.0.1,npm,,,Transitive,0,package-lock.json,package-lock.json
3236,apache-md5,1.1.8,npm,,MIT,Transitive,0,package-lock.json,package-lock.json
3237,@radix-ui/react-tooltip,1.0.7,npm,,MIT,Transitive,0,package-lock.json,package-lock.json
3238,decimal.js,10.6.0,npm,,,Transitive,0,package-lock.json,package-lock.json
3239,micromark-util-sanitize-uri,2.0.1,npm,,MIT,Transitive,0,package-lock.json,package-lock.json
3240,@esbuild/linux-ia32,0.20.2,npm,,MIT,Transitive,0,package-lock.json,package-lock.json
3241,@jsonjoy.com/buffers,17.67.0,npm,,,Transitive,0,package-lock.json,package-lock.json
3242,is-finalizationregistry,1.1.1,npm,,,Transitive,0,package-lock.json,package-lock.json
3243,color-string,2.1.4,npm,,,Transitive,0,package-lock.json,package-lock.json
3244,@radix-ui/react-compose-refs,1.1.2,npm,,,Transitive,0,package-lock.json,package-lock.json
3245,camel-case,4.1.2,npm,,MIT,Transitive,0,package-lock.json,package-lock.json
3246,p-locate,4.1.0,npm,,MIT,Transitive,0,package-lock.json,package-lock.json
3247,express,5.2.1,npm,,,Direct,0,package-lock.json,package-lock.json
3248,verror,1.10.0,npm,,MIT,Transitive,0,package-lock.json,package-lock.json
3249,vscode-uri,3.1.0,npm,,,Transitive,0,package-lock.json,package-lock.json
3250,process-warning,5.0.0,npm,,,Transitive,0,package-lock.json,package-lock.json
3251,hls.js,1.5.20,npm,,,Transitive,0,package-lock.json,package-lock.json
3252,http-server,14.1.1,npm,,MIT,Transitive,0,package-lock.json,package-lock.json
3253,formdata-polyfill,4.0.10,npm,,MIT,Transitive,0,package-lock.json,package-lock.json
3254,make-dir,4.0.0,npm,,MIT,Transitive,0,package-lock.json,package-lock.json
3255,supports-preserve-symlinks-flag,1.0.0,npm,,MIT,Transitive,0,package-lock.json,package-lock.json
3256,bindings,1.5.0,npm,,MIT,Transitive,0,package-lock.json,package-lock.json
3257,compression,1.8.1,npm,,,Transitive,0,package-lock.json,package-lock.json
3258,@insurance-wellness-hub/policy-service,,npm,,,Transitive,0,package-lock.json,package-lock.json
3259,sass-embedded-android-x64,1.98.0,npm,,,Transitive,0,package-lock.json,package-lock.json
3260,apps/services/scheduler-service,0.0.1,npm,,,Transitive,0,package-lock.json,package-lock.json
3261,find-versions,5.1.0,npm,,,Transitive,0,package-lock.json,package-lock.json
3262,http2-wrapper,2.2.1,npm,,MIT,Transitive,0,package-lock.json,package-lock.json
3263,@mui/styled-engine,7.3.9,npm,,,Transitive,0,package-lock.json,package-lock.json
3264,@verdaccio/file-locking,10.3.1,npm,,MIT,Transitive,0,package-lock.json,package-lock.json
3265,cjs-module-lexer,1.4.3,npm,,,Transitive,0,package-lock.json,package-lock.json
3266,ajv-draft-04,1.0.0,npm,,MIT,Transitive,0,package-lock.json,package-lock.json
3267,fork-ts-checker-webpack-plugin,7.2.13,npm,,,Transitive,0,package-lock.json,package-lock.json
3268,lz-string,1.5.0,npm,,MIT,Transitive,0,package-lock.json,package-lock.json
3269,@babel/plugin-syntax-optional-catch-binding,7.8.3,npm,,MIT,Transitive,0,package-lock.json,package-lock.json
3270,supports-color,5.5.0,npm,,MIT,Transitive,0,package-lock.json,package-lock.json
3271,bcryptjs,2.4.3,npm,,,Transitive,0,package-lock.json,package-lock.json
3272,file-loader,6.2.0,npm,,MIT,Transitive,0,package-lock.json,package-lock.json
3273,range-parser,1.2.1,npm,,MIT,Transitive,0,package-lock.json,package-lock.json
3274,multistream,4.1.0,npm,,MIT,Transitive,0,package-lock.json,package-lock.json
3275,pathe,2.0.3,npm,,,Transitive,0,package-lock.json,package-lock.json
3276,global-dirs,3.0.1,npm,,MIT,Transitive,0,package-lock.json,package-lock.json
3277,prettier-plugin-packagejson,2.5.2,npm,,MIT,Transitive,0,package-lock.json,package-lock.json
3278,@radix-ui/react-context,1.0.1,npm,,MIT,Transitive,0,package-lock.json,package-lock.json
3279,@svgr/babel-plugin-transform-react-native-svg,8.1.0,npm,,MIT,Transitive,0,package-lock.json,package-lock.json
3280,abab,2.0.6,npm,,BSD-3-Clause,Transitive,0,package-lock.json,package-lock.json
3281,knex,3.0.1,npm,,,Transitive,0,package-lock.json,package-lock.json
3282,@discoveryjs/json-ext,0.5.7,npm,,MIT,Transitive,0,package-lock.json,package-lock.json
3283,@radix-ui/react-progress,1.0.3,npm,,MIT,Transitive,0,package-lock.json,package-lock.json
3284,@esbuild/win32-x64,0.25.12,npm,,,Transitive,0,package-lock.json,package-lock.json
3285,archiver,5.3.2,npm,,MIT,Direct,0,package-lock.json,package-lock.json
3286,invariant,2.2.4,npm,,MIT,Transitive,0,package-lock.json,package-lock.json
3287,@img/sharp-libvips-linux-arm64,1.0.4,npm,,LGPL-3.0-only,Transitive,0,package-lock.json,package-lock.json
3288,@jest/transform,29.7.0,npm,,MIT,Transitive,0,package-lock.json,package-lock.json
3289,jest-environment-jsdom,29.7.0,npm,,MIT,Direct,0,package-lock.json,package-lock.json
3290,crc,3.8.0,npm,,MIT,Transitive,0,package-lock.json,package-lock.json
3291,jiti,2.4.2,npm,,,Direct,0,package-lock.json,package-lock.json
3292,@insurance-wellness-hub/report-service,,npm,,,Transitive,0,package-lock.json,package-lock.json
3293,@nx/devkit,21.6.10,npm,,,Transitive,0,package-lock.json,package-lock.json
3294,camelcase,6.3.0,npm,,MIT,Transitive,0,package-lock.json,package-lock.json
3295,is-promise,4.0.0,npm,,MIT,Transitive,0,package-lock.json,package-lock.json
3296,@types/lodash,4.17.24,npm,,,Transitive,0,package-lock.json,package-lock.json
3297,terser,5.46.1,npm,,,Transitive,0,package-lock.json,package-lock.json
3298,pathval,2.0.1,npm,,,Transitive,0,package-lock.json,package-lock.json
3299,resolve-from,5.0.0,npm,,MIT,Transitive,0,package-lock.json,package-lock.json
3300,xtend,4.0.2,npm,,MIT,Transitive,0,package-lock.json,package-lock.json
3301,@img/sharp-libvips-linux-s390x,1.0.4,npm,,LGPL-3.0-only,Transitive,0,package-lock.json,package-lock.json
3302,confbox,0.2.4,npm,,,Transitive,0,package-lock.json,package-lock.json
3303,tinybench,2.9.0,npm,,MIT,Transitive,0,package-lock.json,package-lock.json
3304,markdown-it-emoji,2.0.2,npm,,MIT,Transitive,0,package-lock.json,package-lock.json
3305,@aws-sdk/nested-clients,3.996.10,npm,,,Transitive,0,package-lock.json,package-lock.json
3306,@esbuild/linux-s390x,0.20.2,npm,,MIT,Transitive,0,package-lock.json,package-lock.json
3307,@rollup/rollup-linux-arm-musleabihf,4.59.0,npm,,,Transitive,0,package-lock.json,package-lock.json
3308,jsonc-eslint-parser,2.4.2,npm,,,Transitive,0,package-lock.json,package-lock.json
3309,@pnpm/config.env-replace,1.1.0,npm,,MIT,Transitive,0,package-lock.json,package-lock.json
3310,flagged-respawn,2.0.0,npm,,MIT,Transitive,0,package-lock.json,package-lock.json
3311,xmlbuilder,11.0.1,npm,,MIT,Transitive,0,package-lock.json,package-lock.json
3312,css-loader,6.11.0,npm,,,Transitive,0,package-lock.json,package-lock.json
3313,csso,5.0.5,npm,,MIT,Transitive,0,package-lock.json,package-lock.json
3314,type-fest,0.8.1,npm,,MIT,Transitive,0,package-lock.json,package-lock.json
3315,@esbuild/freebsd-x64,0.20.2,npm,,MIT,Transitive,0,package-lock.json,package-lock.json
3316,jsonfile,4.0.0,npm,,MIT,Transitive,0,package-lock.json,package-lock.json
3317,@testing-library/react,16.1.0,npm,,MIT,Direct,0,package-lock.json,package-lock.json
3318,asap,2.0.6,npm,,MIT,Transitive,0,package-lock.json,package-lock.json
3319,@babel/traverse,7.29.0,npm,,,Transitive,0,package-lock.json,package-lock.json
3320,@module-federation/enhanced,0.9.1,npm,,,Transitive,0,package-lock.json,package-lock.json
3321,@module-federation/managers,0.9.1,npm,,,Transitive,0,package-lock.json,package-lock.json
3322,@ai-sdk/gateway,1.0.29,npm,,,Transitive,0,package-lock.json,package-lock.json
3323,bytestreamjs,2.0.1,npm,,BSD-3-Clause,Transitive,0,package-lock.json,package-lock.json
3324,@azure/core-auth,1.10.1,npm,,,Transitive,0,package-lock.json,package-lock.json
3325,@smithy/util-base64,4.3.2,npm,,,Transitive,0,package-lock.json,package-lock.json
3326,@tsconfig/node14,1.0.3,npm,,MIT,Transitive,0,package-lock.json,package-lock.json
3327,lunr,2.3.9,npm,,MIT,Transitive,0,package-lock.json,package-lock.json
3328,memfs,3.5.3,npm,,,Transitive,0,package-lock.json,package-lock.json
3329,@smithy/fetch-http-handler,5.3.15,npm,,,Transitive,0,package-lock.json,package-lock.json
3330,apps/services/ai-service,0.0.1,npm,,,Transitive,0,package-lock.json,package-lock.json
3331,buffer-crc32,0.2.13,npm,,MIT,Transitive,0,package-lock.json,package-lock.json
3332,tr46,0.0.3,npm,,MIT,Transitive,0,package-lock.json,package-lock.json
3333,@rollup/rollup-linux-x64-musl,4.59.0,npm,,,Transitive,0,package-lock.json,package-lock.json
3334,@smithy/invalid-dependency,4.2.12,npm,,,Transitive,0,package-lock.json,package-lock.json
3335,bytes,3.1.2,npm,,,Transitive,0,package-lock.json,package-lock.json
3336,class-validator,0.14.4,npm,,,Direct,0,package-lock.json,package-lock.json
3337,which-collection,1.0.2,npm,,MIT,Transitive,0,package-lock.json,package-lock.json
3338,object.values,1.2.1,npm,,,Transitive,0,package-lock.json,package-lock.json
3339,swr,2.4.1,npm,,,Transitive,0,package-lock.json,package-lock.json
3340,@smithy/eventstream-serde-node,4.2.12,npm,,,Transitive,0,package-lock.json,package-lock.json
3341,dotenv-expand,12.0.3,npm,,,Transitive,0,package-lock.json,package-lock.json
3342,@types/follow-redirects,1.14.4,npm,,MIT,Transitive,0,package-lock.json,package-lock.json
3343,@types/d3-shape,3.1.8,npm,,,Transitive,0,package-lock.json,package-lock.json
3344,github-from-package,0.0.0,npm,,,Transitive,0,package-lock.json,package-lock.json
3345,domhandler,5.0.3,npm,,,Transitive,0,package-lock.json,package-lock.json
3346,@svgr/hast-util-to-babel-ast,8.0.0,npm,,MIT,Transitive,0,package-lock.json,package-lock.json
3347,@swc/core-linux-arm-gnueabihf,1.5.29,npm,,Apache-2.0,Transitive,0,package-lock.json,package-lock.json
3348,imurmurhash,0.1.4,npm,,,Transitive,0,package-lock.json,package-lock.json
3349,on-headers,1.1.0,npm,,,Transitive,0,package-lock.json,package-lock.json
3350,@module-federation/runtime-core,0.6.20,npm,,,Transitive,0,package-lock.json,package-lock.json
3351,@rollup/rollup-freebsd-arm64,4.59.0,npm,,,Transitive,0,package-lock.json,package-lock.json
3352,date-fns-tz,2.0.1,npm,,MIT,Transitive,0,package-lock.json,package-lock.json
3353,parse5,4.0.0,npm,,MIT,Transitive,0,package-lock.json,package-lock.json
3354,text-decoder,1.2.7,npm,,,Transitive,0,package-lock.json,package-lock.json
3355,stringify-entities,4.0.4,npm,,MIT,Transitive,0,package-lock.json,package-lock.json
3356,@types/passport,1.0.17,npm,,MIT,Transitive,0,package-lock.json,package-lock.json
3357,@typescript-eslint/types,8.19.0,npm,,,Transitive,0,package-lock.json,package-lock.json
3358,human-signals,1.1.1,npm,,Apache-2.0,Transitive,0,package-lock.json,package-lock.json
3359,ext-name,5.0.0,npm,,MIT,Transitive,0,package-lock.json,package-lock.json
3360,@insurance-wellness-hub/connector-service-e2e,,npm,,,Transitive,0,package-lock.json,package-lock.json
3361,@nx/eslint-plugin,20.6.1,npm,,,Direct,0,package-lock.json,package-lock.json
3362,@nestjs/schematics,9.2.0,npm,,MIT,Direct,0,package-lock.json,package-lock.json
3363,@smithy/eventstream-serde-universal,4.2.12,npm,,,Transitive,0,package-lock.json,package-lock.json
3364,media-tracks,0.3.4,npm,,,Transitive,0,package-lock.json,package-lock.json
3365,tapable,2.3.0,npm,,,Transitive,0,package-lock.json,package-lock.json
3366,color-convert,3.1.3,npm,,,Transitive,0,package-lock.json,package-lock.json
3367,character-entities,2.0.2,npm,,MIT,Transitive,0,package-lock.json,package-lock.json
3368,@webassemblyjs/helper-wasm-bytecode,1.13.2,npm,,MIT,Transitive,0,package-lock.json,package-lock.json
3369,resolve,1.22.11,npm,,,Transitive,0,package-lock.json,package-lock.json
3370,@napi-rs/canvas-linux-arm-gnueabihf,0.1.97,npm,,,Transitive,0,package-lock.json,package-lock.json
3371,@types/mdast,4.0.4,npm,,MIT,Transitive,0,package-lock.json,package-lock.json
3372,core-util-is,1.0.3,npm,,MIT,Transitive,0,package-lock.json,package-lock.json
3373,@rollup/rollup-openharmony-arm64,4.59.0,npm,,,Transitive,0,package-lock.json,package-lock.json
3374,axobject-query,4.1.0,npm,,Apache-2.0,Transitive,0,package-lock.json,package-lock.json
3375,ini,2.0.0,npm,,,Transitive,0,package-lock.json,package-lock.json
3376,@insurance-wellness-hub/config-service-e2e,,npm,,,Transitive,0,package-lock.json,package-lock.json
3377,array.prototype.tosorted,1.1.4,npm,,MIT,Transitive,0,package-lock.json,package-lock.json
3378,diff,4.0.4,npm,,,Transitive,0,package-lock.json,package-lock.json
3379,parse-path,7.1.0,npm,,,Transitive,0,package-lock.json,package-lock.json
3380,rollup,4.59.0,npm,,,Transitive,0,package-lock.json,package-lock.json
3381,detect-indent,7.0.2,npm,,,Transitive,0,package-lock.json,package-lock.json
3382,@babel/plugin-transform-modules-umd,7.27.1,npm,,,Transitive,0,package-lock.json,package-lock.json
3383,@iarna/toml,2.2.5,npm,,,Transitive,0,package-lock.json,package-lock.json
3384,@rollup/rollup-android-arm-eabi,4.59.0,npm,,,Transitive,0,package-lock.json,package-lock.json
3385,character-entities-legacy,3.0.0,npm,,MIT,Transitive,0,package-lock.json,package-lock.json
3386,pretty-ms,9.3.0,npm,,,Transitive,0,package-lock.json,package-lock.json
3387,scheduler,0.23.0,npm,,MIT,Transitive,0,package-lock.json,package-lock.json
3388,@types/http-assert,1.5.6,npm,,MIT,Transitive,0,package-lock.json,package-lock.json
3389,@types/triple-beam,1.3.5,npm,,MIT,Transitive,0,package-lock.json,package-lock.json
3390,@vitest/spy,3.2.4,npm,,,Transitive,0,package-lock.json,package-lock.json
3391,content-disposition,1.0.1,npm,,,Transitive,0,package-lock.json,package-lock.json
3392,whatwg-mimetype,3.0.0,npm,,MIT,Transitive,0,package-lock.json,package-lock.json
3393,fast-safe-stringify,2.1.1,npm,,MIT,Transitive,0,package-lock.json,package-lock.json
